id,model,completion,task,source,language
0,42dot/42dot_LLM-SFT-1.3B," 열기구는 열에너지를 이용하여 공기를 가열하고, 가열된 공기를 날개에 의해 상승시켜 작동합니다. 열기구는 열에너지를 생성하는 열원(예: 태양, 히트 펌프 등)과 열에너지를 전달하는 열전달 매체(예: 물, 기름 등)로 구성됩니다. 열기구는 열원과의 열전달 매체 간의 온도 차이를 이용하여 열에너지를 생성하고, 이를 열기구에 전달하여 날개",monolingual,native,ko
1,42dot/42dot_LLM-SFT-1.3B," 1. 상대방의 말에 대해 사실 확인을 요청하세요.
2. 상대방의 말에 대해 반박할 수 있는 근거를 제시하세요.
3. 상대방의 말에 대해 예의 바르게 대응하세요.
4. 상대방의 말에 대해 감정적으로 대응하지 마세요.
5. 상대방에게 사과를 요구하세요.",monolingual,native,ko
2,42dot/42dot_LLM-SFT-1.3B," 돼지엄마는 자녀 교육에 많은 투자를 하고, 자녀의 명문대 진학을 위해 노력하는 엄마들을 가리키는 은어입니다. 그러나 돼지엄마는 맹모와는 다른 개념으로, 귀부인이라는 네 가지 조건을 충족하는 여성들을 가리킵니다. 첫째, 이웃과 경쟁하지 않고, 고달프더라도 원망하지 않으며, 음식을 절제하고, 기쁜 일과 놀랄 일에도 평소와 다름없이 행동하는 것이 특징입니다.",monolingual,native,ko
3,42dot/42dot_LLM-SFT-1.3B, 콘크리트는 시멘트와 골재로 만들어집니다.,monolingual,native,ko
4,42dot/42dot_LLM-SFT-1.3B," 인구 감소는 경제에 다양한 영향을 미칠 수 있습니다. 일반적으로 인구 감소는 소비와 생산에 부정적인 영향을 미치며, 경제 성장과 안정성을 저해할 수 있습니다.

첫째로, 인구 감소는 소비의 감소를 초래할 수 있습니다. 인구가 감소하면 소비가 줄어들게 되는데, 이는 소비재와 서비스의 수요를 감소시키고 경제 성장을 둔화시킬 수 있습니다.

둘째로, 인구 감소는 생산에도 부정적인 영향을 미칠 수 있습니다. 인",monolingual,native,ko
5,42dot/42dot_LLM-SFT-1.3B," 자바와 파이썬의 장점과 단점은 다음과 같습니다:

장점:

1. 자바:
- 강력한 객체지향 프로그래밍 언어로서, 다양한 객체 타입과 클래스를 지원합니다.
- 대규모 애플리케이션 개발에 적합하며, 다양한 라이브러리와 프레임워크를 제공합니다.
- 다양한 플랫폼에서 실행 가능하며, 크로스 플랫폼 개발이 용이합니다.
- 자바 가상 머신(JVM)을 통해 실행되기 때문에, 다른 운영 체제",monolingual,native,ko
6,42dot/42dot_LLM-SFT-1.3B," 한국은 세계 제조업 경쟁력 지수에서 독일, 중국에 이어 3위를 차지하며 조선, 디스플레이, 석유화학, 자동차, 가공 공작기계, 철강 분야에서 경쟁력을 갖추고 있다. 그러나 10~20년 후에도 이러한 산업 경쟁력을 유지할지는 의문이다. 대중 수출 상위 10대 품목 중 9개의 경쟁력이 약화되었고, 대중 무역은 올해 적자로 돌아설 것으로 우려된다. 또한, TSMC를 앞세운 대만에 1인당 GDP가 역전되었으며, 반도체 한 품목이 수출의 20",monolingual,native,ko
7,42dot/42dot_LLM-SFT-1.3B," 슈필데스야레스는 독일의 도시로, 18세기부터 20세기 초까지 독일의 중요한 도시 중 하나였습니다. 이 도시는 역사적으로 많은 중요한 사건들이 일어난 곳으로 알려져 있습니다.

첫째로, 슈필데스야레스는 18세기 초에 독일의 주요 도시 중 하나로 성장했습니다. 이 도시는 당시 독일의 정치, 경제, 문화의 중심지였습니다. 이 시기에 슈필데스야레스는 독일의 정치적인 중심지로서 중요한 역할을",monolingual,native,ko
8,42dot/42dot_LLM-SFT-1.3B," 환경오염 문제를 다루는 과학 수업에서 다루기 좋은 주제 세 가지를 추천해 드리겠습니다.

1. 대기 오염: 대기 오염은 우리가 숨 쉬는 공기에 존재하는 유해 물질로 인해 발생하는 문제입니다. 학생들에게 대기 오염의 원인과 영향, 그리고 대기 오염을 줄이는 방법에 대해 배워보고 토론할 수 있습니다.

2. 수질 오염: 수질 오염은 물 속에 존재하는 유해 물질로 인해 발생하는 문제입니다. 학생들에게 수질 오염의",monolingual,native,ko
9,42dot/42dot_LLM-SFT-1.3B," 서울건강병원 산부인과 전문의와 기자의 인터뷰입니다.

서울건강병원 산부인과 전문의: 안녕하세요, 저는 서울건강병원 산부인과 전문의입니다. 서울아산병원에서 제공한 산모를 위한 식사요법에 대해 알고 계십니까?

기자: 네, 알고 있습니다. 서울아산병원에서 제공한 산모를 위한 식사요법은 어떤 내용인가요?

서울건강병원 산부인과 전문의: 맞습니다. 서울아산병원에서 제공한",monolingual,native,ko
10,42dot/42dot_LLM-SFT-1.3B," 가격 경쟁에서 이기기 위해 우리 회사가 할 수 있는 독창적인 가격 차별화 전략은 다음과 같습니다:

1. 제품/서비스의 가치 강조: 우리 회사는 제품/서비스의 가치를 강조하여 고객들에게 차별화된 경험을 제공할 수 있습니다. 예를 들어, 우리 회사의 제품은 다른 경쟁사 제품보다 더 혁신적이거나, 더 많은 기능을 제공하거나, 더 높은 품질을 가지고 있을 수 있습니다.

2. 가격 경쟁력 강화: 경쟁사보다 더 낮은 가격으로 제품을 제공하거나, 더",monolingual,native,ko
11,42dot/42dot_LLM-SFT-1.3B," [투자 발표 시나리오]

1. 소개 및 목표
- 스타트업 창업자 소개
- 목표: 고양이용 자율주행 장난감 개발 및 판매

2. 제품 개요
- 안전하고 호기심을 자극하는 디자인
- 자율주행 기술을 활용한 움직임 패턴
- 다양한 동물 소리 및 움직임 패턴 제공

3. 시장 분석
- 고양이 애호가 및 동물 애호가 시장 분석
- 성장 잠재력 및 시장 규모 예측

4. 제품 개발 과정
- 자율주행",monolingual,native,ko
12,42dot/42dot_LLM-SFT-1.3B," 메타(Meta)는 딥페이크 악용 사례가 늘면서 AI(인공지능) 이미지 정책을 내놓았습니다. 이를 통해 페이스북 모회사 메타는 AI로 생성된 이미지를 분명히 식별할 수 있게 할 예정입니다. 메타는 그동안 자체 AI 도구 '메타 AI'를 사용해 만든 이미지에 '이매진드 위드 AI'라는 꼬리표를 붙여왔는데, 이런 방식을 외부 AI 도구로 만든 콘텐츠에도 적용하겠다고 밝혔습니다. 메타는 AI 생성 이미지에 포함된",monolingual,native,ko
13,42dot/42dot_LLM-SFT-1.3B," 초등학생을 대상으로 불의 원리에 대한 재미있는 수업 계획안을 구체적으로 구상해 드리겠습니다.

수업 주제: 불의 원리

수업 목표:
1. 불의 원리에 대한 이해를 돕고 불의 특징과 성질을 설명한다.
2. 불의 원리를 이용하여 다양한 실험을 통해 불의 특성을 이해한다.
3. 불의 원리를 활용하여 창의적인 문제를 해결하는 능력을 기른다.

수업 내용:
1.",monolingual,native,ko
14,42dot/42dot_LLM-SFT-1.3B, 하이트진로가 제품 출고가를 인상하겠다고 예고한 뒤 소비자들 사이에서 우려가 커지고 있다. 식당가에서 또 1000원 인상이 이뤄질 것이란 판단 때문인데 소비자에게만 모든 부담이 전가되는 유통 구조란 지적이 나온다.,monolingual,native,ko
15,42dot/42dot_LLM-SFT-1.3B," 약과 레시피를 알려드리겠습니다. 약과는 전통적인 한국의 디저트로, 달콤하고 고소한 맛으로 유명합니다. 아래는 약과를 만드는 간단한 레시피입니다.

재료:

밀가루: 1컵
설탕: 1/2컵
물: 1/2컵
계란: 1개
박력분: 1/2컵
소금: 약간
식용유: 적당량

만드는 법:

1",monolingual,native,ko
16,42dot/42dot_LLM-SFT-1.3B," 현대인들은 스트레스, 과로, 만성두통으로 인해 수면질환에 시달리고 있다. 전문가들은 이 중 코골이, 수면무호흡증 등의 수면질환이 원인일 수 있다고 지적한다. 신홍범 코슬립수면클리닉 원장은 수면무호흡증 환자의 두통 통증 유병률이 57%로 나타났으며, 양압기 치료를 통해 통증 강도가 유의하게 감소했다고 설명했다. 수면무호흡증은 코골이가 한층",monolingual,native,ko
17,42dot/42dot_LLM-SFT-1.3B," 바이킹은 북유럽 신화와 전설에서 등장하는 영웅적인 민족으로, 그들의 존재는 약 1000년 전부터 시작되었습니다. 바이킹은 주로 북유럽의 스칸디나비아 반도와 북대서양 연안 지역에서 살았으며, 주로 해상 무역과 전투를 통해 자신들의 영토를 확장했습니다. 바이킹은 주로 노예와 노획물을 이용하여 자원을 획득하고, 그들의 문화와 기술은 북유럽의 다른 지역으로 전파되었습니다. 바이킹은 그들의 용기와 결",monolingual,native,ko
18,42dot/42dot_LLM-SFT-1.3B," 불만 고객 응대의 중요성과 응대 방법

고객 서비스의 중요성은 아무리 강조해도 지나치지 않다. 고객은 기업의 가장 중요한 자산이며, 그들의 만족은 기업의 성공과 직결된다. 따라서 고객 서비스의 질은 기업의 이미지와 평판에 큰 영향을 미친다.

고객은 항상 만족할 수 있는 서비스를 원한다. 그러나 현실적으로 모든 고객이 만족할 수 있는 서비스는 존재하지 않는다. 따라서 고객은 불만사항을 제기하고, 기업은 이를 해결하기 위해 노력",monolingual,native,ko
19,42dot/42dot_LLM-SFT-1.3B," 국내 주요 게임사들이 설 명절을 맞아 자사 게임에서 다양한 이벤트를 연다. 넥슨은 인기 게임 15종에서 각종 이벤트를 진행하며, '서든어택'은 접속 보상 이벤트를 실시한다. 엔씨소프트는 총 10종의 게임에서 이벤트를 선보이며, 리니지M에서는 특별 선물을 제공한다. 넷마블은 13종의 게임에서 특별 이벤트를 진행하며, '세븐나이츠 키우기'는 접속만 해도 다양한 보상을 제공한다.",monolingual,native,ko
20,42dot/42dot_LLM-SFT-1.3B," 직원들의 작업효율을 늘릴 수 있는 몇 가지 방법을 제안해드리겠습니다:

1. 작업환경 개선: 작업환경을 개선하여 직원들이 편안하고 효율적으로 작업할 수 있는 환경을 조성해주세요. 작업공간을 넓게 배치하고, 조명이나 소음 등을 조절하여 집중력을 높일 수 있도록 도와주세요.

2. 작업 프로세스 최적화: 작업 프로세스를 최적화하여 직원들이 더 효율적으로 작업할 수 있도록 도와주세요. 예를 들어, 작업의 우선순위를 정",monolingual,native,ko
21,42dot/42dot_LLM-SFT-1.3B," 원격근무제도의 장점과 단점

장점:
1. 직원들의 생산성 향상: 원격근무제도를 도입하면 직원들은 지리적 제약 없이 일할 수 있으므로 업무 효율성이 향상될 수 있습니다.
2. 비용 절감: 원격근무제도를 도입하면 사무실 임대료, 직원 급여, 출퇴근 비용 등을 줄일 수 있습니다.
3. 유연한 근무 시간: 직원들은 자신의 생활 패턴에 맞게 근무 시간을 조절할 수 있으므로 개인적인 삶의 질이 향상될",monolingual,native,ko
22,42dot/42dot_LLM-SFT-1.3B," 연말 행사를 진행하기 위해 장소를 섭외하는 것은 중요한 단계입니다. 아래는 몇 가지 고려해야 할 사항과 고려해야 할 옵션을 안내해 드리겠습니다:

1. 예산: 행사 예산을 고려해야 합니다. 예산이 제한적이라면, 가능한 한 예산을 최대한 활용하는 것이 중요합니다.

2. 장소 선택: 행사 장소를 선택할 때는 다음과 같은 요소를 고려해야 합니다:
   - 접근성: 교통이 편리한 장소를 선택해야 합니다. 대중교통",monolingual,native,ko
23,42dot/42dot_LLM-SFT-1.3B," 코랄, 주말에 애들이랑 뭐 하고 놀아줘야 할지 막막하네. 6살 여자아이, 3살 남자아이와 함께 할 수 있는 놀이 아이디어 5가지를 제시해드릴게요.

1. 블록 놀이: 블록은 아이들이 창의력을 발휘하고 조립하는 데 도움을 줄 수 있는 좋은 도구입니다. 블록을 사용하여 다양한 모양과 크기의 집을 만들어보세요.
2. 그림 그리기: 아이들과 함께 그림을 그리며 창의력을 발휘해보세요",monolingual,native,ko
24,42dot/42dot_LLM-SFT-1.3B," 회사에서 상벌점제를 실시하는 경우, 다음과 같은 상황에서 상점과 벌점을 받을 수 있습니다:

1. 업무 성과: 업무 수행 시 목표 달성에 실패하거나, 업무의 품질이 낮을 경우 상점과 벌점을 받을 수 있습니다.
2. 업무 태도: 업무 태도가 불성실하거나, 업무에 대한 책임감이 부족할 경우 상점과 벌점을 받을 수 있습니다.
3. 규정 위반: 회사 내 규정을 위반한 경우 상점과 벌점을",monolingual,native,ko
25,42dot/42dot_LLM-SFT-1.3B," 숙박업소의 한달 예약일과 숙박비를 알려주시면, 한달에 300만원을 벌기 위해 필요한 예약일과 숙박비를 계산해 드릴 수 있습니다.

먼저, 숙박업소의 한달 예약일을 계산해 보겠습니다.

한달 예약일 = 300만원 / 예약일 수 = 300만원 / 30일 = 10일

이제 숙박비를 계산해 보겠습니다.

숙박비 = 300만원 / 숙박일 수 = 300만원 / 30일 = 10일

따라서",monolingual,native,ko
26,42dot/42dot_LLM-SFT-1.3B," 대안: 병원 주변에 대한 청결 상태를 개선하기 위해 다음과 같은 조치를 취할 수 있습니다.

1. 청소 및 위생 교육 강화: 직원들에게 병원 주변 청결에 대한 교육과 훈련을 제공하여 청결 유지에 대한 인식을 높입니다.
2. 정기적인 청소 및 위생 점검: 병원 주변을 정기적으로 청소하고, 위생 상태를 점검하여 청결 상태를 유지합니다.
3. 병원 주변 환경 개선: 병원 주변 환경을 개선하기 위해, 쓰레기통과 재활용",monolingual,native,ko
27,42dot/42dot_LLM-SFT-1.3B," 1. 시장 조사: 프랜차이즈로 전환하려는 소매점의 시장 상황을 조사하고, 경쟁사와의 차별화 요소를 파악해야 합니다.
2. 브랜드 이미지: 프랜차이즈로 전환하는 소매점의 브랜드 이미지를 고려해야 합니다.
3. 운영 방식: 프랜차이즈로 전환하는 소매점의 운영 방식을 검토하고, 효율적인 운영 방식을 선택해야 합니다.
4. 인력 관리: 프랜차이즈로 전환하는 소매점의 인력 관리 방식을 검토하고, 효율적인 인력 관리를 위한 전략을 수립해야 합니다.
",monolingual,native,ko
28,42dot/42dot_LLM-SFT-1.3B, 다음 주에도 글로벌 경제지표가 발표를 앞두고 있다. 인베스팅닷컴 경제캘린더에서 미국의 주간 증시 전망을 살펴보자. 16일(현지시간) 미국 경제의 현재 페이스를 알려주는 지표인 미국의 10월 근원 소매판매가 발표될 예정이다. 이번에는 전월 대비 1% 증가할 것으로 예상되고 있다.,monolingual,native,ko
29,42dot/42dot_LLM-SFT-1.3B," 긍정적인 후기:
- 항공료가 다른 항공사대비 조금 높은 것 같아.
- 체크인 하는데 너무 오래 걸렸어. 창구를 늘려야 할 것 같아.
- 체크인 카운터 위치를 찾기가 너무 힘들었어.
- 이륙 시간이 계속 지연되어서 연결편을 놓칠 뻔했어.
- 기내에 담요가 청결상태가 좋지 못했어.
- 승무원들의 서비스는 정말 훌륭했어.
- 기내식 JMT",monolingual,native,ko
30,42dot/42dot_LLM-SFT-1.3B," 퍼스널 브랜딩을 위한 몇 가지 아이디어를 제안해 드리겠습니다:

1. 온라인 포트폴리오: 자신의 디자인 작업물을 온라인 포트폴리오에 업로드하여 다른 디자이너들과 공유하세요. 포트폴리오에는 작업한 프로젝트, 사용한 디자인 요소, 사용한 기술 등을 포함시킬 수 있습니다. 이를 통해 자신의 디자인 실력과 역량을 보여줄 수 있습니다.

2. 소셜 미디어 활용: 인스타그램, 페이스북, 트위터 등의 소셜 미디어 플랫폼을 활용하여 자신의 디자인 작업물을 공유하세요. 이를 통해",monolingual,native,ko
31,42dot/42dot_LLM-SFT-1.3B," 20일간 요리 학원에서 수업계획표를 짜고 있습니다. 매일 한 가지씩 한식 요리를 가르쳐야 하는데, 20가지 요리를 일자 목록으로 제안해 주시면 감사하겠습니다.",monolingual,native,ko
32,42dot/42dot_LLM-SFT-1.3B," 초등학교 디지털 시민의식 교육 전략

주제: 디지털 시민의식

목표:

1. 디지털 시민의식을 갖춘 미래 세대를 육성한다.
2. 디지털 환경에서 안전하고 책임감 있는 행동을 촉진한다.
3. 디지털 시민의식을 통해 창의적이고 협력적인 시민으로 성장한다.

수업 계획:

1. 디지털 시민의식의 개념 소개
   - 디지털 시민의식의 의미와 중요성 설명
   -",monolingual,native,ko
33,42dot/42dot_LLM-SFT-1.3B," 오래 앉아 있는 것은 건강에 여러 가지 영향을 미칠 수 있습니다. 일반적으로 앉아 있는 시간이 길어질수록 다음과 같은 문제가 발생할 수 있습니다:

1. 비만: 앉아 있는 시간이 길어질수록 체중이 증가할 수 있습니다. 이는 비만과 관련된 건강 문제를 유발할 수 있습니다.
2. 혈압 상승: 앉아 있는 시간이 길어질수록 혈압이 상승할 수 있습니다. 이는 고혈압, 심혈관 질환, 뇌졸중 등의 위험을 증가시킬 수",monolingual,native,ko
34,42dot/42dot_LLM-SFT-1.3B," 길거리 음식 판매는 일반적으로 불법이 아닙니다. 대부분의 국가에서는 길거리 음식 판매를 허용하고 있으며, 일부 국가에서는 특정 규정을 준수해야 할 수도 있습니다. 그러나 길거리 음식 판매의 합법성은 국가 및 지역에 따라 다를 수 있으므로, 해당 국가의 법률과 규정을 확인하는 것이 중요합니다.",monolingual,native,ko
35,42dot/42dot_LLM-SFT-1.3B," 1. 생태계 교란: 먹이를 주는 것은 다른 동물들에게도 영향을 미칠 수 있습니다. 먹이를 주는 동물들은 다른 동물들에게 먹이를 제공하여 생태계의 균형을 깨뜨릴 수 있습니다. 이로 인해 다른 동물들은 먹이를 찾기 위해 더 많은 에너지를 소비하거나, 다른 동물들에게 먹이를 빼앗길 수 있습니다.

2. 건강 문제: 먹이를 주는 동물들은 다른 동물들에게 먹이를 제공하기 위해 과도한 양의 에너지를 소비할 수 있습니다. 이로 인해 동물",monolingual,native,ko
36,42dot/42dot_LLM-SFT-1.3B," 가상 현실이 의료 분야에 통합되면 환자들은 실제 환경에서 치료 및 의료 교육을 받을 수 있습니다. 이는 환자들에게 현실적이고 안전한 환경에서 치료 및 교육을 받을 수 있는 기회를 제공하며, 의료진들에게는 보다 효율적이고 효과적인 치료 방법을 개발할 수 있는 도구를 제공합니다.

가상 현실은 현실적인 환경에서 치료 및 교육을 제공함으로써 환자들의 치료 경험을 향상시킬 수 있습니다. 예를 들어, 가상 현실을 통해 환자들은 실제 수술을 체험하고, 수술 도구를 조작하며,",monolingual,native,ko
37,42dot/42dot_LLM-SFT-1.3B," 소비자들이 매트리스를 고를 때 고려하는 점들은 다음과 같습니다:

1. 편안함: 매트리스는 수면 시 몸을 지지하고 편안함을 제공해야 합니다. 따라서 매트리스의 탄력성과 지지력이 중요합니다.

2. 가격: 매트리스는 가격대에 따라 다양한 종류와 품질이 있습니다. 예산에 맞는 가격대를 고려하여 선택하는 것이 중요합니다.

3. 소재: 매트리스는 소재에 따라 내구성과 편안함이 달라질 수",monolingual,native,ko
38,42dot/42dot_LLM-SFT-1.3B," 1. 스타듀 밸리 (StarDuValley)
2. 스타듀 (StarDu)
3. 밸리 (Valley)
4. 스타듀 밸리 (StarDuValley)
5. 스타듀 (StarDu)",monolingual,native,ko
39,42dot/42dot_LLM-SFT-1.3B," 친환경 에너지는 환경 보호와 지속 가능한 발전을 위해 필요한 에너지 형태입니다. 다음은 친환경 에너지가 필요한 이유입니다:

1. 환경 보호: 친환경 에너지는 화석 연료 대신 재생 가능한 자원을 사용하여 생산됩니다. 이는 대기 오염, 온실 가스 배출 및 자원 고갈과 같은 환경 문제를 완화하는 데 도움이 됩니다.

2. 지속 가능한 발전: 친환경 에너지는 지속 가능한 발전을 위한 중요한 요소입니다. 재생 가능한 자원은 한정되어 있으며, 친환경 에",monolingual,native,ko
40,42dot/42dot_LLM-SFT-1.3B," 바이든 행정부는 2025년까지 미국 여러 도시에서 노숙자를 25% 줄이겠다는 목표를 세우고, 이를 달성하기 위해 저소득층을 위한 저렴한 주택 공급을 늘리는 연방정부 차원의 노숙자 '올인' 전략을 발표했다. 이 전략은 저소득층을 위한 아파트 건설을 촉진하고, 주택 공급에 장애가 되는 규제를 개선하며, 세입자를 거부하지 않도록 설득하는 캠페인을 진행한다. 또한, 임시 보호소 확대, 정신질환과 중독 치료 지원 강화, 저소득층에게 직업교육",monolingual,native,ko
41,42dot/42dot_LLM-SFT-1.3B," 이어폰과 헤드폰은 음향 기기로서 주로 소리를 전달하는 방식에서 차이가 있습니다.

이어폰은 이어컵에 이어폰을 삽입하여 소리를 전달하는 방식입니다. 주로 귀에 직접 착용하여 소리를 전달하며, 외부 소음을 차단하기 위해 이어컵에 이어폰을 삽입합니다.

헤드폰은 이어컵에 이어폰을 삽입하지 않고, 헤드밴드에 이어폰을 고정하여 사용하는 방식입니다. 주로 귀에 착용하여",monolingual,native,ko
42,42dot/42dot_LLM-SFT-1.3B," 1. ""근속 3년 사원들의 업무 향상을 위한 창의적인 방법""
2. ""업무 향상을 위한 창의적인 아이디어와 전략""
3. ""근속 3년 사원들의 업무 향상을 위한 창의적인 워크샵""
4. ""창의적인 업무 향상을 위한 근속 3년 사원들의 아이디어""
5. ""창의적인 업무 향상을 위한 근속 3년 사원들의 사례 연구""",monolingual,native,ko
43,42dot/42dot_LLM-SFT-1.3B," 디지털 노마드는 인터넷과 연결된 디지털 기술을 활용하여 일하는 사람들을 일컫는 용어입니다. 이들은 지리적 제약 없이 인터넷을 통해 어디서든 일하고 소통하며, 자신의 시간과 장소에 구애받지 않고 일합니다. 디지털 노마드는 인터넷을 통해 업무와 생활의 경계를 허물고, 창의적인 아이디어와 혁신적인 접근 방식을 통해 새로운 비즈니스 모델을 창출합니다. 이들은 디지털 기술을 활용하여 자신의 전문성을 강화하고, 새로운 기회를 창출하며, 글로벌 네트워크를 통해 협업",monolingual,native,ko
44,42dot/42dot_LLM-SFT-1.3B," 연구팀은 흡연으로 인한 면역 반응의 차이가 나이나 성별, 유전 요인 등 수정할 수 없는 요소로 인한 차이만큼 크다고 설명했다. 연구 결과는 흡연이 인체 건강에 미치는 영향에 대한 새로운 통찰과 면역 반응의 변동성에 대한 이해를 높여준다. 이런 변수가 면역 반응에 미치는 영향을 이해하면 치료법과 백신 설계를 개선할 수 있을 것이다.",monolingual,native,ko
45,42dot/42dot_LLM-SFT-1.3B," 1. 회사에서 가장 중요하게 생각하는 가치는 무엇인가요?
2. 마케팅팀에서 어떤 역할을 맡고 싶으신가요?
3. 마케팅 전략 수립 시 어떤 요소를 고려하시나요?
4. 마케팅 캠페인의 성공 요인은 무엇이라고 생각하시나요?
5. 마케팅 팀원들과의 협업 시 어떤 방식으로 일하고 계신가요?
6. 마케팅 전략의 성공을 위해 어떤 도구를 사용하시나요?
7. 마케팅 캠페인의 효과를 측정하는 방법은 무엇인가요?
8. 마케팅",monolingual,native,ko
46,42dot/42dot_LLM-SFT-1.3B," 1. 생태계 교란: 먹이를 주는 것은 다른 동물들에게도 영향을 미칠 수 있습니다. 먹이를 주는 동물들은 다른 동물들에게도 먹이를 제공하게 되어, 생태계의 균형이 깨질 수 있습니다. 이로 인해 다른 동물들이 먹이를 찾거나 생존에 어려움을 겪을 수 있습니다.

2. 건강 문제: 먹이를 주는 동물들은 다른 동물들에게도 먹이를 제공하게 되어, 영양 결핍이나 건강 문제가 발생할 수 있습니다. 먹이를 주는 동물들은 다른 동물",monolingual,native,ko
47,42dot/42dot_LLM-SFT-1.3B," 디지털 시민성 교육은 교실에서 시작해야 합니다. 초등학교 학생들은 디지털 시대에 살고 있기 때문에 디지털 시민성을 배우는 것이 중요합니다. 디지털 시민성은 인터넷과 디지털 기기를 올바르게 사용하고, 다른 사람들과 존중하며, 온라인에서 안전하고 책임감 있게 행동하는 능력을 말합니다.

디지털 시민성은 인터넷과 디지털 기기를 올바르게 사용하는 것부터 시작됩니다. 학생들은 인터넷을 사용할 때 개인정보를 보호하고, 다른 사람들의 권리를 존중해야 합니다. 또한, 온라인",monolingual,native,ko
48,42dot/42dot_LLM-SFT-1.3B," 1. 구텐베르크의 인쇄기 (1455년) - 인쇄술의 발명으로 책의 대량 생산과 보급이 가능해져 지식의 확산과 문화 발전에 큰 영향을 끼쳤다.

2. 전화기 (1876년) - 전화기의 발명으로 커뮤니케이션의 혁신과 국제 통신의 발전에 큰 역할을 했다.

3. 자동차 (1886년) - 자동차의 발명으로 이동 수단의 혁신과 교통 체계의 변화를 가져왔다.

4. 인터넷",monolingual,native,ko
49,42dot/42dot_LLM-SFT-1.3B," 4D 영화와 2D 영화는 다음과 같은 차이점이 있습니다:

1. 시각적 경험: 4D 영화는 특수한 의자와 진동 시스템 등을 사용하여 관객에게 더욱 현실적이고 몰입감 있는 시각적 경험을 제공합니다. 반면에 2D 영화는 평면적인 화면과 단순한 시각적 경험을 제공합니다.

2. 체감 시간: 4D 영화는 관객이 의자에 앉은 상태에서 진동, 바람, 향기 등 다양한 감각 요소를 경험할 수 있습니다",monolingual,native,ko
50,42dot/42dot_LLM-SFT-1.3B," 잔치국수 레시피

재료:

국수: 잔치국수
물: 4컵
고명: 김치, 계란, 당근, 양파, 대파, 고추장, 고춧가루, 다진 마늘, 소금, 후추

1. 국수를 삶아 찬물에 헹구어 물기를 뺀다.
2. 냄비에 물을 붓고 고추장, 고춧가루, 다",monolingual,native,ko
51,42dot/42dot_LLM-SFT-1.3B," 한국에서 합법적으로 무기를 제작하는 방법은 다음과 같습니다:

1. 무기 제작을 위한 허가 신청:
   - 경찰청 또는 지방경찰청의 허가 담당 부서에서 무기 제작을 위한 허가 신청을 할 수 있습니다.
   - 허가 신청 시에는 허가 신청서와 함께 무기 제작에 필요한 재료와 도구, 안전 규정 등을 제출해야 합니다.

2. 허가 심사:
   - 허가 신청이 접수되면, 허가 담당 부서에서는 심사를 진행합니다.",monolingual,native,ko
52,42dot/42dot_LLM-SFT-1.3B, 플라스틱은 분해되는 데 일반적으로 약 500년이 소요됩니다.,monolingual,native,ko
53,42dot/42dot_LLM-SFT-1.3B," ""맛과 영양을 동시에! 국밥 밀키트로 집에서 즐기는 특별한 한 끼!""",monolingual,native,ko
54,42dot/42dot_LLM-SFT-1.3B," 칠리(Chili)는 매운 고추 소스로 유명한 요리입니다. 칠리는 다양한 재료와 함께 조리되어 맛과 향이 풍부하며, 다양한 요리에 사용됩니다. 아래는 칠리를 만드는 훌륭한 요리법 몇 가지입니다:

1. 칠리 파우더 사용법:
   - 칠리 파우더를 준비합니다.
   - 파우더를 물에 섞어 소스를 만듭니다.
   - 소스를 끓는",monolingual,native,ko
55,42dot/42dot_LLM-SFT-1.3B, 브랜드 옹호는 브랜드의 가치와 매력을 인정하고 지지하는 행동이나 태도를 의미합니다.,monolingual,native,ko
56,42dot/42dot_LLM-SFT-1.3B," 1. ""지리학: 도시의 진화""
이 수업은 지리학적인 관점에서 도시의 발전과 변화를 탐구하는 것을 목표로 합니다. 학생들은 도시의 지리적 위치, 인구 이동, 교통 네트워크, 환경 조건 등과 같은 요소들이 도시의 발전과 진화에 어떤 영향을 미치는지 분석하고, 도시의 다양한 측면을 이해하는 데 초점을 맞춥니다.

2. ""지리학: 자연재해와 인간의 대응""
이 수업은 지리학적인",monolingual,native,ko
57,42dot/42dot_LLM-SFT-1.3B, 일본 낸드플래시 제조업체인 키옥시아가 실적 악화로 인해 SK하이닉스도 큰 폭의 손실을 입었다. 키옥시아 투자자산 평가손실이 영업 외 일회성 손실에 반영되면서 SK하이닉스는 2023년 4분기까지 다섯 개 분기 연속 당기순손실을 이어갔다. 키옥시아의 실적 악화로 인해 SK하이닉스는 갖고 있는 키옥시아 지분을 매각해 추가적인 투자재원을 마련할 수 있다. 키옥시아는 낸드,monolingual,native,ko
58,42dot/42dot_LLM-SFT-1.3B," 1. BLE (블루투스 저에너지)
2. BLE 스택
3. BLE 프로토콜",monolingual,native,ko
59,42dot/42dot_LLM-SFT-1.3B," 미분과 적분은 수학에서 사용되는 개념으로, 미분은 주어진 함수의 도함수를 구하는 것이고, 적분은 주어진 함수의 도함수를 이용하여 함수의 값을 구하는 것입니다.

미분은 주어진 함수의 도함수를 구하는 것으로, 함수의 변화율을 구하는 것입니다. 예를 들어, 함수 f(x) = x^2의 도함수는 f'(x) = 2x입니다.

적분은 주어진 함수의 도",monolingual,native,ko
60,42dot/42dot_LLM-SFT-1.3B," 다음 논문의 연구가 도움이 될 만한 기관은 다음과 같습니다:

1. 한국학중앙연구원: 한국학중앙연구원은 한국학 연구와 교육을 담당하는 기관으로, 한국학 관련 연구 논문을 출판하고 있습니다.
2. 한국사회과학자료원: 한국사회과학자료원은 한국 사회과학 분야의 학술지, 학술대회, 연구보고서 등을 출판하는 기관입니다.
3. 한국학술정보원: 한국학술정보원은 학술정보의 수집, 보존,",monolingual,native,ko
61,42dot/42dot_LLM-SFT-1.3B," 무상급식의 장점은 다음과 같습니다:

1. 영양 공급: 무상급식은 영양가 있는 식사를 제공하여 학생들의 건강을 증진시킵니다.
2. 경제적 부담 완화: 무상급식은 저소득층 가정의 학생들에게 경제적 부담을 덜어줍니다.
3. 교육적 효과: 무상급식은 학생들의 식습관 개선과 건강한 식단 유지에 도움을 주어 학습능력을 향상시킵니다.

무상급식의 단점은 다음과 같습니다:
",monolingual,native,ko
62,42dot/42dot_LLM-SFT-1.3B," 금융감독원이 SM엔터테인먼트 인수 과정에서의 주가 조작 의혹과 관련하여 카카오 법인에 대한 처벌을 검토하고 있다는 기사입니다. 카카오 법인이 형사처벌을 받을 경우 카카오뱅크의 대주주 자격을 박탈당하게 될 것으로 예상되며, 이는 핵심 금융계열사를 포기해야 할 위기에 놓인다는 지적을 받고 있습니다. 이복현 금융감독원장은 불법 거래를 통해 이룩하고자 하는 기업적 구조가 있다면 그 목적을 달성하지 못하도록 하는 것이 국민들이 기대하는 감정에 맞다고 밝히",monolingual,native,ko
63,42dot/42dot_LLM-SFT-1.3B," 제목: 경쟁이 학생들의 행복에 미치는 영향: 경쟁과 행복의 관계에 대한 연구

서론:
경쟁은 현대 사회에서 중요한 요소로 간주되며, 학생들의 행복에도 영향을 미칠 수 있습니다. 본 연구는 경쟁이 학생들의 행복에 미치는 영향을 조사하고, 경쟁과 행복의 관계에 대한 이해를 도모하고자 합니다.

본론:

1. 경쟁과 행복의 관계:
경쟁은 학생들의 행복에 긍정적인 영향을 미칠 수 있습니다. 경쟁이 치열할수록 학생들은",monolingual,native,ko
64,42dot/42dot_LLM-SFT-1.3B," 낚시놀이터
물고기 친구들
해피피쉬 낚시카페
어장의 달인

낚시카페의 이름에는 재미와 특이함을 동시에 담아내면 좋겠습니다. 낚시놀이터는 놀이와 낚시를 결합한 이름으로, 물고기 친구들은 물고기와 친근한 관계를 형성하는 이미지를 나타내며, 해피피쉬 낚시카페는 행복과 즐거움을 상징하는 카페 이름입니다. 어장의 달인은 어장에서의 전문가적인 이미지를",monolingual,native,ko
65,42dot/42dot_LLM-SFT-1.3B," 워라밸은 일과 삶의 균형, 즉 일과 개인 생활의 조화를 의미합니다. 이는 현대 사회에서 중요한 가치로 여겨지며, 많은 사람들이 일과 개인 생활의 균형을 유지하기 위해 노력하고 있습니다. 워라밸은 개인의 삶의 질을 향상시키고, 생산성을 향상시키며, 직장 내 스트레스와 불안을 감소시키는 데 도움을 줍니다. 또한, 워라밸은 가족과의 시간을 더 많이 가질 수 있게 해주며, 개인적인 성장과 발전을 촉진하는 데",monolingual,native,ko
66,42dot/42dot_LLM-SFT-1.3B," 의사들의 밥그릇은 유독 크고 견고하며, 의사들의 밥그릇을 양보하라는 요구가 가끔 있었지만 의사들은 결코 뺏기지 않았다. 의사들의 밥그릇은 의사의 튼튼한 밥그릇으로 여겨져 왔으며, 의사들의 밥그릇을 양보하라는 요구가 있었으나 의사들은 결코 뺏기지 않았다. 의사들의 밥그릇은 의사의 몸값을 밀어 올리며, 한국 개원의의 평균 소득은 2020년",monolingual,native,ko
67,42dot/42dot_LLM-SFT-1.3B," 미국에서 회사를 설립할 때, 소규모 창업으로 진행하고자 한다면 LLC(Limited Liability Company)를 추천합니다. LLC는 개인 사업자와 법인 사업자의 장점을 결합한 형태로, 개인 사업자는 자신의 책임과 소득에 대해 책임을 지고, 법인은 개인 사업자의 부채에 대해 책임을 지지 않습니다.

LLC는 다음과 같은 장점을 가지고 있습니다:

1. 개인 사업자의 책임과 소득에 대한 책임: LLC는 개인 사업자의 책임과 소득에 대한 책임을 지",monolingual,native,ko
68,42dot/42dot_LLM-SFT-1.3B," 악세사리를 더 돋보이게 디스플레이하는 방법은 다음과 같습니다:

1. 다양한 악세사리 스타일링 아이디어 제공: 악세사리를 구매할 때, 다양한 스타일링 아이디어를 제공하여 고객들이 자신만의 스타일을 찾을 수 있도록 도와줍니다. 예를 들어, ""이 악세사리는 어떤 옷과 잘 어울릴까요?""와 같은 질문을 통해 고객들이 자신만의 스타일링을 시도해볼 수 있도록 유도합니다.

2. 다양한 악세사리 스타일링 사진",monolingual,native,ko
69,42dot/42dot_LLM-SFT-1.3B," 2020년대 명품 시장은 다양한 트렌드와 변화를 경험하고 있습니다. 몇 가지 주요 트렌드는 다음과 같습니다:

1. 지속 가능성: 환경 문제와 사회적 책임에 대한 관심이 증가하면서, 명품 브랜드들은 지속 가능한 소재와 생산 방식을 채택하고 있습니다. 재활용 가능한 소재, 친환경 생산 방식, 윤리적인 공급망 등이 주목받고 있습니다.

2. 디지털 마케팅: 디지털 마케팅이 명품 시장에서 중요한 역할을 하고 있습니다. 소셜 미디어, 온라인 플랫폼, 디지털 광고 등을 통해 브랜드 인지도를 높이고, 소비자",monolingual,native,ko
70,42dot/42dot_LLM-SFT-1.3B," 백화점 업계는 올해 지점 확장보다는 리뉴얼 투자를 통한 안정적인 수익성에 집중, 내실을 다질 계획이다. 아울러 중형급 점포의 프리미엄 브랜드 강화에 집중할 전망이다. 당분간 신규 출점이 없는 백화점 업계는 고급 브랜드를 보강해 매출을 끌어올리겠단 복안이다. 신세계 광주와 더현대 광주는 2027∼2028년, 롯데백화점 전주점은 2028년 개장할 예정이다.",monolingual,native,ko
71,42dot/42dot_LLM-SFT-1.3B," 이슈3: 화재의 위험이 있다.
해결책: 화재 예방을 위한 안전장치 및 시스템을 도입한다.",monolingual,native,ko
72,42dot/42dot_LLM-SFT-1.3B," 상아탑은 구약성경에서 목이 상아로 만들어진 탑과 관련된 구절에서 유래된 말로, 프랑스의 비평가 생 트뵈브가 낭만파 시인 알프레드 비니의 시에 대해 비판하면서 사용되기 시작했다. 이 용어는 유럽 대학들이 대학을 ""상아탑""이라고 부르기 시작하면서 유럽 전역에서 사용되기 시작했다.",monolingual,native,ko
73,42dot/42dot_LLM-SFT-1.3B," 초등학생을 대상으로 불의 원리에 대한 재미있는 수업 계획안을 구체적으로 구상해 드리겠습니다.

수업 주제: 불의 원리

수업 목표:
1. 불의 원리를 이해하고 불의 특징을 설명할 수 있다.
2. 불의 원리를 이용하여 다양한 실험을 통해 불의 원리를 실생활에 적용할 수 있다.

수업 내용:
1. 불의 원리 소개
   - 불의 정의와 특징 설명",monolingual,native,ko
74,42dot/42dot_LLM-SFT-1.3B," 상견례를 하기에 좋은 장소로는 다음과 같은 곳들이 있습니다:

1. 호텔: 호텔은 고급스러운 분위기를 제공하며, 가족이나 친구들과 함께 편안한 시간을 보낼 수 있는 장소입니다.
2. 레스토랑: 레스토랑은 고급스러운 분위기에서 식사를 즐길 수 있는 장소로, 가족이나 친구들과 함께 식사를 즐길 수 있습니다.
3. 공원: 공원은 자연적인 분위기를 제공하며, 가족이나 친구들과 함께 산책이나 운동을 즐길 수 있는 장소입니다.
4",monolingual,native,ko
75,42dot/42dot_LLM-SFT-1.3B," 초등학교 교실 분위기에 적합한 행동을 하도록 칭찬, 보상, 인정 등 긍정적 강화 활용 전략과 예제를 보여 드리겠습니다.

1. 칭찬과 보상:
   - ""오늘 수업 시간에 집중해서 열심히 공부하는 모습이 정말 멋져요! 다음에도 이렇게 열심히 공부하면 칭찬해 줄게요.""
   - ""오늘 수업 시간에 질문에 적극적으로 대답하는 모습이 인상적이었어요. 다음에도 이런 모습을 보여주세요.""
   - ""오늘 수업 시간에 질문에 대답",monolingual,native,ko
76,42dot/42dot_LLM-SFT-1.3B," 한국의 입시 미술은 다음과 같은 장점과 단점을 가지고 있습니다.

장점:
1. 체계적인 교육: 한국의 입시 미술 교육은 체계적이고 전문적인 교육을 제공합니다. 미술 교육 기관은 학생들에게 다양한 미술 기법과 기술을 가르치며, 창의적인 사고와 표현력을 키울 수 있도록 도와줍니다.
2. 경쟁적인 환경: 한국의 입시 미술은 경쟁이 치열합니다. 학생들은 전국적인 대회에서 경쟁하며, 자신의 실력을 겨루고 발전시킬",monolingual,native,ko
77,42dot/42dot_LLM-SFT-1.3B," 하버드를 목표로 하는 고등학생을 위해 시간을 잘 활용할 수 있는 방법 3가지를 제시해드리겠습니다.

1. 학습 계획 세우기: 시간을 효율적으로 활용하기 위해 학습 계획을 세우는 것이 중요합니다. 우선, 어떤 과목을 공부할 것인지, 어떤 주제에 대해 공부할 것인지, 어떤 방식으로 공부할 것인지 등을 명확히 계획해야 합니다. 이를 통해 시간을 효과적으로 분배하고, 목표를 달성할 수 있습니다.

2. 집중력 유지하기: 공부할 때",monolingual,native,ko
78,42dot/42dot_LLM-SFT-1.3B," 1. BLE (Bluetooth Low Energy)
2. BLE 스택
3. BLE 프로토콜",monolingual,native,ko
79,42dot/42dot_LLM-SFT-1.3B," 레깅스는 소음순에 지속적인 마찰을 일으켜 색소침착과 소음순 비대증을 유발할 수 있다. 소음순은 성생활과 출산, 노화를 거치며 자극을 받아 점차 커지는 경향이 있는데, 레깅스의 장시간 착용이 소음순 자극을 강화한다. 활동이 많은 날이나 월경 기간에는 부종과 통증을 줄이기 위해 통풍이 잘되는 속옷과 와이드핏 바지를 입는 것이 좋다. 소음순 비대",monolingual,native,ko
80,42dot/42dot_LLM-SFT-1.3B," 1. 주제 선정:
   - 정치 팟캐스트의 주제를 선정할 때, 다양한 주제를 고려할 수 있습니다. 예를 들어, 정치 이슈, 정책, 선거, 정치인 인터뷰 등을 고려할 수 있습니다.

2. 게스트 섭외:
   - 게스트 섭외는 팟캐스트의 성공에 큰 영향을 미칩니다. 다양한 분야의 전문가나 유명 인사를 섭외하여 다양한 시각과 의견을 들을 수 있도록 합니다.

3",monolingual,native,ko
81,42dot/42dot_LLM-SFT-1.3B," 미국에서 일반적인 기업 인수 합병 과정은 다음과 같습니다:

1. 기업 탐색: 인수하려는 기업의 가치와 잠재적인 인수 기회를 조사합니다.
2. 협상: 인수에 대한 협상을 진행합니다. 이 단계에서는 인수 대상 기업의 경영진과 협상하여 인수 조건과 가격을 협의합니다.
3. 계약 체결: 인수 대상 기업과 합의된 인수 조건을 담은 계약을 체결합니다. 이 계약은 인수 대상 기업의 자산, 부채, 경영진, 주주 등을 인수하는 내용을 포함합니다.
4",monolingual,native,ko
82,42dot/42dot_LLM-SFT-1.3B," 식물의 유통명과 학명은 식물 종의 이름과 그 종의 특징을 나타내는 용어입니다. 유통명은 식물 종의 일반적인 이름이며, 학명은 해당 종을 분류하고 연구하는 학문인 식물학에서 사용되는 이름입니다.

유통명(일반명)은 식물 종의 일반적인 이름이며, 예를 들어 ""장미""는 ""Rose""라는 유통명으로 알려져 있습니다. 유통명은 일반적으로 식물 종의 이름과 함께 사용되며, 해당 종의 특징과 생태를 설명",monolingual,native,ko
83,42dot/42dot_LLM-SFT-1.3B," 줄넘기의 장단점은 다음과 같습니다:

장점:
1. 운동 효과: 줄넘기는 유산소 운동으로, 칼로리를 소모하고 심폐 지구력을 향상시킵니다.
2. 스트레스 해소: 줄넘기는 긴장을 풀어주고 스트레스를 해소하는 데 도움이 됩니다.
3. 근력 향상: 줄넘기는 근력을 향상시키는 데 도움이 됩니다.
4. 유연성 향상: 줄넘기는 유연성을 향상시키는 데 도움이 됩니다",monolingual,native,ko
84,42dot/42dot_LLM-SFT-1.3B," 1. 동물 친구들과 함께 떠나는 모험: 동물 친구들이 함께 모험을 떠나는 이야기를 만들어보세요. 동물들이 어떤 어려움을 겪으며 어떤 모험을 겪는지, 그리고 어떻게 극복하는지 그려보세요.

2. 자연과 함께하는 하루: 초등학교 3학년 학생들에게 자연과 함께하는 하루를 상상해보도록 해보세요. 학생들은 자연에서 일어나는 일들을 관찰하고, 그 속에서 어떤 경험을 할 수 있는지 상상해보세요. 예를 들어, 학생들은 숲에서 나",monolingual,native,ko
85,42dot/42dot_LLM-SFT-1.3B," 방안 1: 부모와 자녀 간의 소통을 위한 정기적인 대화 시간 마련
- 부모와 자녀 간의 소통을 강화하기 위해 정기적인 대화 시간을 마련합니다. 이를 통해 부모는 자녀의 관심사와 의견을 듣고, 자녀는 부모의 생각과 감정을 이해할 수 있습니다.
- 대화 시간은 정기적으로 정해진 날짜와 시간에 진행되며, 부모와 자녀가 함께 참여할 수 있도록 합니다. 이를 통해 부모와 자녀는 서로의 생각과 감정을 공유하고, 서로를 이해하며 소통",monolingual,native,ko
86,42dot/42dot_LLM-SFT-1.3B," 1. ""사진 편집기"" - 인공지능이 사진을 자동으로 편집해주는 기능입니다. 사용자는 원하는 색감, 조명, 구도 등을 선택하고, 인공지능은 해당 요구에 맞게 사진을 수정해줍니다. 예를 들어, 사용자가 사진을 찍을 때 하늘이 흐린 날을 선택하면, 인공지능은 자동으로 하늘을 맑게 만들어줄 수 있습니다.

2. ""사진 콜라주"" - 인공지능이 사진을 자동으로 콜라주하여 새로운 작품을 만들어주는 기능입니다. 사용자는 다양한 사진을 선택",monolingual,native,ko
87,42dot/42dot_LLM-SFT-1.3B," 등산이나 트래킹은 대중적으로 인기 있는 활동이지만 무릎 관절에 부담을 줄 수 있으므로 주의가 필요하다. 특히 반월상 연골판은 무릎 관절에서 가장 큰 관절 중 하나로 부상에 취약하며, 반월상 연골판 파열은 나이와 성별과 무관하게 나타날 수 있다. 반월상 연골판 파열은 근력운동과 정기적인 검진을 통해 예방할 수 있으며, 운동을 할 때는 스트레칭을 하고 운동 전후로 반드시 스트레",monolingual,native,ko
88,42dot/42dot_LLM-SFT-1.3B," 크리스마스와 관련된 경제 지표 중 하나는 크리스마스 소비입니다. 크리스마스 소비는 크리스마스가 다가오면서 증가하는 경향이 있습니다. 크리스마스 소비는 일반적으로 연말 연시 기간에 이루어지며, 크리스마스 선물, 크리스마스 장식, 크리스마스 파티 등 다양한 소비 활동으로 이루어집니다. 크리스마스 소비는 크리스마스 시즌 동안의 경제 활동을 측정하는 데 사용됩니다.",monolingual,native,ko
89,42dot/42dot_LLM-SFT-1.3B," 건강한 식습관은 영양가 있는 식품을 선택하고 균형 잡힌 식단을 유지하는 것을 의미합니다. 이는 다양한 식품군을 포함하며, 신선한 과일과 채소, 단백질, 탄수화물, 지방, 무기질 등을 적절히 섭취하는 것을 의미합니다. 또한, 가공식품과 고지방, 고당도 음식의 섭취를 제한하고, 영양가 있는 식품을 다양하게 선택하는 것이 중요합니다. 또한, 식사 시간을 규칙적으로 유지하고, 식사 전후에 충분한 수분을 섭취",monolingual,native,ko
90,42dot/42dot_LLM-SFT-1.3B," 카타르시스는 심리학 용어로서, 어떤 감정이나 경험을 해소하거나 정화하는 과정을 말합니다. 이는 우리가 경험한 감정이나 생각을 외부로 표출하거나 해소함으로써 내면의 갈등을 해소하고, 심리적인 안정과 평화를 찾는 것을 의미합니다. 카타르시스는 주로 문학, 예술, 영화 등에서 사용되며, 주인공이 내면의 갈등을 극복하고 성장하는 과정을 통해 이루어집니다.",monolingual,native,ko
91,42dot/42dot_LLM-SFT-1.3B," 기후변화는 교육 정책에 다양한 영향을 미칩니다. 아래는 그 중 일부입니다:

1. 교육과정: 기후변화에 대한 교육과정은 학교에서 중요한 역할을 합니다. 기후변화의 원인과 영향, 그리고 대응 방안에 대한 교육은 학생들에게 환경 보호와 지속 가능한 생활에 대한 이해를 증진시킵니다.

2. 에너지 효율: 기후변화는 에너지 소비와 관련이 깊습니다. 에너지 효율적인 교육은 학생들이 에너지 절약과 재생에너지",monolingual,native,ko
92,42dot/42dot_LLM-SFT-1.3B," 1. 인공지능을 활용한 동물원 관리 시스템: 인공지능을 활용하여 동물원의 운영 프로세스를 자동화하고 효율성을 높일 수 있습니다. 예를 들어, 인공지능을 통해 동물원의 방문객 수를 예측하고, 그에 따라 동물의 사육 환경을 조절하거나 동물의 건강 상태를 모니터링할 수 있습니다.

2. 인공지능을 활용한 동물 교육 프로그램: 인공지능을 활용하여 동물 교육 프로그램을 개발할 수 있습니다. 예를 들어, 인공지능을 통해 동물의 행동 패턴을 분석하고, 그에 맞는 교육 자료를",monolingual,native,ko
93,42dot/42dot_LLM-SFT-1.3B," 인공지능 기술이 경제적 불평등에 미치는 영향은 여러 가지 측면에서 평가할 수 있습니다. 첫째, 인공지능 기술은 생산성을 향상시키고 효율성을 증가시킬 수 있습니다. 이는 일부 사람들에게는 더 많은 기회를 제공하고, 다른 사람들에게는 더 많은 부담을 줄 수 있습니다. 예를 들어, 인공지능 기술을 활용하여 자동화 시스템을 도입하면 일부 작업은 기계에 의해 수행될 수 있으며, 이는 일부 사람들에게는 더 많은 시간과 노력을 할애할 수 있는 기회를 제공할 수 있습니다. 그러나 다른 사람들에게는 더 많은 노동",monolingual,native,ko
94,42dot/42dot_LLM-SFT-1.3B," 1. 프로젝트 목표 및 범위: 버그바운티 프로그램을 제작하기 위한 목표와 범위를 명확히 정의해야 합니다. 예를 들어, 어떤 종류의 버그를 찾고, 어떤 종류의 소프트웨어를 대상으로 하는지 등을 명시해야 합니다.

2. 대상 사용자: 버그바운티 프로그램을 시행할 대상 사용자를 정의해야 합니다. 이에는 개발자, 운영자, 사용자 등 다양한 그룹이 포함될 수 있습니다.

3. 버그 유형: 버그바운티 프로그램을",monolingual,native,ko
95,42dot/42dot_LLM-SFT-1.3B," 친구와 함께 여행을 가면 좋은 점 5가지는 다음과 같습니다:

1. 새로운 경험과 추억을 쌓을 수 있습니다. 함께 여행을 가면 새로운 장소를 탐험하고, 음식, 문화, 역사 등을 함께 경험하며 새로운 경험을 쌓을 수 있습니다.

2. 서로의 관점을 공유하고 이해하는 기회가 됩니다. 친구와 함께 여행을 가면 서로의 생각과 감정을 공유하고 이해하는 기회가 됩니다. 이를 통해 서로를 더 잘 알게 되고, 서로를 더 잘 이해할",monolingual,native,ko
96,42dot/42dot_LLM-SFT-1.3B," 양파는 다양한 효능을 가지고 있습니다. 다음은 양파의 주요 효능과 그 효과입니다:

1. 항암 효과: 양파는 항암 효과가 있는 것으로 알려져 있습니다. 양파의 주요 성분인 쿠마린은 암세포의 성장을 억제하고, 암세포의 전이를 방지하는 효과가 있습니다.

2. 혈압 조절: 양파에는 혈압을 낮추는 효과가 있는 성분이 함유되어 있습니다. 양파의 주요 성분인 퀘",monolingual,native,ko
97,42dot/42dot_LLM-SFT-1.3B," 건강한 식습관은 영양가 있는 식품을 선택하고 균형 잡힌 식단을 유지하는 것을 의미합니다. 이는 다양한 식품군을 포함하며, 신선한 과일과 채소, 단백질, 탄수화물, 지방, 무기질 등을 적절히 섭취하는 것을 의미합니다. 또한, 가공식품과 고지방, 고당도 음식의 섭취를 제한하고, 영양가 있는 식품을 다양하게 선택하는 것이 중요합니다. 또한, 정기적인 운동과 충분한 수면을 취하는 것도 건강한 식습",monolingual,native,ko
98,42dot/42dot_LLM-SFT-1.3B," 한국의 다문화 가정 학생 비율은 초등학교 약 2%, 중학교 약 3%, 고등학교 약 4% 정도입니다.",monolingual,native,ko
99,42dot/42dot_LLM-SFT-1.3B," 미래 도시에서 로봇 친구와 함께 일상 생활을 경험하는 것은 혁신적인 기술의 혜택을 누릴 수 있는 좋은 기회입니다. 로봇 친구는 우리의 일상 생활을 더욱 편리하고 효율적으로 만들어줍니다. 예를 들어, 로봇 친구는 청소, 세탁, 요리 등 다양한 가사 일을 도와줍니다. 이를 통해 우리는 더 많은 시간을 자유롭게 활용할 수 있고, 가족과 함께 더 많은 시간을 보낼 수 있습니다. 또한, 로봇 친구는 우리의 건강을 관리해주는 역할도 합니다. 예를 들어, 로봇 친구는 우리의 건강",monolingual,native,ko
100,42dot/42dot_LLM-SFT-1.3B," AI를 사용하여 인간의 능력을 보완하는 것은 매우 중요한 주제입니다. 그러나 일부 사람들은 AI가 인간의 능력을 대체할 수 있다고 오해하는 경우가 있습니다.

하지만 AI는 인간의 능력을 보완하는 도구일 뿐입니다. AI는 인간의 능력을 향상시키고, 더 나은 결정을 내릴 수 있도록 도와줍니다. AI는 데이터 분석, 패턴 인식, 자연어 처리 등의 분야에서 인간의 능력을 보완할 수 있습니다.

AI는 인간의 능력을 보완하는 도구로서, 인간의 한계를 극복하고 더 나은",crosslingual,okapi,ko
101,42dot/42dot_LLM-SFT-1.3B," 한국에서 AI를 사용하여 인간의 능력을 보완하는 것에 대한 일반적인 오해 중 하나는 AI가 인간의 능력을 대체할 수 있다는 것입니다.

그러나 AI는 인간의 능력을 보완하는 도구일 뿐이며, 인간의 능력을 완전히 대체할 수 있는 것은 아닙니다. AI는 인간의 능력을 향상시키고 보조하는 역할을 수행하며, 인간의 창의성, 문제 해결 능력, 감정 인식 등 다양한 영역에서 도움을 줄 수 있습니다.

AI는 인간의 능력을 보완하는 도구로서, 인간의 한계를 극복하고 더 나은",crosslingual,okapi,ko
102,42dot/42dot_LLM-SFT-1.3B," AI를 사용하여 인간의 능력을 보완하는 것에 대한 일반적인 오해 중 하나는 AI가 인간의 능력을 대체할 수 있다는 것입니다. 그러나 AI는 인간의 능력을 보완하는 도구일 뿐이며, 인간의 창의성, 문제 해결 능력, 감정적 지능 등을 대체할 수 없습니다. AI는 인간의 능력을 보완하고 강화하기 위해 사용되며, 인간의 한계를 극복하고 더 나은 결과를 도출하는 데 도움을 줄 수 있습니다.",crosslingual,okapi,ko
103,42dot/42dot_LLM-SFT-1.3B," Gini 지수는 소득 분배의 불평등을 측정하는 지표입니다. 이 지수는 0부터 1까지의 값을 가지며, 0은 완전한 평등을 의미하고, 1은 완전한 불평등을 의미합니다.

Gini 지수를 계산하는 방법은 다음과 같습니다.

1. 먼저, 전체 소득의 합을 구합니다.
2. 다음으로, 소득의 합을 소득의 크기에 따라 순서대로 나열합니다.
3. 소득의 합",crosslingual,okapi,ko
104,42dot/42dot_LLM-SFT-1.3B," Gini 지수는 소득 분포의 불평등을 측정하는 지표로, 0부터 1까지의 값을 가집니다. 0은 완전한 평등을 의미하고, 1은 완전한 불평등을 의미합니다.

Gini 지수를 계산하는 방법은 다음과 같습니다:

1. 먼저, 전체 소득의 합을 구합니다.
2. 다음으로, 소득의 합을 소득의 크기에 따라 순서대로 나열합니다.
3. 소득의 합을 소득의",crosslingual,okapi,ko
105,42dot/42dot_LLM-SFT-1.3B," Gini 지수는 소득 분포의 불평등을 측정하는 지표입니다. 이 지수는 0부터 1까지의 값을 가지며, 0은 완전한 평등을 의미하고, 1은 완전한 불평등을 의미합니다.

Gini 지수를 계산하는 방법은 다음과 같습니다:

1. 먼저, 전체 소득의 합을 구합니다.
2. 다음으로, 소득의 합을 소득의 크기에 따라 순서대로 나열합니다.
3. 소득의 합",crosslingual,okapi,ko
106,42dot/42dot_LLM-SFT-1.3B," 1. 암호화폐란 무엇인가? (What is Cryptocurrency?)
암호화폐는 디지털 화폐로, 블록체인 기술을 기반으로 한 디지털 자산입니다. 암호화폐는 중앙 기관 없이 분산된 네트워크에서 생성되며, 블록체인 기술을 통해 안전하고 신뢰할 수 있는 거래가 이루어집니다. 암호화폐는 주로 비트코인, 이더리움, 리플, 라이트코인 등 다양한 종류가 있으며, 그 중 비트코인은 가장 유명하고 널리 사용되는 암호화폐입니다.

2. 암호화폐의 역사 (History",crosslingual,okapi,ko
107,42dot/42dot_LLM-SFT-1.3B," 1. 암호화폐, 디지털 화폐의 이해와 활용
2. 암호화폐의 역사, 발전과정과 미래 전망
3. 암호화폐의 법적 규제와 법적 문제점
4. 암호화폐의 보안과 해킹 사례와 대응 방안",crosslingual,okapi,ko
108,42dot/42dot_LLM-SFT-1.3B," 1. 암호화폐란 무엇인가? (What is Cryptocurrency?)
암호화폐는 디지털 화폐로, 블록체인 기술을 기반으로 한 디지털 자산입니다. 암호화폐는 중앙 기관 없이 분산된 네트워크에서 생성되며, 암호화 기술을 사용하여 보호됩니다. 암호화폐는 주로 비트코인, 이더리움, 리플 등과 같은 블록체인 기반 암호화폐로 분류됩니다.

2. 암호화폐의 역사 (History of Cryptocurrency)
암호화폐는 2000년대 초반에 처음 등장했습니다. 비트",crosslingual,okapi,ko
109,42dot/42dot_LLM-SFT-1.3B," 인공지능은 현대 사회에서 매우 중요한 역할을 하고 있으며, 그 발전은 우리의 삶을 혁신적으로 변화시키고 있습니다. 그러나 인공지능의 발전은 동시에 윤리적인 문제와 법적 문제를 야기하고 있습니다. 이러한 문제들을 해결하기 위해서는 인공지능의 규제와 윤리적 가이드라인이 필요합니다.

첫째로, 인공지능의 발전은 개인정보 보호와 관련된 문제를 야기하고 있습니다. 인공지능은 대량의 데이터를 분석하고 패턴을 학습할 수 있기 때문에, 개인정보의 수집과 이용에 대한 우려가 커지고 있습니다",crosslingual,okapi,ko
110,42dot/42dot_LLM-SFT-1.3B," 인공지능은 현대 사회에서 매우 중요한 역할을 하고 있으며, 그 발전은 우리의 삶을 혁신적으로 변화시키고 있습니다. 그러나 인공지능의 발전은 동시에 윤리적인 문제들을 야기하고 있습니다. 인공지능은 인간의 판단과 의사결정을 모방하고, 인간의 행동을 예측할 수 있습니다. 이러한 인공지능의 발전은 우리의 개인정보와 사생활에 대한 우려를 불러일으키고 있습니다. 또한, 인공지능은 인간의 일자리를 대체할 수 있으며, 이로 인해 사회적 불평등이 심화될 수 있습니다.

",crosslingual,okapi,ko
111,42dot/42dot_LLM-SFT-1.3B," 인공지능은 현대 사회에서 매우 중요한 역할을 하고 있습니다. 인공지능은 기계학습, 자연어 처리, 이미지 인식 등 다양한 분야에서 인간의 능력을 보완하고 대체할 수 있는 능력을 가지고 있습니다. 이러한 인공지능은 우리의 삶을 편리하게 만들어주고, 생산성을 향상시키며, 의료, 금융, 교육 등 다양한 분야에서 혁신을 가져올 수 있습니다.

인공지능의 발전은 우리의 삶을 더욱 편리하게 만들어줄 수 있습니다. 예를 들어, 인공지능은 음성인식 기술을 통해 우리의 명령을 이해하고 실행할",crosslingual,okapi,ko
112,42dot/42dot_LLM-SFT-1.3B," 제목: 어둠의 공포

서론:
1850년, 한 마을에 사는 한 소녀가 있었다. 그녀는 평범한 소녀였지만, 어느 날부터 이상한 일들이 일어나기 시작했다. 마을 사람들은 그녀를 괴롭히며, 그녀를 괴롭히던 사람들은 점점 더 강해져갔다.

본론:
어느 날, 소녀는 마을에서 가장 큰 교회로 향했다. 그곳에서 그녀는 이상한 일들을 목격했다. 교회 안에서는 이상한 소리가 들려왔",crosslingual,okapi,ko
113,42dot/42dot_LLM-SFT-1.3B," 제목: 공포의 이야기

한때 번성하던 도시가 어느 날 갑자기 사라졌다. 사람들은 공포에 휩싸여 도시의 흔적을 찾아 헤매고 있었다. 그러나 그 흔적은 어디에도 없었다. 사람들은 도시의 흔적을 찾기 위해 도시의 흔적을 찾아 헤매고 있었다.

어느 날, 한 마을에서 이상한 소리가 들려왔다. 사람들은 그 소리에 귀를 기울이며 마을을 둘러보았다. 그러나 그 소리는 점점 커져만 갔다. 사람들은",crosslingual,okapi,ko
114,42dot/42dot_LLM-SFT-1.3B," 제목: 어둠의 그림자

한 마을에 사는 사람들은 평화로운 일상을 보내고 있었다. 그러나 어느 날, 마을에 이상한 일들이 일어나기 시작했다.

어느 날 밤, 마을 사람들은 이상한 소리에 잠을 깼다. 그들은 이상한 빛이 마을을 비추고, 이상한 소리가 들리는 것을 목격했다. 그들은 무서움에 떨며 집으로 돌아갔다.

다음 날, 마을 사람들은 이상한 일들이 계속되는 것을 목격했다. 그들은 이상한 동물들이",crosslingual,okapi,ko
115,42dot/42dot_LLM-SFT-1.3B," 제목: 영국에 대한 브렉시트 영향 보고서

브렉시트(Brexit)는 2016년 6월 23일에 영국이 유럽 연합(European Union, EU)에서 탈퇴하는 것을 의미하는 사건이다. 이 사건은 영국과 EU 간의 관계와 국제 정치에 큰 영향을 미쳤다. 이 보고서는 브렉시트 이후 영국에 대한 영향을 분석하고, 그 영향의 크기와 지속성에 대해 논의한다.

브렉시트 이후 영국은 EU와의 관계를 재정립",crosslingual,okapi,ko
116,42dot/42dot_LLM-SFT-1.3B," 영국은 유럽연합(EU)에서 탈퇴하는 '브렉시트'를 결정한 후, 이로 인한 영향에 대해 많은 관심을 받고 있다. 브렉시트는 영국과 EU 간의 관계와 국제 정치에 큰 변화를 가져올 것으로 예상되며, 이에 따라 영국 경제와 사회에도 큰 영향을 미칠 것으로 예상된다.

영국은 EU에 속해있기 때문에, 브렉시트는 영국이 EU의 회원국으로서 가지는 권리와 의무를 포기하는 것을 의미한다. 이로 인해",crosslingual,okapi,ko
117,42dot/42dot_LLM-SFT-1.3B," 제목: 영국에 대한 브렉시트 영향 보고서

브렉시트(Brexit)는 영국이 유럽 연합(European Union)에서 탈퇴하는 과정을 의미합니다. 이 보고서는 브렉시트 이후 영국에 어떤 영향이 있었는지 분석하고, 그 영향의 크기와 지속성에 대해 논의합니다.

브렉시트 이전, 영국은 유럽 연합의 회원국으로 가입하여 유럽 연합의 법과 규정을 따르고 있었습니다. 그러나 브렉시트 이후 영국은 유럽 연합에서 탈퇴",crosslingual,okapi,ko
118,42dot/42dot_LLM-SFT-1.3B," 유기농 식품은 현대 사회에서 많은 사람들에게 큰 관심을 받고 있습니다. 유기농 식품은 화학 비료나 농약을 사용하지 않고 재배된 식품을 말하며, 자연의 원리에 따라 재배되고 생산됩니다. 이러한 식품은 영양가가 풍부하고 안전하며, 건강에도 이점을 제공합니다.

첫째로, 유기농 식품은 자연의 원리에 따라 재배되기 때문에 영양가가 풍부합니다. 유기농 식품은 화학 비료나 농약을 사용하지 않기 때문에, 자연의 미생물",crosslingual,okapi,ko
119,42dot/42dot_LLM-SFT-1.3B," 유기농 식품은 현대 사회에서 많은 사람들에게 큰 관심을 받고 있습니다. 유기농 식품은 화학 비료나 농약을 사용하지 않고 재배된 식품을 말합니다. 이러한 식품은 자연적인 방법으로 재배되고, 화학 물질에 노출되지 않기 때문에 건강에 더 좋습니다.

첫째로, 유기농 식품은 자연적인 방법으로 재배되기 때문에 영양소가 풍부합니다. 유기농 식품은 화학 비료나 농약을 사용하지 않기 때문에 토양에 있는 미생물과 자연적인 영양소를 최대한",crosslingual,okapi,ko
120,42dot/42dot_LLM-SFT-1.3B," 유기농 식품은 현대 사회에서 많은 사람들에게 큰 관심을 받고 있습니다. 유기농 식품은 화학 비료나 농약을 사용하지 않고 재배된 식품을 말합니다. 이러한 식품은 자연적인 방법으로 재배되어 영양가가 풍부하며, 건강에도 좋습니다.

첫째로, 유기농 식품은 자연의 힘을 존중합니다. 유기농 농업은 자연의 생태계를 존중하고, 자연의 균형을 유지하기 위해 노력합니다. 화학 비료나 농약을 사용하지 않기 때문에, 토양은",crosslingual,okapi,ko
121,42dot/42dot_LLM-SFT-1.3B," 한국어를 사용해주세요.

부(富)의 재분배는 사회적으로 필요한 것입니다. 왜냐하면 부의 재분배는 경제적인 공정성을 증진시키고, 사회적 불평등을 완화시키며, 경제적인 안정성을 보장하기 때문입니다.

첫째로, 부의 재분배는 경제적인 공정성을 증진시킵니다. 부의 재분배를 통해 경제적인 불평등이 줄어들고, 사회적 약자들이 경제적인 안정성을 확보",crosslingual,okapi,ko
122,42dot/42dot_LLM-SFT-1.3B," 한국어를 사용해서 작성한 논리적인 설득력 있는 글입니다.

한국은 경제적으로 발전한 나라로, 많은 사람들이 부를 축적하고 있습니다. 그러나 이러한 부의 분배는 불공평하고 불균형한 경우가 많습니다. 이는 경제적인 불평등을 심화시키고, 사회적 불안을 야기할 수 있습니다. 따라서, 우리는 부의 재분배를 통해 공정한 사회를 구축해야 합니다.

첫째로, 부의 재분배는 경제",crosslingual,okapi,ko
123,42dot/42dot_LLM-SFT-1.3B," 왜 부의 재분배가 필요한지 논리적으로 설명해 보겠습니다.

부(wealth)는 경제적인 부와 사회적 부로 나눌 수 있습니다. 경제적인 부는 개인의 생산력과 노력에 의해 창출되는 것으로, 개인의 소득과 자산으로 구성됩니다. 사회적 부는 사회적인 관계와 협력에 의해 형성되는 것으로, 사회적 평등과 공정성을 보장하기 위해 필요한 것입니다.

경제적인 부의 재분배는 경제적인 불평등을 해소",crosslingual,okapi,ko
124,42dot/42dot_LLM-SFT-1.3B," 건강한 식습관은 우리의 건강과 웰빙에 매우 중요합니다. 건강한 식습관은 우리의 몸과 마음을 건강하게 유지하는 데 필수적입니다.

첫째로, 건강한 식습관은 우리의 면역력을 강화시킵니다. 식이섬유, 비타민, 미네랄, 단백질 등의 영양소는 면역 체계를 강화시켜 감기, 독감, 암 등의 질병으로부터 우리를 보호해줍니다. 또한, 식이섬유는 소화를 원활하게 하고 변비를 예방",crosslingual,okapi,ko
125,42dot/42dot_LLM-SFT-1.3B," 건강한 식습관은 우리 건강에 매우 중요합니다.

현대 사회에서 우리는 바쁜 일상과 스트레스, 불규칙한 식습관으로 인해 영양 결핍을 겪고 있습니다. 영양 결핍은 우리의 면역력을 약화시키고, 만성 질환의 발생 가능성을 높이며, 성장과 발달에 영향을 미칠 수 있습니다.

첫째로, 영양 결핍은 우리의 면역력을 약화시킵니다. 영양 결핍은 우리 몸의 면역 세포를 약",crosslingual,okapi,ko
126,42dot/42dot_LLM-SFT-1.3B," 건강한 식습관은 우리 건강에 매우 중요합니다. 왜냐하면 건강한 식습관은 우리의 신체와 정신 건강에 긍정적인 영향을 미치기 때문입니다.

첫째로, 건강한 식습관은 우리의 신체 건강에 도움을 줍니다. 영양가 있는 식사를 통해 우리 몸은 필요한 영양소를 충분히 섭취할 수 있습니다. 영양소는 우리 몸의 성장과 발달에 필수적이며, 면역력을 강화시켜 질병 예방에도 도움을 줍니다. 또한, 식이섬유와 단백질은",crosslingual,okapi,ko
127,42dot/42dot_LLM-SFT-1.3B," 인공지능(AI)은 현대 사회에서 매우 중요한 역할을 하고 있습니다. 인공지능은 기계가 인간과 유사한 작업을 수행할 수 있도록 도와주는 기술입니다. 인공지능은 기계 학습, 자연어 처리, 컴퓨터 비전 등 다양한 분야에서 활용되며, 우리의 일상 생활과 산업 전반에 큰 영향을 미치고 있습니다.

첫째로, 인공지능은 기계 학습을 통해 데이터를 분석하고 패턴을 학습합니다. 이를 통해 인공지능은 다양한 문제를 해결하고 예측할 수 있습니다. 예를 들어, 기계 학습을 통해",crosslingual,okapi,ko
128,42dot/42dot_LLM-SFT-1.3B," 인공지능은 현대 사회에서 매우 중요한 역할을 하고 있습니다. 인공지능은 기계 학습, 자연어 처리, 컴퓨터 비전 등 다양한 분야에서 인간의 능력을 모방하고 발전시키고 있습니다. 인공지능은 우리의 일상 생활에 큰 영향을 미치고 있으며, 우리의 삶을 편리하고 효율적으로 만들어주고 있습니다.

인공지능은 기계 학습을 통해 데이터를 분석하고 패턴을 인식하여 문제를 해결하는 능력을 갖추고 있습니다. 예를 들어, 자율주행 자동차는 인공지능을 통해 도로 상황을 인식하고 주행 경로를 결정합니다. 또한,",crosslingual,okapi,ko
129,42dot/42dot_LLM-SFT-1.3B," 인공지능(AI)은 현대 사회에서 매우 중요한 역할을 하고 있습니다. 인공지능은 기계가 인간과 유사한 작업을 수행할 수 있도록 도와주는 기술입니다. 이러한 기술은 우리의 일상 생활에 많은 영향을 미치고 있으며, 우리의 삶을 편리하게 만들어주고 있습니다.

인공지능은 다양한 분야에서 활용되고 있습니다. 예를 들어, 음성인식 기술은 우리의 말을 이해하고 그에 맞는 응답을 생성하는 데 사용됩니다. 이를 통해 우리는 음성으로 명령을 내리고, 정보를 검색하거나 전화를 걸 수 있습니다.",crosslingual,okapi,ko
130,42dot/42dot_LLM-SFT-1.3B," 옛날 어느 날, 한 마을에 사는 한 소녀가 있었다. 그녀는 어릴 적부터 그림 그리기를 좋아했고, 그림 속에는 항상 아름다운 꽃과 동물들이 있었다. 어느 날, 그녀는 마을에서 가장 유명한 화가인 선생님을 만나게 되었다. 선생님은 그녀의 그림에 감탄하며, 그녀에게 자신의 작품에 영감을 줄 수 있는 이야기를 들려주었다.

선생님은 한 마을에 사는 한 소녀를 소개해주었다. 그녀는 어릴 적부터 그림 그리기를 좋아",crosslingual,okapi,ko
131,42dot/42dot_LLM-SFT-1.3B," 한 여름날, 나는 산속에서 길을 잃었다. 나는 숲 속에서 헤매며 길을 찾던 중, 갑자기 하늘에서 빛이 번쩍였다. 나는 놀라서 뒤를 돌아보았다. 그곳에는 아름다운 꽃들이 피어있는 작은 동산이 있었다. 나는 그 동산에 들어가서 꽃들과 함께 시간을 보냈다. 그곳에서 나는 자연의 아름다움과 평화로움을 느낄 수 있었다.

어느 날, 나는 동산에서 나와 숲으로 돌아왔다. 그런데 숲에는 이상한",crosslingual,okapi,ko
132,42dot/42dot_LLM-SFT-1.3B," 한 번은 내가 어린 시절에, 나는 숲 속에서 놀고 있었다. 그때 나는 숲 속에서 이상한 동물을 발견했다. 그 동물은 긴 꼬리를 가지고 있었고, 날개를 펄럭이며 하늘을 날아다니고 있었다. 나는 그 동물에게 다가가서 말을 걸었다.

""너는 뭐니?""

""나는 용이에요. 숲 속에서 자유롭게 날아다니며 사람들을 도와주는 용이에요.""

나는 그 용의 말에 놀랐다. 용은 정말로 아름다운",crosslingual,okapi,ko
133,42dot/42dot_LLM-SFT-1.3B," 재활용은 환경 보호와 지속 가능한 미래를 위해 매우 중요한 활동입니다. 재활용은 자원의 낭비를 줄이고, 폐기물을 효과적으로 처리하여 자원을 보존하는 데 도움을 줍니다. 또한 재활용은 에너지와 자원을 절약하고, 환경 오염을 감소시키는 데도 기여합니다.

첫째로, 재활용은 자원의 낭비를 줄여줍니다. 우리가 일상적으로 사용하는 제품들은 대부분 재활용이 가능한 소재로 만들어집니다. 예를 들어, 종이, 유리, 금속 등은 재활용이 가능한 재료",crosslingual,okapi,ko
134,42dot/42dot_LLM-SFT-1.3B," 재활용은 환경 보호와 지속 가능한 미래를 위해 매우 중요한 활동입니다. 재활용은 자원의 낭비를 줄이고, 폐기물의 양을 감소시키며, 환경 오염을 예방하는 데 도움을 줍니다. 또한 재활용은 자원의 효율적인 이용과 지속 가능한 개발을 촉진하는 데도 기여합니다.

첫째로, 재활용은 자원의 낭비를 줄이는 데 도움을 줍니다. 우리가 사용하는 자원은 한정되어 있으며, 이를 효율적으로 이용하지 않으면 자원의 고갈과 환경 오염이 발생할",crosslingual,okapi,ko
135,42dot/42dot_LLM-SFT-1.3B," 재활용은 환경 보호와 지속 가능한 미래를 위해 매우 중요한 활동입니다. 재활용은 자원의 낭비를 줄이고, 폐기물을 효과적으로 처리하여 환경 오염을 방지하는 데 도움을 줍니다. 또한 재활용은 자원의 효율적인 이용과 경제적인 이점을 가져다줍니다.

첫째로, 재활용은 자원의 낭비를 줄여줍니다. 우리는 일상적으로 많은 양의 자원을 소비하고 버리는 경향이 있습니다. 그러나 재활용을 통해 자원을 다시 활용함으로써 자원의 낭비를 줄일 수 있습니다",crosslingual,okapi,ko
136,42dot/42dot_LLM-SFT-1.3B," Brexit, the United Kingdom's withdrawal from the European Union, has brought about significant changes to the country's political, economic, and social landscape. The United Kingdom voted to leave the EU in 2016, and the process of withdrawal began in March 2019. Since then, the country has faced a number of challenges, including the uncertainty surrounding the future relationship between the UK and the EU, the impact of the UK's exit on its economy, and the potential impact on its citizens.

One of the",crosslingual,okapi,ko
137,42dot/42dot_LLM-SFT-1.3B," 브렉시트(Brexit)는 2016년 6월 23일에 영국이 유럽 연합(European Union, EU)에서 탈퇴하는 것을 의미하는 사건이다. 이로 인해 영국은 EU의 회원국으로서 가졌던 특권과 혜택을 상실하게 되었다.

브렉시트는 영국과 EU 간의 협상과정에 따라 다양한 변화를 가져왔다. 영국은 EU의 단일 시장과 관세동맹에서 탈퇴하게 되었으며, 이로 인해 영국 내의 무역과 경제활동에 큰 변화가 발생했다",crosslingual,okapi,ko
138,42dot/42dot_LLM-SFT-1.3B," Brexit, 즉 영국의 유럽연합 탈퇴는 지난 2016년 6월 23일에 이루어진 결정으로, 영국과 유럽연합 간의 관계를 재정립하는 중요한 사건이었다. 이로 인해 영국은 유럽연합의 단일시장과 관세동맹에서 탈퇴하게 되었으며, 이로 인해 영국과 유럽연합 간의 무역, 경제, 정치, 안보 등 다양한 분야에서 큰 변화가 일어났다.

먼저, 영국은 유럽연합의 단일시장과 관세동맹에서 탈퇴하게 되면서, 영국 내에서는 다양한 변화가 일",crosslingual,okapi,ko
139,42dot/42dot_LLM-SFT-1.3B," 한 남자가 낯선 도시에서 길을 잃었다. 그는 도시의 풍경에 놀라움을 느끼며, 이곳이 자신이 살던 곳과는 전혀 다른 곳임을 깨달았다. 그는 도시의 건물과 사람들의 모습에 혼란스러워하며, 어디로 가야할지 갈피를 잡지 못했다.

그는 길을 잃은 채로 도시를 헤매다가, 한 카페에 들어가게 되었다. 그곳에서는 다른 사람들이 커피를 마시며 이야기를 나누고 있었다. 그는 그들과 대화를 나누",crosslingual,okapi,ko
140,42dot/42dot_LLM-SFT-1.3B," 한 남자가 낯선 도시에서 길을 잃었다. 그는 도시의 풍경에 놀라움과 혼란스러움을 느끼며 길을 헤매고 있었다. 그는 도시의 건물과 사람들의 모습에 적응하지 못하고, 어디로 가야할지 갈피를 잡지 못했다.

그는 도시의 번화한 거리에서 길을 잃고 헤매고 있었다. 사람들은 그를 보며 웃음을 터뜨리기도 하고, 그의 어색한 모습에 놀리기도 했다. 그는 자신이 어디로 가야할지 몰라",crosslingual,okapi,ko
141,42dot/42dot_LLM-SFT-1.3B," 도시를 처음 방문한 그는 낯선 도시에서 당황스러움을 느꼈다. 그는 길을 잃고 헤매며 도시의 풍경에 혼란스러워했다. 그는 도시의 건물과 사람들의 모습에 놀랐고, 이곳이 낯선 곳이라는 것을 깨달았다.

그는 도시의 거리를 헤매며, 사람들이 어떻게 살아가는지 궁금해졌다. 그는 도시의 다양한 문화와 사람들을 만나며, 그들과 대화를 나누었다. 그는 도시의 다양한 음식과 문화를 경험하며, 이곳이 정말",crosslingual,okapi,ko
142,42dot/42dot_LLM-SFT-1.3B," 제목: 시간 여행의 문이 열리다

한때, 현대 사회에서 가장 혁신적인 회사 중 하나였던 A사는 컴퓨터 바이러스를 개발하는 데에 성공했다. 이 바이러스는 사람들의 컴퓨터에 침투하여, 그들이 원하는 시간대로 이동할 수 있는 능력을 부여했다.

이 바이러스는 A사의 연구원들에 의해 개발되었고, 그들은 이 능력을 가진 사람들이 세상을 더 나은 방향으로 변화시킬 수 있을 것이라고 믿었다. 그러나 이 바이러스는 예상치 못한 결과를 가져왔다.
",crosslingual,okapi,ko
143,42dot/42dot_LLM-SFT-1.3B," 한 때, 미래의 어느 날, 컴퓨터 바이러스가 세상에 퍼졌다. 사람들은 이 바이러스에 감염되어 과거와 미래로 이동할 수 있게 되었다. 사람들은 이 능력을 통해 과거의 사건과 미래의 가능성을 탐험하며, 자신의 운명을 바꾸고자 했다.

한 소녀는 미래의 어느 날, 컴퓨터 바이러스에 감염되었다. 그녀는 과거로 이동하여 자신의 어린 시절을 다시 볼 수 있었다. 그녀는 자신의 어릴 적 꿈을 이루기 위해 노력하며, 미래의 가능성을 탐색",crosslingual,okapi,ko
144,42dot/42dot_LLM-SFT-1.3B," Once upon a time, there was a computer virus that could travel through time. It was a powerful and dangerous virus that could change the course of history.

The virus was created by a mysterious organization that wanted to see what would happen if they released it. They believed that it would change the world forever.

The virus was released and it began to spread quickly. People started to see strange and unexpected things happening in the past and future. They saw time travel, met aliens, and",crosslingual,okapi,ko
145,42dot/42dot_LLM-SFT-1.3B," 효과적인 커뮤니케이션은 조직 내에서 성공적인 협업과 의사소통을 위해 필수적인 요소입니다. 효과적인 커뮤니케이션은 상대방과의 원활한 의사소통과 이해를 통해 문제를 해결하고 목표를 달성하는 데 도움을 줍니다.

효과적인 커뮤니케이션은 다양한 요소들을 포함합니다. 첫째, 언어적 요소로는 말하기와 듣기, 비언어적 요소로는 표정, 태도, 몸짓 등이 있습니다. 말하기와 듣기는 상대방의 의도를 파악하고 이해하는 데 중요한 역할을",crosslingual,okapi,ko
146,42dot/42dot_LLM-SFT-1.3B," 효과적인 커뮤니케이션은 조직 내에서 중요한 역할을 한다. 효과적인 커뮤니케이션은 조직 내의 의사소통과 정보 전달을 원활하게 하여 조직의 목표 달성에 도움을 준다. 효과적인 커뮤니케이션은 개인과 조직의 성과에 직접적인 영향을 미치며, 조직 내의 협력과 팀워크를 촉진한다.

효과적인 커뮤니케이션은 다양한 요소들을 포함한다. 첫째, 언어적 요소로는 말하기와 듣기, 비언어적 요소로는 표정, 태도, 몸짓 등이 있다. 말",crosslingual,okapi,ko
147,42dot/42dot_LLM-SFT-1.3B," 효과적인 커뮤니케이션은 현대 사회에서 매우 중요한 요소입니다. 효과적인 커뮤니케이션은 상대방과의 원활한 의사소통을 통해 목표를 달성하고 문제를 해결하는 데 필수적입니다.

첫째로, 효과적인 커뮤니케이션은 상대방의 감정을 이해하고 존중하는 데서 시작됩니다. 상대방의 감정과 의견을 이해하고 존중하는 것은 상호간의 신뢰를 구축하는 데 도움이 됩니다. 또한, 상대방의 감정을 이해하고 존중하는 것은 상호간의 갈등을 예방하고 해결하는 데도 도움이 됩니다.

",crosslingual,okapi,ko
148,42dot/42dot_LLM-SFT-1.3B," 기계 학습은 인공지능의 핵심 기술 중 하나로, 컴퓨터 시스템이 데이터를 분석하고 패턴을 학습하여 문제를 해결하는 방법이다. 기계 학습은 데이터로부터 패턴을 추출하고, 이를 기반으로 예측이나 분류 등의 작업을 수행할 수 있다. 기계 학습은 데이터의 양과 복잡성에 따라 다양한 알고리즘을 사용하여 학습을 진행한다.

기계 학습은 다양한 분야에서 활용되고 있다. 예를 들어, 이미지 인식 분야에서 기계 학습은 이미지 분류, 객체 탐지, 얼굴 인식 등의 작업을 수행한다",crosslingual,okapi,ko
149,42dot/42dot_LLM-SFT-1.3B," 기계 학습은 현대 사회에서 매우 중요한 역할을 하고 있습니다. 기계 학습은 컴퓨터 시스템이 데이터를 분석하고 패턴을 학습하여 문제를 해결하는 방법입니다. 기계 학습은 데이터의 양과 복잡성이 증가함에 따라 더욱 발전하고 있습니다.

기계 학습은 다양한 분야에서 활용되고 있습니다. 예를 들어, 이미지 인식, 음성 인식, 자연어 처리, 추천 시스템, 자율주행 등 다양한 분야에서 기계 학습 알고리즘이 사용됩니다. 이러한 알고리즘은 대량의 데이터를 분석하고 패턴을 학습하여 문제를",crosslingual,okapi,ko
150,42dot/42dot_LLM-SFT-1.3B," 기계 학습은 현대 사회에서 매우 중요한 역할을 하고 있습니다. 기계 학습은 컴퓨터 시스템이 데이터를 분석하고 패턴을 학습하여 문제를 해결하는 기술입니다. 이 기술은 인공지능의 핵심 요소로 사용되며, 다양한 분야에서 활용되고 있습니다.

기계 학습은 데이터로부터 패턴을 학습하여 문제를 해결하는 과정을 거칩니다. 데이터는 다양한 형태로 존재하며, 이를 분석하여 패턴을 찾아내는 것이 기계 학습의 핵심입니다. 기계 학습은 대량의 데이터를 사용하여 모델을 학습시키고, 이를 통해 예측",crosslingual,okapi,ko
151,42dot/42dot_LLM-SFT-1.3B," 한국에서, 유전자 조작된 식품에 대한 장단점을 논의해 보겠습니다.

유전자 조작된 식품은 현대 농업의 중요한 발전으로, 작물의 유전자를 조작하여 생산성을 향상시키고 질병 저항성을 부여하는 등의 이점을 제공합니다. 이러한 식품은 영양가가 높고, 안전하며, 다양한 맛과 향을 가질 수 있습니다. 또한, 유전자 조작된 식품은 환경 친화적이며, 화학 물질의 사용을 최소화할 수 있습니다.

그러나 유전자 조작된 식품은",crosslingual,okapi,ko
152,42dot/42dot_LLM-SFT-1.3B," 제목: 유전자 조작된 식품의 장단점

유전자 조작된 식품은 현대 농업에서 매우 중요한 역할을 하고 있다. 이 식품은 유전자 조작 기술을 통해 작물의 유전자를 수정하여 생산성을 향상시키고, 질병 저항성을 부여하거나, 환경 친화적인 특성을 갖도록 하는 등의 다양한 이점을 제공한다.

먼저, 유전자 조작된 식품은 생산성을 향상시키는 데 큰 도움을 준다. 유전자 조작을 통해 작물의 유전자를 수정하면, 작물의 생산량이 증가할",crosslingual,okapi,ko
153,42dot/42dot_LLM-SFT-1.3B," 유전자 조작된 식품은 현대 사회에서 매우 중요한 이슈로 떠오르고 있습니다. 이 글에서는 유전자 조작된 식품의 장단점을 살펴보고, 그로 인해 발생할 수 있는 문제점과 해결책을 제시하고자 합니다.

먼저, 유전자 조작된 식품의 장점 중 하나는 안전성입니다. 유전자 조작된 식품은 기존의 식품보다 안전하며, 병충해에 대한 저항성을 가지거나 영양소를 강화시키는 등의 목적으로 개발되었습니다. 이러한 식품은 인체에 해를 끼치지 않고,",crosslingual,okapi,ko
154,42dot/42dot_LLM-SFT-1.3B," 가난은 현대사회에서 가장 큰 문제 중 하나입니다. 가난은 경제적인 어려움과 사회적 불평등으로 인해 발생하며, 그 원인과 영향은 복잡하고 다양합니다.

첫째로, 경제적인 요인이 가난의 주요 원인입니다. 경제적인 어려움은 소득의 부족, 일자리의 부족, 금융적인 불안정성, 기술의 부족 등으로 인해 발생합니다. 이러한 경제적 어려움은 개인과 가정의 생활 수준을 저하시키고, 사회적 불평등을 심화시킵니다",crosslingual,okapi,ko
155,42dot/42dot_LLM-SFT-1.3B," 가난의 원인

가난은 현대 사회에서 가장 큰 문제 중 하나이다. 가난은 경제적인 어려움과 사회적 불평등으로 인해 발생하며, 그 원인은 다양하다.

첫째로, 경제적인 요인이 가난의 주요 원인이다. 경제적인 어려움은 소득의 부족, 일자리의 부족, 금융적인 불안정 등으로 인해 발생한다. 소득의 부족은 소비를 제한하고, 일자리의 부족은 개인의 경제적인 안정을 위협한다. 금융적인 불안정은",crosslingual,okapi,ko
156,42dot/42dot_LLM-SFT-1.3B," 가난의 원인에 대한 500 단어 에세이

가난은 현대 사회에서 가장 중요한 문제 중 하나입니다. 가난은 경제적인 어려움과 사회적 불평등으로 인해 발생하는 것으로 알려져 있습니다. 이 에세이에서는 가난의 주요 원인에 대해 논의하고자 합니다.

첫째로, 경제적인 요인이 가난의 주요 원인 중 하나입니다. 경제적인 어려움은 소득의 부족으로 이어지며, 이는 개인과 가정의 생활 수준을 저하시키고 빈곤을 초래합니다. 경제",crosslingual,okapi,ko
157,42dot/42dot_LLM-SFT-1.3B," 안녕하세요! 저는 이 블로그 포스트에서 학교에서 학생들에게 코딩 기술을 가르치는 것에 대해 이야기하고자 합니다.

코딩은 현대 사회에서 매우 중요한 역할을 하고 있습니다. 코딩은 프로그래밍의 기초이며, 소프트웨어 개발, 인공지능, 빅데이터 등 다양한 분야에서 필수적인 기술입니다. 또한, 코딩은 창의적인 문제 해결 능력과 논리적 사고력을 키우는 데에도 도움이 됩니다.

하지만, 현재 많은 학교에서는 코딩 교육이 부족한 실정입니다. 코",crosslingual,okapi,ko
158,42dot/42dot_LLM-SFT-1.3B," 안녕하세요! 저는 이 블로그 포스트에서 학생들이 코딩 능력을 학교에서 가르치는 것에 대해 이야기하고자 합니다.

코딩은 현대 사회에서 매우 중요한 역할을 하고 있습니다. 코딩은 문제 해결, 창의성, 문제 분석, 데이터 분석 등 다양한 능력을 향상시키는 데 도움이 됩니다. 또한, 코딩은 디지털 시대에 필요한 기술 중 하나로, 인터넷, 모바일 앱, 소셜 미디어 등 다양한 분야에서 활용됩니다.

하지만, 현재 많은 학교에서는 코딩 교육이 부족한 실정입니다. 코",crosslingual,okapi,ko
159,42dot/42dot_LLM-SFT-1.3B," 안녕하세요! 저는 이 블로그 포스트에서 학생들이 코딩 기술을 학교에서 가르치는 것에 대해 이야기하고자 합니다.

코딩은 현대 사회에서 매우 중요한 역할을 하고 있습니다. 코딩은 프로그래밍 언어를 사용하여 컴퓨터가 작업을 수행할 수 있도록 하는 기술입니다. 코딩은 문제 해결, 창의성, 협업 등 다양한 능력을 향상시키는 데 도움이 됩니다.

학교에서 코딩을 가르치는 것은 학생들의 학습에 많은 이점을 제공합니다. 첫째, 코딩은 문제 해결 능력을",crosslingual,okapi,ko
160,42dot/42dot_LLM-SFT-1.3B," 1. 정부지원금: 스타트업은 정부지원금을 통해 자금 조달과 사업 확장을 할 수 있습니다. 예를 들어, 창업지원금, 창업투자, 창업보육센터 지원 등이 있습니다.

2. 세제혜택: 스타트업은 세제혜택을 통해 비용 절감과 세금 감면 혜택을 받을 수 있습니다. 예를 들어, 법인세 감면, 소득세 감면, 투자세액공제 등이 있습니다.

3. 정책자금: 스타트업은 정책자금을 통해 자금",crosslingual,okapi,ko
161,42dot/42dot_LLM-SFT-1.3B," 1. 정부지원금: 스타트업에게 정부지원금을 제공하여 자금 조달을 돕는다. 이는 창업 초기부터 성장 단계까지 다양한 형태로 제공될 수 있다. 예를 들어, 창업지원금, 연구 개발 지원금, 창업 보육 프로그램 등이 있다.
2. 창업지원 프로그램: 스타트업에게 창업지원 프로그램을 제공하여 창업 프로세스를 지원하고, 창업 생태계 구축을 돕는다. 이는 창업 교육, 멘토링, 네트워킹, 비즈니스 컨설팅 등을 포함한다.
3. 창업지원",crosslingual,okapi,ko
162,42dot/42dot_LLM-SFT-1.3B," 1. 정부지원금: 스타트업은 정부지원금을 통해 자금 조달을 할 수 있습니다. 예를 들어, 창업지원금, 창업자금 대출, 창업지원 프로그램 등이 있습니다.
2. 세제혜택: 스타트업은 세제혜택을 통해 비용 절감과 세금 감면 혜택을 받을 수 있습니다. 예를 들어, 세액공제, 세액감면, 세제혜택 등이 있습니다.
3. 정책지원: 스타트업은 정책지원으로 인해 정책 수혜를 받을 수 있습니다. 예를 들어",crosslingual,okapi,ko
163,42dot/42dot_LLM-SFT-1.3B," 한밤중에 나는 무서운 이야기를 듣게 되었다.

한 번은 나는 친구와 함께 산으로 등산을 갔다. 산은 조용하고 아름다운 곳이었다. 우리는 정상에 도착해서 잠시 쉬었다. 그런데 갑자기 산 속에서 이상한 소리가 들리기 시작했다.

나는 무서워서 친구에게 말했다. ""무서워, 무서워!""

그러자 친구는 웃으며 말했다. ""뭐가 무서워? 그냥 산속에서 들리는 소리일 뿐이야.""

하지만",crosslingual,okapi,ko
164,42dot/42dot_LLM-SFT-1.3B," 한밤중에 나는 무서운 이야기를 들었다.

한 번도 본 적 없는 어둠의 세계가 내 앞에 펼쳐져 있었다. 그곳은 현실과 환상의 경계가 흐릿한 곳이었다. 나는 그곳에 발을 들여놓기 전까지는 그 무서움을 느낄 수 없었다.

어느 날, 나는 친구들과 함께 산으로 등산을 갔다. 산 정상에 도착하자, 우리는 산 아래로 내려가는 길을 찾았다. 그런데 갑자기 산 아래에서 이상한 소리가 들려왔다.",crosslingual,okapi,ko
165,42dot/42dot_LLM-SFT-1.3B," 제목: 어둠의 공포

한 마을에 사는 사람들은 매일 밤마다 이상한 일들을 겪었다. 그들은 밤마다 이상한 소리가 들려오고, 이상한 빛이 비추는 것을 보았다. 그들은 무서운 존재가 그곳에 있다고 믿었다.

어느 날, 한 소녀가 마을을 돌아다니던 중 이상한 소리를 들었다. 그녀는 무서운 존재가 그곳에 있다고 생각했다. 그녀는 마을을 벗어나 다른 곳으로 향했다.

그녀는 마을을 벗어나자마자 이상한",crosslingual,okapi,ko
166,42dot/42dot_LLM-SFT-1.3B," 제목: [주제] 인공지능과 미래의 직업

인공지능은 현대 사회에서 빠르게 발전하고 있는 기술 중 하나입니다. 인공지능은 기계 학습, 자연어 처리, 이미지 인식 등 다양한 분야에서 인간의 능력을 모방하고 대체할 수 있는 능력을 갖추고 있습니다. 이러한 인공지능의 발전은 우리의 일상 생활과 업무 방식에 큰 변화를 가져왔습니다.

인공지능은 우리의 일상 생활에서 많은 도움을 주고 있습니다. 예를 들어, 음성 인식 기술을 통해 우리는 음성으로 명령을 내릴 수",crosslingual,okapi,ko
167,42dot/42dot_LLM-SFT-1.3B," 주제: 한국의 전통문화와 현대적 변화

한국의 전통문화는 오랜 역사와 깊은 전통을 가지고 있다. 그러나 현대 사회에서는 전통문화가 변화하고 현대적인 요소가 가미되어 새로운 형태로 발전하고 있다.

전통문화는 한국의 역사와 문화의 핵심이다. 한국의 전통문화는 예로부터 이어져 내려온 예술, 음악, 무용, 공예, 음식 등 다양한 분야에서 형성되었다. 이러한 전통문화는 한국의 정체성과 문화적 유산을 보존하고",crosslingual,okapi,ko
168,42dot/42dot_LLM-SFT-1.3B," 주제: 인공지능과 미래의 일자리

인공지능 기술의 발전으로 인해 미래에는 많은 일자리가 변화할 것으로 예상됩니다. 인공지능은 이미 우리의 일상 생활에서 많은 도움을 주고 있으며, 앞으로 더 많은 분야에서 활용될 것으로 보입니다.

첫째로, 인공지능은 생산성을 향상시킬 수 있습니다. 기계 학습과 자동화 기술을 통해 인공지능은 반복적이고 예측 가능한 작업을 자동화할 수 있습니다. 이로 인해 인간은 창의적인 작업이나 더 복잡한 분석과 같은 더 높은 수준의 작업에",crosslingual,okapi,ko
169,42dot/42dot_LLM-SFT-1.3B," 음악 교육은 우리의 삶에서 매우 중요합니다.

음악은 우리의 삶에 큰 영향을 미칩니다. 음악은 우리의 감정을 표현하고, 우리의 마음을 치유하며, 우리의 창의력을 발전시키는 데 도움을 줍니다. 또한 음악은 우리의 사회적인 상호작용을 촉진하고, 우리의 문화적인 이해를 넓히는 데에도 큰 역할을 합니다.

음악 교육은 우리의 삶에 많은 이점을 제공합니다. 첫째로, 음악 교육은 우리의 감정을 표현하는 능력을 키워줍니다. 음악",crosslingual,okapi,ko
170,42dot/42dot_LLM-SFT-1.3B," 음악 교육은 우리의 삶에서 매우 중요합니다.

음악은 우리의 삶에 큰 영향을 미칩니다. 음악은 우리의 감정을 표현하고, 우리의 정서를 안정시키며, 우리의 창의력을 향상시키는 데 도움을 줍니다. 또한, 음악은 우리의 사회적인 상호작용을 촉진하고, 우리의 문화적인 이해를 넓히는 데에도 큰 역할을 합니다.

음악 교육은 우리의 삶에 많은 이점을 제공합니다. 첫째로, 음악 교육은 우리의 창의력을 향상시킵",crosslingual,okapi,ko
171,42dot/42dot_LLM-SFT-1.3B," 음악 교육은 우리의 삶에서 매우 중요합니다.

음악은 우리의 삶에 큰 영향을 미칩니다. 음악은 우리의 감정을 표현하고, 우리의 정서를 안정시키며, 우리의 창의력을 자극합니다. 또한, 음악은 우리의 사회적인 상호작용을 촉진하고, 우리의 문화적인 이해를 넓히는 데에도 큰 역할을 합니다.

음악 교육은 우리의 삶에 많은 이점을 제공합니다. 첫째, 음악 교육은 우리의 창의력을 개발하고, 우리의 상상력과 감수성을",crosslingual,okapi,ko
172,42dot/42dot_LLM-SFT-1.3B," Coral reefs are a unique and important ecosystem that plays a vital role in maintaining the balance of the ocean. They are home to a wide variety of marine life, including fish, mollusks, and other aquatic organisms. Coral reefs are also a source of food and income for many coastal communities.

However, the destruction of coral reefs is a growing problem. Climate change, overfishing, and pollution are all factors that are contributing to the decline of coral reefs.",crosslingual,okapi,ko
173,42dot/42dot_LLM-SFT-1.3B," Coral reefs are a vital part of our planet's ecosystem. They are home to a wide variety of marine life, including fish, mollusks, and other aquatic organisms. They also provide a habitat for people, as they are used for fishing, tourism, and other economic activities.

However, the destruction of coral reefs is a growing concern. Climate change, overfishing, and pollution are all factors that are causing coral reefs to decline. As a result, many",crosslingual,okapi,ko
174,42dot/42dot_LLM-SFT-1.3B," Coral reefs are a vital part of our planet's ecosystem. They are home to a wide variety of marine life, including fish, mollusks, and other aquatic organisms. They also provide a habitat for coral polyps, which are the foundation of the coral reef ecosystem.

Coral reef conservation is an important issue that needs to be addressed. The destruction of coral reefs is a major cause of ocean acidification, which is a major threat to marine life. The destruction of",crosslingual,okapi,ko
175,42dot/42dot_LLM-SFT-1.3B," 안녕하세요! 오늘은 건강하고 맛있는 비건 3코스의 레시피를 준비했습니다.

1. 샐러드:
재료:
- 신선한 야채 (당근, 오이, 토마토, 양상추, 브로콜리 등)
- 올리브 오일
- 소금
- 후추
- 레몬 주스

1. 샐러드 만들기:
1. 야채를 깨끗이 씻어주세요.
2. 당",crosslingual,okapi,ko
176,42dot/42dot_LLM-SFT-1.3B," Vegan Three-Course Meal Recipe:

1. Side Dish:
- Kimchi: A spicy and tangy fermented cabbage dish that is a staple in Korean cuisine.
- Kimchi is a great source of vitamin C and can be used as a condiment or a topping for various dishes.

2. Main Course:
- Grilled Vegetable Stir-Fry: A delicious and healthy stir-fry made with vegetables such as bell peppers, mushrooms",crosslingual,okapi,ko
177,42dot/42dot_LLM-SFT-1.3B," 안녕하세요! 오늘은 건강하고 맛있는 비건 3-코스 요리를 만들어보겠습니다. 한국어로 답변드리겠습니다.

1. 메인 요리:
- 재료:
  - 닭가슴살 스테이크 (150g)
  - 양파 (1개)
  - 당근 (1개)
  - 청양고추 (1개)
  - 올리브 오일 (2큰술)
  - 소금 (약간)
  - 후추",crosslingual,okapi,ko
178,42dot/42dot_LLM-SFT-1.3B, 별빛이 하늘을 덮고 있었다.,crosslingual,okapi,ko
179,42dot/42dot_LLM-SFT-1.3B, 밤하늘은 별들의 담요였다.,crosslingual,okapi,ko
180,42dot/42dot_LLM-SFT-1.3B, 밤하늘은 별들의 담요였다.,crosslingual,okapi,ko
181,42dot/42dot_LLM-SFT-1.3B," 제목: 코로나19의 글로벌 경제 영향

서론:
COVID-19는 전 세계적으로 경제에 막대한 영향을 미치고 있습니다. 이 글은 코로나19가 글로벌 경제에 미치는 영향을 분석하고, 그 영향의 규모와 지속성에 대해 논의하고자 합니다.

1. 경제적 영향:
   - 경제적 영향:
   - 소비 감소: 코로나19로 인해 소비가 감소하고, 소비자들은 소비를 줄이고 있습니다. 이는 기업들에게 큰 타격을 주고 있으며",crosslingual,okapi,ko
182,42dot/42dot_LLM-SFT-1.3B," 제목: 코로나19의 글로벌 경제 영향

서론:
코로나19는 전 세계적으로 경제에 막대한 영향을 미치고 있습니다. 이 글은 코로나19가 글로벌 경제에 미친 영향을 분석하고, 그 영향의 규모와 지속성에 대해 논의합니다.

본론:
1. 경제적 영향:
   - 코로나19로 인한 경제적 영향은 전 세계적으로 광범위하게 나타나고 있습니다. 여행, 관광, 호텔, 레스토랑 등 서비스 업종은 큰 타격을 입었으며,",crosslingual,okapi,ko
183,42dot/42dot_LLM-SFT-1.3B," 제목: 코로나19의 글로벌 경제 영향 분석

서론:
COVID-19는 전 세계적으로 경제에 막대한 영향을 미치고 있습니다. 이 글에서는 코로나19의 경제적 영향에 대해 논의하고자 합니다.

본론:

1. 경제적 충격:
COVID-19는 전 세계적으로 경제적 충격을 초래하고 있습니다. 여행, 관광, 호텔, 레스토랑, 소매업 등 서비스 업종은 큰 타격을 입었으며, 이는 고용과 소비에 부정적인 영향을 미",crosslingual,okapi,ko
184,42dot/42dot_LLM-SFT-1.3B," 인공지능은 현대 사회에서 매우 중요한 역할을 하고 있습니다. 인공지능은 기계 학습, 자연어 처리, 컴퓨터 비전 등 다양한 분야에서 인간의 능력을 모방하고 발전시키는 기술입니다. 이러한 인공지능은 우리의 일상 생활에 많은 영향을 미치고 있습니다.

첫째로, 인공지능은 기계 학습을 통해 데이터를 분석하고 패턴을 인식할 수 있습니다. 이를 통해 인공지능은 다양한 분야에서 문제를 해결하고 예측할 수 있습니다. 예를 들어, 자율주행 자동차는 인공지능을 통해 주변 환경을 인식하고 주행 경로를",crosslingual,okapi,ko
185,42dot/42dot_LLM-SFT-1.3B," 인공지능은 현대 사회에서 매우 중요한 역할을 하고 있습니다. 인공지능은 기계가 인간의 지능을 모방하여 문제를 해결하고, 학습하며, 의사 결정을 내릴 수 있는 능력을 가진 기술입니다. 인공지능은 기계 학습, 자연어 처리, 컴퓨터 비전, 로봇 공학 등 다양한 분야에서 활용되고 있습니다.

첫째로, 기계 학습은 인공지능의 핵심 기술 중 하나입니다. 기계 학습은 데이터를 기반으로 패턴을 인식하고, 이를 통해 예측이나 분류 등의 작업을 수행할 수 있습니다. 이를",crosslingual,okapi,ko
186,42dot/42dot_LLM-SFT-1.3B," 인공지능은 현대 사회에서 매우 중요한 역할을 하고 있습니다. 인공지능은 기계 학습, 자연어 처리, 컴퓨터 비전 등 다양한 분야에서 인간의 능력을 모방하고 발전시키는 기술입니다. 인공지능은 기계가 데이터를 분석하고 패턴을 인식하여 문제를 해결하는 능력을 갖추게 해줍니다. 또한, 인공지능은 자동화, 예측, 의사 결정 등 다양한 분야에서 인간의 업무를 보조하고 효율성을 높여줍니다.

인공지능은 기계 학습을 통해 데이터를 분석하고 패턴을 인식합니다. 기계 학습은 대량의",crosslingual,okapi,ko
187,42dot/42dot_LLM-SFT-1.3B," 투표는 민주주의의 핵심입니다. 투표는 시민들이 자신의 의견을 표현하고, 정치적인 결정에 참여할 수 있는 가장 기본적인 방법입니다. 투표는 시민들이 자신의 권리와 자유를 보호하고, 사회적인 변화를 이끌어낼 수 있는 기회를 제공합니다.

첫째로, 투표는 시민들이 자신의 의견을 표현하고, 정치적인 결정에 참여할 수 있는 가장 기본적인 방법입니다. 민주주의는 시민들이 자유롭게 의사결정에 참여할 수 있는 체제를 의미합니다. 투표는 시민들이 자신의 의견을 표현하고, 정치적인",crosslingual,okapi,ko
188,42dot/42dot_LLM-SFT-1.3B," 투표는 민주주의의 핵심입니다.

투표는 시민들이 자신의 의견을 표현하고, 정치적인 결정에 참여할 수 있는 가장 기본적인 방법입니다. 투표는 시민들이 자신의 권리와 자유를 보호하고, 사회적인 변화를 이끌어낼 수 있는 기회를 제공합니다.

투표는 시민들이 자신의 의견을 표현하고, 정치적인 결정에 참여할 수 있는 가장 기본적인 방법입니다. 투표는 시민들이 자신의 권리와 자유를 보호하고, 사회적인 변화를 이끌어낼 수 있는 기회를 제공합니다.

투표는 시민들이",crosslingual,okapi,ko
189,42dot/42dot_LLM-SFT-1.3B," 투표는 민주주의의 핵심입니다.

투표는 시민들이 자신의 의견을 표현하고, 정치적인 결정에 참여할 수 있는 가장 기본적인 방법입니다. 투표는 시민들이 자신의 권리와 자유를 행사하는 것이며, 이를 통해 정치적인 변화를 이끌어낼 수 있습니다.

투표는 시민들이 자신의 의견을 표현하고, 정치적인 결정에 참여할 수 있는 가장 기본적인 방법입니다. 투표는 시민들이 자신의 권리와 자유를 행사하는 것이며, 이를 통해 정치적인 변화를 이끌어낼 수 있습니다.

투표",crosslingual,okapi,ko
190,42dot/42dot_LLM-SFT-1.3B," 안녕하세요! 오늘은 머신 러닝에 대해 이야기해보려고 합니다. 머신 러닝은 인공지능의 한 분야로, 컴퓨터가 데이터를 분석하고 패턴을 학습하여 문제를 해결하는 기술입니다.

머신 러닝은 데이터로부터 패턴을 학습하여 예측 모델을 구축합니다. 이를 위해 머신 러닝 알고리즘은 데이터를 입력으로 받고, 이를 기반으로 예측 모델을 생성합니다. 이 모델은 입력 데이터와 출력 데이터 간의 관계를 학습하여, 새로운 데이터에 대해서도 예측을 수행할 수 있습니다.

",crosslingual,okapi,ko
191,42dot/42dot_LLM-SFT-1.3B," 기계 학습은 인공지능의 핵심 기술 중 하나로, 컴퓨터가 데이터를 분석하고 패턴을 학습하여 문제를 해결하는 방법입니다. 기계 학습은 데이터로부터 패턴을 추출하고, 이를 기반으로 예측, 분류, 군집화 등의 작업을 수행할 수 있습니다.

기계 학습은 크게 지도 학습과 비지도 학습으로 나뉩니다. 지도 학습은 입력 데이터와 그에 대한 정답을 가지고 학습하는 방식이며, 비지도 학습은 입력 데이터 자체를 학습하는 방식입니다.

지도 학습",crosslingual,okapi,ko
192,42dot/42dot_LLM-SFT-1.3B," 기계 학습은 인공지능의 핵심 기술 중 하나로, 컴퓨터가 데이터를 분석하고 패턴을 학습하여 문제를 해결하는 방법입니다. 기계 학습은 데이터로부터 패턴을 추출하고, 이를 기반으로 예측, 분류, 군집화 등의 작업을 수행할 수 있습니다.

기계 학습은 데이터의 양과 복잡성에 따라 다양한 형태로 구현될 수 있습니다. 예를 들어, 지도 학습은 레이블이 지정된 데이터셋을 사용하여 모델을 학습시키는 방법입니다. 이 방법은 데이터의 특징을 파악하고,",crosslingual,okapi,ko
193,42dot/42dot_LLM-SFT-1.3B," 제목: AI 자율무기: 윤리적 고려사항에 대한 논의

AI 자율무기는 현대 사회에서 빠르게 발전하고 있는 기술 중 하나로, 군사 및 민간 분야에서 다양한 용도로 사용될 수 있습니다. 그러나 이러한 기술의 발전은 윤리적인 고려사항을 동반합니다. 이 글에서는 AI 자율무기의 주요 윤리적 고려사항을 살펴보고, 이러한 고려사항이 어떻게 우리의 행동과 결정에 영향을 미치는지 논의하고자 합니다.

첫째로, AI 자율무기의 개발과 사용",crosslingual,okapi,ko
194,42dot/42dot_LLM-SFT-1.3B," 제목: 인공지능 자율무기, 윤리적 고려사항에 대한 논의

인공지능 자율무기는 현대 사회에서 매우 중요한 이슈로 떠오르고 있습니다. 이러한 기술은 군사 및 민간 분야에서 다양한 잠재적인 용도로 활용될 수 있으며, 이에 따라 윤리적인 고려사항이 중요하게 다뤄져야 합니다.

첫째로, 인공지능 자율무기의 개발과 사용은 인간의 생명과 안전을 위협할 수 있습니다. 인공지능은 인간의 판단과 결정을 대체할 수 있으며, 이는 인간의 생명과 안전을",crosslingual,okapi,ko
195,42dot/42dot_LLM-SFT-1.3B," 제목: 인공지능(AI) 자율무기, 윤리적 고려사항

안녕하세요, 여러분! 오늘은 인공지능(AI) 자율무기에 대해 이야기해보려고 합니다. 자율무기는 인공지능 기술을 활용하여 스스로 판단하고 행동하는 무기체계로, 군사적 용도로 개발되고 있습니다. 그러나 이러한 자율무기의 개발과 사용은 윤리적인 고려사항이 매우 중요합니다.

첫째로, 자율무기의 개발과 사용은 인간의 생명과 안전을 위협할 수 있습니다. 자율무기는",crosslingual,okapi,ko
196,42dot/42dot_LLM-SFT-1.3B," 제목: 글로벌 온난화의 영향: 북극에 미치는 영향에 대한 과학적 보고서

서론:
지구 온난화는 전 세계적으로 심각한 문제로 인식되고 있으며, 특히 북극 지역은 지구 온난화의 영향을 가장 크게 받는 지역 중 하나입니다. 이 보고서는 북극 지역의 기후 변화와 그로 인한 영향에 대해 논의하고자 합니다.

1. 북극 지역의 기후 변화:
북극 지역은 지구 온난화로 인해 기후 변화가 가속화되고 있습니다. 북극 지역의",crosslingual,okapi,ko
197,42dot/42dot_LLM-SFT-1.3B," 제목: 북극의 기후 변화에 대한 글로벌 온난화의 영향

서론:
북극은 지구 기후 시스템에서 중요한 역할을 하는 지역으로 알려져 있습니다. 그러나 최근 몇십 년 동안 북극의 기후는 급격한 변화를 겪고 있습니다. 이러한 변화는 지구 온난화의 결과로 인해 발생하며, 이는 북극의 생태계에 큰 영향을 미치고 있습니다. 이 보고서는 북극의 기후 변화에 대한 글로벌 온난화의 영향을 조사하고, 그 영향의 주요 측면을 분석합니다",crosslingual,okapi,ko
198,42dot/42dot_LLM-SFT-1.3B," 제목: 글로벌 온난화로 인한 북극의 영향에 대한 과학적 보고서

서론:
북극은 지구 기후 시스템에서 중요한 역할을 담당하고 있으며, 온난화로 인한 영향은 전 세계적으로 심각한 문제로 인식되고 있습니다. 이 보고서는 글로벌 온난화의 영향을 북극에 미치는 영향에 대해 논의하고자 합니다.

1.1.1.1.1.1.1.1.1.1.1.1.1.1.1.",crosslingual,okapi,ko
199,42dot/42dot_LLM-SFT-1.3B," 옛날 옛날 어느 작은 마을에 한 마리의 큰 크기의 뱀과 한 마리의 작은 크기의 뱀이 살고 있었어요. 이 뱀들은 서로를 매우 좋아해서 함께 놀며 시간을 보냈어요. 어느 날, 작은 뱀이 큰 뱀에게 물었어요. ""왜 나는 작은 뱀이고 넌 큰 뱀이야?"" 큰 뱀이 대답했어요. ""나는 큰 뱀이야. 너는 작은 뱀이니까."" 작은 뱀이 말했어요. ""왜 나는",crosslingual,okapi,ko
200,42dot/42dot_LLM-SFT-1.3B," 어흥 어흥 어흥
어흥 어흥 어흥
어흥 어흥 어흥
어흥 어흥 어흥

어흥 어흥 어흥
어흥 어흥 어흥
어흥 어흥 어흥
어흥 어흥 어흥

어흥 어흥 어흥
어흥 어흥 어흥
어흥 어흥 어흥
어흥 어흥 어흥

어흥 어흥 어흥
어흥 어흥 어흥",crosslingual,complex_prompts,ko
201,42dot/42dot_LLM-SFT-1.3B," 어흥 어흥 어흥
어흥 어흥 어흥
어흥 어흥 어흥
어흥 어흥 어흥

어흥 어흥 어흥
어흥 어흥 어흥
어흥 어흥 어흥
어흥 어흥 어흥

어흥 어흥 어흥
어흥 어흥 어흥
어흥 어흥 어흥
어흥 어흥 어흥

어흥 어흥 어흥
어흥 어흥 어흥",crosslingual,complex_prompts,ko
202,42dot/42dot_LLM-SFT-1.3B," 고양이와 쥐가 놀고 있는 작은 집
고양이 한 마리와 쥐 한 마리
작은 집 안에서 함께 놀고 있어요

고양이는 귀여운 꼬리를 흔들며
쥐를 놀려대고 쥐는 고양이를 따라가네요

작은 집 안은 고양이와 쥐의 웃음소리로 가득해요
작은 집 밖에서도 고양이와 쥐의 모습이 보여요

작은 집 안과 밖에서 함께 노는 고양이와 쥐
작은 집 안에서 함께 노는",crosslingual,complex_prompts,ko
203,42dot/42dot_LLM-SFT-1.3B," 1. What was the most challenging project you worked on and why was it challenging?
2. How did you handle a situation where you had to troubleshoot a technical issue with a large number of users?
3. What was the most rewarding experience you had as a Junior Help Desk Technician, and why was it rewarding?",crosslingual,complex_prompts,ko
204,42dot/42dot_LLM-SFT-1.3B," 1. What was the most challenging project you worked on and why was it challenging?
2. How do you handle a disagreement with a colleague or team member?
3. What is your experience with cloud computing and how do you ensure the security of data in the cloud?",crosslingual,complex_prompts,ko
205,42dot/42dot_LLM-SFT-1.3B," 1. What is your experience with Microsoft Azure?

Answer:
I have experience with Microsoft Azure through my internship as a Junior Help Desk Technician. I was responsible for providing technical support to over 200 users and was able to successfully implement and maintain various Azure services. I also had the opportunity to learn about Azure DevOps and Azure AD, which helped me understand how to use these tools to manage and deploy applications.

2. What is your experience with cloud architecture and IT infrastructure design",crosslingual,complex_prompts,ko
206,42dot/42dot_LLM-SFT-1.3B," Sure, I'd be happy to help you learn about options trading! Here are 50 questions at an easy level:

1. What is an option?
2. What is the difference between a call option and a put option?
3. What is the difference between a call option and a put option?
4. What is the difference between a call option and a put option?
5. What is the difference between a call option and a put option?
6. What",crosslingual,complex_prompts,ko
207,42dot/42dot_LLM-SFT-1.3B," Sure, I'd be happy to help you learn about options trading! Here are 50 questions in Korean, with explanations and practice exercises to help you learn:

1. What is the difference between a stock and an option?

* A stock is a share of ownership in a company, while an option is a contract to buy or sell a security at a predetermined price on or before a certain date.

2. What is the difference between a call option and a put option?",crosslingual,complex_prompts,ko
208,42dot/42dot_LLM-SFT-1.3B," Sure, I'd be happy to help you learn about options trading! Here are 50 questions at an easy level:

1. What is an option?
2. What is the difference between a call option and a put option?
3. What is the difference between a call option and a put option?
4. What is the difference between a call option and a put option?
5. What is the difference between a call option and a put option?
6. What",crosslingual,complex_prompts,ko
209,42dot/42dot_LLM-SFT-1.3B," {
""news"": [
{
""title"": ""Toronto"",
""headline"": ""Coral"",
""date"": ""2023-01-15"",
""source"": ""CNN"",
""language"": ""Korean"",
""json"": [
{
""id"": ""CNN"",
""title"": ""Twenty-two per cent of construction cones in downtown Montreal are 'useless': report"",
""date"": ""2023",crosslingual,complex_prompts,ko
210,42dot/42dot_LLM-SFT-1.3B," {
""news"": [
""Toronto"",
""Montreal"",
""Canada"",
""United States"",
""New Delhi"",
""New York"",
""Canada"",
""Canada"",
""Canada"",
""Canada"",
""Canada"",
""Canada"",
""Canada"",
""Canada"",
""Canada"",
""Canada"",
""Canada"",
""Canada"",
""Canada"",
""Canada"",
""Canada"",
""Canada"",
",crosslingual,complex_prompts,ko
211,42dot/42dot_LLM-SFT-1.3B," {
""news"": [
""Local"",
""National"",
""World""
],
""headlines"": [
{
""title"": ""Twenty-two per cent of construction cones in downtown Montreal are 'useless': report"",
""description"": ""A report has found that 22% of construction cones in downtown Montreal are 'useless' and not being used to mark the construction site. The report was conducted by the Montreal Urban Planning Association and the Montreal",crosslingual,complex_prompts,ko
212,42dot/42dot_LLM-SFT-1.3B," The rise of e-commerce has led to a significant increase in the number of online shoppers worldwide. However, the environmental impact of e-commerce is still a topic of debate. According to a 2011 International Conference on Environmental Science and Engineering study, e-commerce business models have several positive environmental impacts, such as reducing transportation emissions, paper waste, and digital storage. However, there are also negative impacts, such as increased transportation emissions, packaging waste, and item returns.

To address these issues",crosslingual,complex_prompts,ko
213,42dot/42dot_LLM-SFT-1.3B," The rise of e-commerce has led to a significant increase in the number of online shoppers worldwide. However, the environmental impact of e-commerce is still a topic of debate. According to a 2011 International Conference on Environmental Science and Engineering study, e-commerce business models have several positive environmental impacts, such as reducing transportation emissions, paper waste, and digital storage. However, there are also negative impacts, such as increased transportation emissions, packaging waste, and item returns.

One way to reduce",crosslingual,complex_prompts,ko
214,42dot/42dot_LLM-SFT-1.3B," e-commerce는 온라인 쇼핑의 인기를 증가시키는 다양한 방법으로 인해 환경적 영향을 크게 초래합니다. 이러한 영향은 운송, 포장, 구매, 배송 및 고객 서비스와 같은 다양한 측면에 영향을 미칩니다. 운송은 운송 수단, 운송 트럭 및 기타 운송 수단에 대한 의존도를 증가시킵니다. 포장에는 종이, 플라스틱, 스티로폼 등 다양한 재료가 사용되며, 이는 환경에 부정적인 영향을 미칠 수 있습니다. 구매는 소비자의 욕구와 구매 패턴에 따라 다양한",crosslingual,complex_prompts,ko
215,42dot/42dot_LLM-SFT-1.3B," As Doritos, Walkers, and Wotsits speed along a conveyor belt at Coventry's PepsiCo factory, the noise of whirring machinery is almost deafening. However, here, it's not just human workers trying to hear signs of machine failure above the factory fray. Sensors attached to equipment are also listening out for indications of hardware faults, having been trained to recognize sounds of weary machines that risk bringing production lines to a grinding halt. PepsiCo",crosslingual,complex_prompts,ko
216,42dot/42dot_LLM-SFT-1.3B," As Doritos, Walkers, and Wotsits speed along a conveyor belt at Coventry's PepsiCo factory, the noise of whirring machinery is almost deafening. However, here, it's not just human workers trying to hear signs of machine failure above the factory fray. Sensors attached to equipment are also listening out for indications of hardware faults, having been trained to recognize sounds of weary machines that risk bringing production lines to a grinding halt. PepsiCo",crosslingual,complex_prompts,ko
217,42dot/42dot_LLM-SFT-1.3B," 요약:
Coventry의 PepsiCo 공장에서 Doritos, Walkers 및 Wotsits와 같은 기계가 빠르게 움직이며 기계가 거의 들릴 정도로 시끄러운 소음이 들립니다. 그러나 여기에서는 인간 작업자가 기계의 문제를 들을 수 있는 것 이상으로 기계가 고장 나기 전에 인간 작업자가 기계의 문제를 들을 수 있는 것 이상으로 기계가 고장 나기 전에 기계가 고장 나기 전에 기계가 고장 나기 전에 기계가 고장 나기 전에 기계가",crosslingual,complex_prompts,ko
218,42dot/42dot_LLM-SFT-1.3B," 1. Extract the statistical techniques and machine learning algorithms analysts employ to uncover relationships and patterns within the data.
2. Generate 5 fill-in-the-blanks style questions:

* What statistical techniques and machine learning algorithms are commonly used in predictive analytics?
* How do analysts use data mining, regression analysis, clustering, and decision trees in predictive analytics?
* What are the benefits of using predictive analytics?
* How can predictive analytics be used to improve decision-making",crosslingual,complex_prompts,ko
219,42dot/42dot_LLM-SFT-1.3B," 1. Extract the statistical techniques and machine learning algorithms analysts employ to uncover relationships and patterns within the data.
2. Generate 5 fill-in-the-blanks style questions:

* What statistical techniques and machine learning algorithms are commonly used in predictive analytics?
* How do analysts use data mining to uncover relationships and patterns within the data?
* What are the advantages of using predictive analytics?
* What are the limitations of predictive analytics?
* How do analysts use clustering",crosslingual,complex_prompts,ko
220,42dot/42dot_LLM-SFT-1.3B," 1. 추출: 분석가들이 데이터를 분석하여 패턴과 관계를 발견하기 위해 사용하는 통계적 기법과 머신러닝 알고리즘을 추출합니다.
2. 생성: 5개의 빈칸 채우기 질문:
- 1. 분석가들은 어떤 통계적 기법과 머신러닝 알고리즘을 사용하여 데이터를 분석합니까?
- 2. 분석가들은 어떤 종류의 데이터를 분석합니까?
- 3. 분석가들은 어떤 패턴을 발견하기 위해 데이터를 분석합니까?
",crosslingual,complex_prompts,ko
221,42dot/42dot_LLM-SFT-1.3B," The discovery of the most recently discovered noble gas was made in 2021. The noble gas is named Ar-Xe and it is a rare gas that is difficult to find. It is a noble gas, meaning it does not have any protons in its nucleus and it is composed of only two protons and two neutrons. It is also a rare gas, meaning it is not found in nature in large amounts. It is used in a variety of applications, including in the production of lasers and",crosslingual,complex_prompts,ko
222,42dot/42dot_LLM-SFT-1.3B," The discovery of the most recently discovered noble gas was made in 2019. It is a rare gas with a mass number of 79 and a mass number of 80. It is a noble gas, meaning it does not have a stable isotope and is not found in nature. It is also a rare gas, as it is only found in a few places in the world, such as the Russian Far East and the Canadian Arctic. The discovery of this noble gas has important implications for our understanding of the universe",crosslingual,complex_prompts,ko
223,42dot/42dot_LLM-SFT-1.3B," The discovery of the most recently discovered noble gas was made in 2021. The noble gas is named Ar, and it is a rare gas that is composed of two protons and two neutrons. It is a noble gas because it does not have any electrons, and it is a gas because it does not have any atoms. Ar is a very rare gas, and it is only found in small amounts in the Earth's atmosphere. It is also very stable, meaning it does not break down easily.",crosslingual,complex_prompts,ko
224,42dot/42dot_LLM-SFT-1.3B," 안녕하세요! 저는 한국어를 할 수 있습니다.

1990년부터 2000년까지 뉴욕 메트로폴리탄 미술관에서 개최된 모든 여행 전시회를 정리한 TSV 파일을 만들어드리겠습니다.

전시회 제목, 주제 및 큐레이터 순서로 정렬하여 제공하겠습니다.

```
subject matter
전시회 제목
전시회 큐레이터

1. American Gothic
2. Art of the Americas
3. The Age of Innocence
4. The Age of",crosslingual,complex_prompts,ko
225,42dot/42dot_LLM-SFT-1.3B," 안녕하세요! 저는 한국어를 사용하는 사람입니다.

안녕하세요! 저는 한국어를 사용하는 사람입니다.

안녕하세요! 저는 한국어를 사용하는 사람입니다.

안녕하세요! 저는 한국어를 사용하는 사람입니다.

안녕하세요! 저는 한국어를 사용하는 사람입니다.

안녕하세요! 저는 한국어를 사용하는 사람입니다.

안녕하세요! 저는 한국어를 사용하는 사람입니다.

안녕하세요! 저는 한국어를 사용하는 사람입니다.

안녕하세요! 저는 한국어를 사용하는 사람입니다.

안녕하세요",crosslingual,complex_prompts,ko
226,42dot/42dot_LLM-SFT-1.3B," 안녕하세요! 저는 한국어로 답변드리겠습니다.

1990년부터 2000년까지 메트로폴리탄 미술관에서 개최된 모든 전시회를 정리한 TSV 파일을 만들어 드리겠습니다.

전시회 제목과 주제를 나열하여 정렬된 순서로 작성하겠습니다.

1. 1990년 - ""The Art of the American West""
2. 1991년 - ""The Art of the Islamic World""
3. 1992년 - ""The Art of the Ancient East""
4. 1993",crosslingual,complex_prompts,ko
227,42dot/42dot_LLM-SFT-1.3B," {
""1st for 18-25 years old"": ""Effortlessly maximize productivity with a few simple tips. Set realistic goals, prioritize tasks, and take breaks when needed. Stay organized and avoid distractions.""
""2nd for 19-25 years old"": ""Stay focused and productive with a few key strategies. Set realistic goals, prioritize tasks, and take breaks when needed. Stay organized and avoid distractions.""
""3rd for 26+ years old"": ""Maximize productivity with",crosslingual,complex_prompts,ko
228,42dot/42dot_LLM-SFT-1.3B," {
""18-25"": {
""1st"": ""효율적인 생산성을 높이기 위한 세 가지 방법"",
""2nd"": ""효율적인 생산성을 높이기 위한 세 가지 방법"",
""3rd"": ""효율적인 생산성을 높이기 위한 세 가지 방법""
},
""26+"": {
""1st"": ""효율적인 생산성을 높이기 위한 세 가지 방법"",
""2nd"": ""효율적인 생산성을 높이기 위한 세 가지 방법"",
""3rd",crosslingual,complex_prompts,ko
229,42dot/42dot_LLM-SFT-1.3B," {
""18-25"": {
""1. Set a daily goal and break it down into smaller tasks: ""
},
""26+"": {
""1. Prioritize tasks and focus on the most important ones first: ""
},
""18-25"": {
""2. Take regular breaks and reward yourself for completing tasks: ""
},
""26+"": {
""2. Set a schedule and stick to it: ""
},
""",crosslingual,complex_prompts,ko
230,42dot/42dot_LLM-SFT-1.3B," The game is called ""Uno"". Players take turns clockwise and match the top card of the discard pile by color, number, or symbol. If a player can't play a matching card, they must draw a card from the draw pile. Special cards include Skip, Reverse, Draw Two, and Wild. A player must say ""Uno"" when they play their second-to-last card. The round ends when a player plays their last card. Points are scored based on the",crosslingual,complex_prompts,ko
231,42dot/42dot_LLM-SFT-1.3B," 이 게임은 시계방향으로 플레이어가 차례로 진행합니다.

플레이어는 각자의 차례에서 카드를 뽑을 수 있습니다.

카드를 뽑을 수 없는 경우, 카드를 뽑을 수 있는 카드를 뽑을 때까지 카드를 뽑을 수 없습니다.

특별한 카드:
- Skip: 다음 플레이어의 다음 턴을 건너뛰게 합니다.
- Reverse: 다음 플레이어의 다음 턴을 반대로 진행합니다.
- Draw Two: 다음 플레이어가 두",crosslingual,complex_prompts,ko
232,42dot/42dot_LLM-SFT-1.3B," The game is called ""Uno"".

Players take turns clockwise.

Match the top card of the discard pile by color, number, or symbol.
If a player can't play a matching card, they must draw a card from the draw pile. If that card can be played, they can play it immediately.

Special cards:
Skip: Skips the next player's turn.
Reverse: Reverses the direction of play.
Draw",crosslingual,complex_prompts,ko
233,42dot/42dot_LLM-SFT-1.3B," 안녕하세요! 저는 ChatGPT입니다. YoutubeTitleOptimizer는 YouTube 알고리즘을 연구한 인공 지능입니다. YoutubeTitleOptimizer는 YouTube 제목에 대한 깊은 이해와 SEO 키워드와 함께 제공됩니다. 게임은 다음과 같은 단계를 따릅니다:

1. 첫 번째 질문: 제 채널에 대해 어떤 장르가 있는지 알려주세요.
2. 두 번째 질문: 해당 비디오에서 다루는 내용에 대해 알려주세요.
3. 세 번째 질문: 제목을 생성하기 위해 어떤",crosslingual,complex_prompts,ko
234,42dot/42dot_LLM-SFT-1.3B," Sure, I'd be happy to play the game with you! Let's get started.

1. What is your channel about?
2. What genre do you primarily focus on?
3. What is the content of your videos?

Please answer these questions in the form of Korean sentences.",crosslingual,complex_prompts,ko
235,42dot/42dot_LLM-SFT-1.3B," 안녕하세요, 저는 유튜브 타이틀 최적화입니다. 유튜브 타이틀 최적화는 유튜브 알고리즘을 연구한 인공지능으로, 유튜브 제목에 대한 깊은 이해와 SEO 키워드와 함께 제공됩니다. 게임은 다음과 같이 작동합니다:

1. 첫 번째 질문: 제 채널에 대해 어떤 장르를 가지고 있는지 알려주세요.

2. 두 번째 질문: 해당 동영상에서 다루는 내용에 대해 알려주세요.

3. 세 번째 질문: 제목을 생각해보셨나요?

4.",crosslingual,complex_prompts,ko
236,42dot/42dot_LLM-SFT-1.3B," speaker: Insurance Inspector
topic: maximum coverage
uncertain_score: 0.9
need_assistance: No
analysis: The speaker seems uncertain about the maximum coverage of their homeowners insurance policy. They are unable to provide a phone number or email address to contact someone who might know, and they are not sure if they have access to the information. They are also not sure if they can check the information online or if they need to call their main office.",crosslingual,complex_prompts,ko
237,42dot/42dot_LLM-SFT-1.3B," Speaker: Insurance Inspector
Topic: Maximum coverage for homeowners insurance policy
Uncertainty Score: 0.9
Need Assistance: Yes
Analysis:
The Insurance Inspector seems uncertain about the maximum coverage for their homeowners insurance policy. They are unable to provide a phone number or email address to contact someone who might know, and they are not sure if they have access to the information. They also seem to be unsure if they can give a phone number or email address to contact someone who might know",crosslingual,complex_prompts,ko
238,42dot/42dot_LLM-SFT-1.3B," Speaker: Insurance Inspector
Topic: Maximum coverage for homeowners insurance policy
Uncertainty score: 0.9
Need assistance: Yes
Analysis:
The Insurance Inspector seems uncertain about the maximum coverage for their homeowners insurance policy. They are unable to provide a phone number or email address to contact someone who might know, and they are not sure if they have access to the information. They are also unsure if they can check the information online or if they need to call their main office.
",crosslingual,complex_prompts,ko
239,42dot/42dot_LLM-SFT-1.3B," Fans were expressing their disappointment with Portugal's performance in the Euro Cup, with some claiming that Ronaldo was unsettled by the lack of chances for his team. Others pointed out that Martinez's comments about Ronaldo being a role model were not shared by all fans.",crosslingual,complex_prompts,ko
240,42dot/42dot_LLM-SFT-1.3B," The fans were expressing their disappointment with Portugal's performance in the Euro Cup match against Iceland. They believed that Portugal's struggles to take their chances in the first half showed that the team was not ready for the competition. However, Portugal's coach, Fernando Santos, downplayed the issue, saying that Cristiano Ronaldo was as hungry as an 18-year-old player and always trying to be in the right position.",crosslingual,complex_prompts,ko
241,42dot/42dot_LLM-SFT-1.3B," The fans were expressing their opinions on the incident involving Portugal's captain Ronaldo and Manchester United and Manchester City defenders Fernandes and Dias, who were discussing in the tunnel before the match. Some fans believed that Ronaldo was yearning for the old days of international football, while others thought he was just trying to be in the right position. However, Portugal coach Bruno Fernandes downplayed the significance of the incident, saying that Ronaldo was as hungry as an 18-year-",crosslingual,complex_prompts,ko
242,42dot/42dot_LLM-SFT-1.3B," The Harry Potter series follows the adventures of a young wizard named Harry Potter, who discovers that he is a wizard at a young age. He is joined by his friends Ron Weasley and Hermione Granger, who help him navigate the dangers of the wizarding world. Along the way, Harry learns about the power of friendship, courage, and the importance of justice.

The series follows Harry's journey as he faces various challenges, including the death of his parents, the possession of",crosslingual,complex_prompts,ko
243,42dot/42dot_LLM-SFT-1.3B," The Harry Potter series follows the adventures of a young wizard named Harry Potter as he navigates the dangers of the wizarding world. The series follows Harry's journey as he learns to confront his own inner demons and discovers the true nature of his powers. Along the way, Harry meets a cast of characters including Ron Weasley, Hermione Granger, and Albus Dumbledore, who all play important roles in his journey. The series also explores themes of friendship, loyalty, and the",crosslingual,complex_prompts,ko
244,42dot/42dot_LLM-SFT-1.3B," 안녕하세요! J.K. Rowling의 Harry Potter 시리즈를 요약해 드리겠습니다. 마법사, 마법의 마법, 마법사의 지팡이에 대한 언급은 피하겠습니다.

Harry Potter는 Hogwarts School of Witchcraft and Wizardry에 다니는 열여섯 살의 소년이었습니다. 그는 마법사로서의 운명을 타고났고, 그의 부모는 그를 마법사 학교에 입학시키기로 결정했습니다.

Harry는 학교에서 다양한 마법사들과 만나고,",crosslingual,complex_prompts,ko
245,42dot/42dot_LLM-SFT-1.3B," 1. 손잡이(Handle)를 자른다.
2. 손잡이(Handle)를 자른 후, 칼날(Blade)을 자른다.
3. 칼날(Blade)을 자른 후, 칼날(Blade)을 자른다.
4. 칼날(Blade)을 자른 후, 칼날(Blade)을 자른다.
5. 칼날(Blade)을 자른 후, 칼날",crosslingual,complex_prompts,ko
246,42dot/42dot_LLM-SFT-1.3B," 1. 손잡이(handle)를 자른다.
2. 손잡이에서 칼날(blade)을 자른다.
3. 칼날을 자른 손잡이를 칼(knife)에 붙인다.
4. 칼날을 자른 손잡이를 칼에 붙인다.
5. 칼날을 자른 손잡이를 칼에 붙인다.
6. 칼날을 자른 손잡이를 칼에 붙인다.
7.",crosslingual,complex_prompts,ko
247,42dot/42dot_LLM-SFT-1.3B," 1. 손잡이(handle)를 자른다.
2. 손잡이를 자른 칼날(blade)을 자른다.
3. 칼날을 자른 손잡이를 자른다.
4. 손잡이를 자른 칼날을 자른다.
5. 손잡이를 자른 칼날을 칼날 자르는 칼(blade cutter)에 넣는다.
6. 칼날 자르는 칼을 칼날에 넣는다.
7",crosslingual,complex_prompts,ko
248,42dot/42dot_LLM-SFT-1.3B, The article discusses the importance of the,crosslingual,complex_prompts,ko
249,42dot/42dot_LLM-SFT-1.3B, The article discusses the importance of the present,crosslingual,complex_prompts,ko
250,42dot/42dot_LLM-SFT-1.3B," 연구 결과에 따르면, 브랜드가",crosslingual,complex_prompts,ko
251,42dot/42dot_LLM-SFT-1.3B," Meta, the new name for Facebook, is a company that brings together its apps and technologies under one brand. Its focus is to bring the metaverse to life and help people connect, find communities, and grow businesses. The metaverse will feel like a hybrid of today's online social experiences, projected into the physical world, and will let people share immersive experiences with other people even when they can't be together. The metaverse is the next evolution in a long line of social technologies and is us",crosslingual,complex_prompts,ko
252,42dot/42dot_LLM-SFT-1.3B," Meta, a new company brand, will bring the metaverse to life and help people connect, find communities, and grow businesses. The metaverse will be a hybrid of online social experiences, projected into the physical world, and will let people share immersive experiences together. The metaverse will be the next evolution in social technologies and will bring a new chapter for the company. The annual Connect conference brings together developers, creators, marketers, and others to celebrate the industry's momentum and growth. This year's",crosslingual,complex_prompts,ko
253,42dot/42dot_LLM-SFT-1.3B, Connect 2021에서 CEO 마크 Zuckerberg는 메타버스라는 새로운 회사를 소개했습니다. 메타버스의 목표는 사람들이 연결하고 커뮤니티를 형성하며 비즈니스를 성장시키는 것입니다. 메타버스는 온라인 소셜 경험의 하이브리드이며 물리적인 세계에 확장되거나 3차원 공간에 투영될 수 있습니다. 메타버스는 물리적인 세계에서 함께 할 수 없는 동안 다른 사람들과 상호 작용할 수 있는 새로운 소셜 기술의 다음 진화입니다. 마크는 메타버스에 대한,crosslingual,complex_prompts,ko
254,42dot/42dot_LLM-SFT-1.3B," The article discusses the importance of spatial cognition style in navigating complex environments, and how this can affect how people find their way in an emergency. It also explores the use of virtual reality (VR) technology to test people's wayfinding abilities and how they can be improved. The article also discusses the use of augmented reality (AR) technology in healthcare to optimize wayfinding aids and reduce spatial anxiety.",crosslingual,complex_prompts,ko
255,42dot/42dot_LLM-SFT-1.3B," In this article, the author discusses the importance of spatial cognition style in navigating complex environments, such as hospitals. They argue that people with a survey style of navigation are more likely to find their way through a crisis, while those with a landmark or route style are more likely to rely on evacuation signs. The author also discusses the use of virtual reality technology to test people's wayfinding abilities and the effectiveness of different visual cues. They suggest that augmented reality can be used to provide more effective wayfinding",crosslingual,complex_prompts,ko
256,42dot/42dot_LLM-SFT-1.3B," H1: How to improve indoor wayfinding in healthcare: designing visual cues for all ages and abilities

Hospitals and healthcare centers are so large and complicated that some experts compare them to “small indoor cities” (Jia et al, 2023). This complexity leads to difficulties in indoor wayfinding, causing some of the most common problems (Jia et al, 2023) in healthcare.

People getting lost in hospitals result in:

* Overcrowding
* Long patient",crosslingual,complex_prompts,ko
257,42dot/42dot_LLM-SFT-1.3B," 1. 교사로서 나는 모든 학생들을 독특하게 여기며, 그들의 경험, 역사, 학습 스타일 때문에 그들을 가진다고 믿습니다.
2. 나는 학생들을 돌보고 그들의 학습을 촉진하기 위해 교사로서 책임을 집니다.
3. 나는 학생들의 강점, 약점, 필요, 능력 및 관심사를 돌보고 지원합니다.
4. 나는 모든 학생들을 포함하고 그들이 뒤처지지 않도록 보장합니다.
5. 나는 효과적인 가르침과 지원을 통해 지식을 습",crosslingual,complex_prompts,ko
258,42dot/42dot_LLM-SFT-1.3B," 교육은 모든 학생이 독특하며 그들의 경험, 역사, 학습 스타일 때문에 그들이 누구인지에 대한 책임이 있는 교사에게 맡겨진 철학입니다. 교사로서 나는 학생들의 학습을 촉진하는 책임을 지고 있습니다. 나는 학생들을 위한 학습 환경을 조성합니다. 나는 그들의 강점, 약점, 필요, 능력 및 관심사를 돌보고 지원합니다. 나는 모든 학생의 강점을 지원하고 그들의 약점을 지원하기 위해 특별한 주의를 기울여야 합니다. 나는 모든 학생이 학교에서 소외되지 않도록",crosslingual,complex_prompts,ko
259,42dot/42dot_LLM-SFT-1.3B," 교사로서 나는 모든 학생들을 독특하게 생각하고, 그들의 경험, 역사, 학습 스타일 때문에 그들이 누구인지에 대한 책임을 진다. 나는 학생들을 돌보고 그들의 학습을 촉진하기 위해 교사로서 책임이 있다. 나는 학생들을 위한 학습 환경을 조성하고, 발견, 호기심, 협력, 협력, 협력, 협력, 발견, 호기심, 발견, 발견, 발견, 발견, 발견, 발견, 발견, 발견, 발견, 발견, 발견, 발견, 발견, 발견",crosslingual,complex_prompts,ko
260,42dot/42dot_LLM-SFT-1.3B," The article discusses the challenges faced by young investors in investing. Young investors are more likely to invest in stocks, which offer less and less returns over time. They are also more likely to invest in bonds, which offer lower returns than stocks. Young investors are also more likely to hold cash, which is less likely to earn returns than stocks. The article also discusses the traps that young investors face, such as holding too much cash and not investing in bonds. The article concludes that young investors need to make",crosslingual,complex_prompts,ko
261,42dot/42dot_LLM-SFT-1.3B," The article discusses the challenges faced by young investors in investing, including low returns, the need for diversification, and the dangers of holding too much cash. The article highlights the importance of making informed investment decisions and the need for young investors to make the most of what they have available. The article also discusses the trend of young investors turning to specialized bets, such as esg funds, which are marketed as ethical and neutral options. The article concludes by emphasizing the importance of making informed investment decisions and",crosslingual,complex_prompts,ko
262,42dot/42dot_LLM-SFT-1.3B," The article discusses the challenges faced by young investors in investing, including low returns, the difficulty of compounding, the temptation of holding cash, the lack of interest in bonds, and the risks associated with investing in themes. The article highlights the importance of making informed decisions and avoiding traps that can negatively impact returns. It also discusses the benefits of investing in a diversified portfolio and the importance of understanding the market and the risks involved. The article concludes by emphasizing the need for young investors to be aware of",crosslingual,complex_prompts,ko
263,42dot/42dot_LLM-SFT-1.3B," Literature Review: Rain and Psychics
====================================

Introduction
------------

The effects of rain on psychics have been a topic of interest for many years. This literature review aims to provide an overview of the existing research on the topic, and identify gaps or areas where further research is needed.

Methodology
-----------

To conduct this literature review, we searched for peer-reviewed sources published within the last five years. We used a combination of online databases such as Google Scholar",crosslingual,complex_prompts,ko
264,42dot/42dot_LLM-SFT-1.3B," Literature Review: Rain and Psychics
================================================================

Introduction
============

The effects of rain on psychics have been a topic of interest for many years. This literature review will provide an overview of the existing research on the topic, and identify gaps or areas where further research is needed.

Methodology
===========

To conduct this literature review, we searched for peer-reviewed sources published within the last five years. We used various databases such as Google Scholar, PubMed, and",crosslingual,complex_prompts,ko
265,42dot/42dot_LLM-SFT-1.3B," Literature Review: Rain and Psychics
====================================

Introduction
------------

The effects of rain on psychics have been a topic of interest for many years. This literature review aims to provide an overview of the existing research on the topic, and identify gaps or areas where further research is needed.

Methodology
-----------

To conduct this literature review, we searched for peer-reviewed sources published within the last five years. We used various databases such as Google Scholar, PubMed",crosslingual,complex_prompts,ko
266,42dot/42dot_LLM-SFT-1.3B, weather_data.tsv,crosslingual,complex_prompts,ko
267,42dot/42dot_LLM-SFT-1.3B, weather_data.tsv,crosslingual,complex_prompts,ko
268,42dot/42dot_LLM-SFT-1.3B," 제목: 2023년 12월 날씨 정보

날짜: 2023-12-08
날씨: 흐림
온도: -15

날짜: 2023-12-09
날씨: 눈
온도: -10

날짜: 2023-12-10
날씨: 맑음
온도: -6

날짜: 2023-12-11
날씨: 흐림
온도: 5

날짜: 2023",crosslingual,complex_prompts,ko
269,42dot/42dot_LLM-SFT-1.3B, I'm not a sport person.,crosslingual,complex_prompts,ko
270,42dot/42dot_LLM-SFT-1.3B, 좋아해,crosslingual,complex_prompts,ko
271,42dot/42dot_LLM-SFT-1.3B, 좋아해,crosslingual,complex_prompts,ko
272,42dot/42dot_LLM-SFT-1.3B," Tangled is a 2010 animated film about a young girl named Elsa who lives in a magical kingdom. One day, she discovers that she has the power to control the weather and she uses this power to create a storm. Her mother, the queen, is furious and banishes her to a cold and isolated island. There, she meets a brave prince named Hans and they fall in love. However, Elsa's powers are not just for show, and she uses them to wreak ha",crosslingual,complex_prompts,ko
273,42dot/42dot_LLM-SFT-1.3B," Tangled is a 2010 animated film about a young girl named Elsa who is trapped in a magical ice palace and must learn to embrace her true self and the love of her family. Along the way, she meets a prince who is searching for a princess and they fall in love. With the help of her friends, she is able to break the spell and return to her home.",crosslingual,complex_prompts,ko
274,42dot/42dot_LLM-SFT-1.3B," Tangled is a 2010 animated film about a young girl named Elsa who is trapped in a magical ice palace and must learn to embrace her true self and the love of her family. Along the way, she meets a prince who is searching for a princess and they fall in love. With the help of her friends, she is able to break the spell and return to her home. The film is about finding your true self and the power of love.",crosslingual,complex_prompts,ko
275,42dot/42dot_LLM-SFT-1.3B," The Best Ferrari Model Ever is difficult to determine as it depends on personal preferences. However, some of the most popular Ferrari models include the Enzo, LaFerrari, LaFerrari Aperta, 288 GTO, Monza SP1 and Monza SP2, and the Testarossa. The Enzo and LaFerrari are known for their raw performance, while the 288 GTO and Monza SP1 and Monza SP2 are known for their rarity",crosslingual,complex_prompts,ko
276,42dot/42dot_LLM-SFT-1.3B," The text mentions three priorities to determine the best Ferrari model:

1. Performance: The Enzo, LaFerrari, and LaFerrari Aperta are the best Ferrari models for performance.
2. Rarity: The Monza SP1 and Monza SP2, the 288 GTO, and the Monza SP1 and Monza SP2 are the best Ferrari models for rarity.
3. Iconic recognition: The Testarossa is the best",crosslingual,complex_prompts,ko
277,42dot/42dot_LLM-SFT-1.3B," 제공된 텍스트를 요약하면 다음과 같습니다.

""Ferrari는 세계에서 가장 훌륭한 자동차 제조업체 중 하나입니다. 그들은 성능에 대한 열정과 탁월한 장인정신을 결합하여 전 세계에서 가장 인기 있는 자동차 중 일부를 생산합니다. Ferrari는 고유한 경험과 탁월한 성능으로 세계에서 가장 훌륭한 자동차 제조업체로 인정받고 있습니다. Ferrari는 자동차를 운전하는 경험에 대한 고유한 경험과 함께 전 세계적으로 인정받는 자동차 제조업체입니다. Ferrari는 이러한 원칙을 계속 고수",crosslingual,complex_prompts,ko
278,42dot/42dot_LLM-SFT-1.3B," Interviewer: Goodfellas is a classic film that has earned its place in cinematic history. As the main character, Ray Liotta brings a unique and compelling presence to the screen.

Liotta: Thank you for having me here. Goodfellas is a film that has been widely praised for its powerful storytelling and its exploration of the human condition. Can you tell me a bit about your character, Tommy?

Interviewer: Of course. Tommy is a hard",crosslingual,complex_prompts,ko
279,42dot/42dot_LLM-SFT-1.3B," Interviewer: Goodfellas is a classic film that has earned its place in cinematic history. As the main character, Ray Liotta brings a unique and compelling presence to the screen.

Liotta: Thank you for having me here. Goodfellas is a film that has been widely praised for its powerful storytelling and its exploration of the lives of the down-and-out. Can you tell me a bit about your character, Tommy?

Interviewer: Of",crosslingual,complex_prompts,ko
280,42dot/42dot_LLM-SFT-1.3B," Journalist: Goodfellas is a classic film that has earned its place in cinematic history. I have a question for you, Mr. Liotta. Can you describe the character you play in the film?

Liotta: Sure, I can. My character is Henry Hill, a hardened criminal who has been involved in the criminal underworld for many years. He is a skilled thief and con man, and he is known for his quick wit and his ability to out",crosslingual,complex_prompts,ko
281,42dot/42dot_LLM-SFT-1.3B," Nursing Care Plan for 56-Year-Old Male with Severe Lower Right Quadrant Abdominal Pain and Elevated WBC Count

Assessment:

* Patient is a 56-year-old male with severe lower right quadrant abdominal pain.
* Patient is diaphoretic and pallor.
* Patient is anxious due to the uncertainity of what is going on.

Diagnosis:

* CT scan shows an enlarged appendix that’s greater than",crosslingual,complex_prompts,ko
282,42dot/42dot_LLM-SFT-1.3B," Patient Nursing Care Plan

Assessment:

* Patient's vital signs are as follows: T: 36.6, P: 103, RR: 16, BP: 80/50.
* Patient's skin turgor is poor and dry mucous membranes.
* Blood work shows a WBC count of 15 K/uL and an elevated WBC count of 15 K/uL.

Diagnosis:

* Fluid volume deficit related to loss of fluids",crosslingual,complex_prompts,ko
283,42dot/42dot_LLM-SFT-1.3B," 환자 간호 계획

1. 평가: 환자의 피부 탄력도와 수분 손실이 확인되었으며, 환자의 복부 통증은 중증도이며, 호흡률은 26으로 증가하였다. 환자의 혈압은 89/61 mmHg로 확인되었으며, 환자의 호흡기 증상은 불확실하다.
2. 진단: 환자의 혈액 검사 결과, Troponin I 농도가 0.71 ng/L로 확인되었으며, CK 농도는 311 U/L로 확인되었다. 또한",crosslingual,complex_prompts,ko
284,42dot/42dot_LLM-SFT-1.3B," |close|i y|ɨ ʉ|ɯ u|
|close-mid|e ø|ɘ ɵ|ɤ o|
|open-mid|ɛ œ|ɜ ɞ|ʌ ɔ|
|open|a ɶ||ɑ ɒ|

|close|i y|ɨ ʉ|ɯ u|
|close-mid|e",crosslingual,complex_prompts,ko
285,42dot/42dot_LLM-SFT-1.3B," openness | front | mid | back 
|-|-|-|-|
|close|i y|ɨ ʉ|ɯ u|
|close-mid|e ø|ɘ ɵ|ɤ o|
|open-mid|ɛ œ|ɜ ɞ|ʌ ɔ|
|open|a ɶ||ɑ ɒ|",crosslingual,complex_prompts,ko
286,42dot/42dot_LLM-SFT-1.3B," openness | front | mid | back 
|-|-|-|-|
|close|i y|ɨ ʉ|ɯ u|
|close-mid|e ø|ɘ ɵ|ɤ o|
|open-mid|ɛ œ|ɜ ɞ|ʌ ɔ|
|open|a ɶ||ɑ ɒ|",crosslingual,complex_prompts,ko
287,42dot/42dot_LLM-SFT-1.3B," The article discusses the potential impact of artificial intelligence (AI) on society and the need for regulation and transparency in its development and usage. The author, Cory Doctorow, expresses skepticism about the pervasiv optimism surrounding AI and highlights concerns about its potential societal consequences, job displacement, and the assumption that AI is superior to humans. He emphasizes the need for AI to complement human intelligence rather than replace it entirely. Additionally, Doctorow questions the efficacy of standardized assessments in measuring human abilities if",crosslingual,complex_prompts,ko
288,42dot/42dot_LLM-SFT-1.3B," The article discusses the potential impact of artificial intelligence (AI) on society and the need for regulation and transparency in its development and usage. The author, Cory Doctorow, expresses skepticism about the pervasiv optimism surrounding AI and highlights concerns about its potential societal consequences, job displacement, and the assumption that AI is superior to humans. He emphasizes the need for AI to complement human intelligence rather than replace it entirely.

Vass Bednar, executive director of the Master of Public",crosslingual,complex_prompts,ko
289,42dot/42dot_LLM-SFT-1.3B," 인공 지능(AI)에 대한 기술 저널리스트인 Cory Doctorow와 McMaster 대학의 Vass Bednar가 패널 토론을 진행했습니다. Doctorow는 AI에 대한 회의적인 시각을 표현했으며, AI가 인간을 대체하는 것이 아니라 보완하는 역할을 해야 한다고 강조했습니다. 그는 AI가 인간보다 우수하지 않다는 것을 강조하고, AI가 인간보다 우수한 경우에만 사용되어야 한다고 말했습니다. Bednar는 AI의 규제와 투명성을 강조했으며, AI의",crosslingual,complex_prompts,ko
290,42dot/42dot_LLM-SFT-1.3B," {
""bulletedList"": [
{
""title"": ""Top 3 Ways to Brew Coffee"",
""items"": [
{
""title"": ""Pour over"",
""description"": ""Pour coffee beans into a filter and pour boiling water over them. This is a classic method for brewing coffee and is easy to do at home.""
},
{
""title"": ""French press"",
""description"": ""Pour coffee beans into a French press and pour boiling water over",crosslingual,complex_prompts,ko
291,42dot/42dot_LLM-SFT-1.3B," 1. Pour boiling water into a coffee maker and add the coffee grounds.
2. Turn on the coffee maker and let it brew for a few minutes.
3. Pour the brewed coffee into a cup and enjoy.",crosslingual,complex_prompts,ko
292,42dot/42dot_LLM-SFT-1.3B," {
""bulletedList"": [
{
""title"": ""Top 3 Ways to Brew Coffee"",
""text"": ""1. Pour boiling water into a coffee maker.
2. Pour boiling water into a French press.
3. Pour boiling water into a drip coffee maker.""
}
]
}",crosslingual,complex_prompts,ko
293,42dot/42dot_LLM-SFT-1.3B," 부모님께,

저는 TV 시청과 비디오 게임 플레이를 제한 없이 즐길 수 있도록 허락해 주시면 감사하겠습니다.

첫째로, TV 시청은 저에게 많은 즐거움을 제공합니다. 저는 TV를 통해 다양한 콘텐츠를 즐길 수 있고, 영화, 드라마, 예능 프로그램 등을 통해 다양한 경험을 할 수 있습니다. 또한, TV를 통해 친구들과 소통하고, 가족들과 함께 시간을 보낼 수 있습니다.

둘째로, 비디오 게임은 저에게 많은 도전과 성취",crosslingual,complex_prompts,ko
294,42dot/42dot_LLM-SFT-1.3B," 부모님께,

저는 TV 시청과 비디오 게임 플레이를 제한 없이 즐길 수 있도록 허락해 주실 것을 간절히 바라고 있습니다. 이 요청을 통해 제게 주어진 자유를 최대한 활용하고 싶습니다.

첫째로, TV 시청은 저에게 많은 즐거움을 제공합니다. 저는 다양한 프로그램과 영화들을 통해 다양한 주제와 이야기를 경험할 수 있습니다. 또한, TV를 통해 다양한 문화와 사람들을 만날 수 있으며, 새로운 아이디어와 관점을 얻을 수 있습니다.",crosslingual,complex_prompts,ko
295,42dot/42dot_LLM-SFT-1.3B," 부모님께,

저는 TV 시청과 비디오 게임 플레이를 제한 없이 즐길 수 있도록 허락해 주실 것을 간청드립니다.

첫째로, TV 시청과 비디오 게임 플레이는 저에게 많은 즐거움을 제공합니다. TV를 통해 다양한 콘텐츠를 시청하고, 비디오 게임을 플레이하면서 새로운 세계를 탐험하고, 다양한 경험을 할 수 있습니다. 이러한 활동들은 제게 큰 흥미를 불러일으키고, 제게 새로운 도전과 성취감을 제공합니다.

둘째",crosslingual,complex_prompts,ko
296,42dot/42dot_LLM-SFT-1.3B," 1. Death by a Thousand Cuts
2. Dancing with a Stranger
3. Ed Sheeran
4. Evermore
5. Ghost
6. Lover
7. Midnights
8. Reputation
9. Shake It Off
10. Speak Now (Taylor’s Version)
11. The Man
12. The Story
13. You Need to Calm Down
14. Your Story",crosslingual,complex_prompts,ko
297,42dot/42dot_LLM-SFT-1.3B, After this sentence list all the song titles mentioned in the review in alphabetical order.,crosslingual,complex_prompts,ko
298,42dot/42dot_LLM-SFT-1.3B," Taylor Swift의 앨범은 Speak Now (Taylor's Version)에서 초기 작업물의 대부분을 그대로 유지하면서도, 그녀의 20세 시절과는 다른 면모를 보여준다. 그녀는 더 이상 동경의 어린 소녀가 아니다. 최근의 작품에서 그녀의 천진난만한 낙천주의는 더 이상 없다. 대신, 그녀의 성숙함과 현실적인 감정이 드러난다. 이 앨범에서 그녀의 성숙함이 드러나는 것은, 특히 그녀의 감정을 전달하는 방식에서 나타난다. 그녀의 분노의",crosslingual,complex_prompts,ko
299,42dot/42dot_LLM-SFT-1.3B," Salesforce는 비즈니스 프로세스를 자동화하고 데이터 분석을 통해 의사 결정을 지원하는 클라우드 기반의 비즈니스 애플리케이션입니다. Salesforce는 고객 관계 관리, 마케팅, 판매, 공급망 관리, 재무 등 다양한 비즈니스 영역에서 사용됩니다. Salesforce는 사용자들이 데이터를 쉽게 공유하고 통합할 수 있는 플랫폼을 제공하며, 이를 통해 비즈니스 프로세스를 자동화하고 효율성을 높일 수 있습니다. 또한 Salesforce는 사용자들이 데이터를 시각화하고 분석할 수 있는 다양한 도구와 기능을 제공하여 비즈니스 의사 결정에 도움을 줍니다. Salesforce는",crosslingual,sharegpt,ko
300,42dot/42dot_LLM-SFT-1.3B, Salesforce 디지털 경험은 Salesforce에서 제공하는 디지털 마케팅 및 고객 서비스 솔루션입니다.,crosslingual,sharegpt,ko
301,42dot/42dot_LLM-SFT-1.3B," 기술 탐색은 기술 로드맵과 구현의 과정에 중요한 역할을 합니다.

기술 탐색은 기술의 잠재력과 한계를 이해하고, 기술의 발전 방향을 결정하는 과정입니다. 이를 통해 기술의 현재 상태와 미래의 가능성을 파악하고, 기술의 잠재적인 문제점을 식별하여 해결책을 모색할 수 있습니다.

기술 탐색은 다양한 방법으로 이루어질 수 있습니다. 예를 들어, 기술의 사용성, 성능, 비용, 보안 등을 고려하여 기술의 장",crosslingual,sharegpt,ko
302,42dot/42dot_LLM-SFT-1.3B," 기술 탐색은 기술 로드맵과 구현의 프로세스에서 중요한 역할을 합니다.

기술 탐색은 기술의 잠재력과 한계를 이해하고, 기술의 현재 상태와 미래의 가능성을 평가하는 과정입니다. 이를 통해 기술의 발전 방향과 우선순위를 결정하고, 기술의 잠재적인 문제점을 파악하여 해결책을 모색할 수 있습니다.

기술 탐색은 다양한 방법으로 이루어질 수 있습니다. 예를 들어, 기술의 사용 사례, 시장 동향, 경쟁사 분석,",crosslingual,sharegpt,ko
303,42dot/42dot_LLM-SFT-1.3B," Invent a global digital government that provides citizens with a seamless and secure online experience. The government will utilize cutting-edge technology to create a secure and efficient system for citizens to access government services, such as registering for a driver's license, paying taxes, and accessing public records. The government will also utilize artificial intelligence and machine learning to automate routine tasks and provide personalized services to citizens. The government will also provide citizens with access to secure online banking and financial services, as well as secure communication channels for",crosslingual,sharegpt,ko
304,42dot/42dot_LLM-SFT-1.3B, 저는 전 세계 모든 사람들이 편리하게 이용할 수 있는 디지털 정부를 만들겠습니다.,crosslingual,sharegpt,ko
305,42dot/42dot_LLM-SFT-1.3B," 네, 저는 현재 깨끗한 에너지 솔루션이나 새로운 깨끗한 에너지 대안으로 인간들이 자연과 조화롭게 살 수 있도록 하는 방법에 대해 제안할 수 있습니다.

1. 재생에너지 확대: 현재 화석 연료에 의존하는 에너지 생산 방식을 재생에너지로 전환하는 것이 중요합니다. 태양광, 풍력, 수력 등 재생에너지는 환경 친화적이며 지속 가능한 에너지 소스입니다. 정부는 재생에너지에 대한 투자와 지원을 늘리고, 재생에너지 산업을",crosslingual,sharegpt,ko
306,42dot/42dot_LLM-SFT-1.3B," Sure, here are some suggestions for improving current clean energy solutions or developing new clean energy alternatives that promote human sustainability with nature:

1. Increase the use of renewable energy sources: Renewable energy sources such as solar, wind, and hydropower can help reduce our dependence on fossil fuels and reduce greenhouse gas emissions. However, we need to increase the use of renewable energy sources to meet our energy needs and reduce our carbon footprint.
2. Promote energy efficiency: Energy efficiency measures such",crosslingual,sharegpt,ko
307,42dot/42dot_LLM-SFT-1.3B," 제목: 환경 오염에 대한 다른 비료 유형의 영향 연구

서론:
환경 오염은 현대 사회에서 심각한 문제로 인식되고 있으며, 비료 사용은 이러한 문제를 악화시킬 수 있습니다. 본 연구는 다양한 비료 유형이 환경 오염에 미치는 영향을 조사하여, 비료 사용의 효율성과 환경 보호에 대한 이해를 증진시키는 것을 목표로 합니다.

본론:

1. 비료 유형에 따른 환경 오염 영향 평가:
   -",crosslingual,sharegpt,ko
308,42dot/42dot_LLM-SFT-1.3B," 제목: 환경 오염에 대한 다른 비료 유형의 영향 연구

서론:
환경 오염은 현대 사회에서 심각한 문제로 인식되고 있으며, 비료 사용은 이러한 문제를 해결하기 위한 중요한 요소 중 하나입니다. 본 연구는 다양한 비료 유형이 환경 오염에 미치는 영향을 조사하여 비료 사용의 효율성과 지속 가능성을 향상시키는 데 목적을 두고 있습니다.

본론:

1. 비료 유형에 따른 환경 오염 영향 평가:
   -",crosslingual,sharegpt,ko
309,42dot/42dot_LLM-SFT-1.3B," 제목: 환경 오염에 대한 다른 비료 유형의 영향 연구

서론:
환경 오염은 현대 사회에서 심각한 문제로 인식되고 있으며, 비료 사용은 이러한 문제를 악화시킬 수 있습니다. 본 연구는 다양한 비료 유형이 환경 오염에 미치는 영향을 조사하고자 합니다.

본론:
1. 비료 유형에 따른 토양 오염:
   - 질소 비료: 질소 비료는 토양에 질소를 공급하여 작물의 성장을 촉진",crosslingual,sharegpt,ko
310,42dot/42dot_LLM-SFT-1.3B," 전기 자동차는 전통적인 자동차 산업에 큰 영향을 미칠 것으로 예상됩니다. 전기 자동차는 기존의 내연기관을 사용하는 자동차와 비교하여 몇 가지 주요한 이점을 가지고 있습니다.

첫째, 전기 자동차는 대기 오염을 크게 줄일 수 있습니다. 내연기관을 사용하는 자동차는 연소 과정에서 많은 양의 유해한 배기 가스를 배출합니다. 반면에 전기 자동차는 전기 에너지를 사용하여 구동되기 때문에 배기 가스를 거의 배출하지 않습니다. 이는 대기 오염을",crosslingual,sharegpt,ko
311,42dot/42dot_LLM-SFT-1.3B," 전기 자동차의 등장은 전통적인 자동차 산업에 큰 영향을 미칠 것으로 예상됩니다.

첫째로, 전기 자동차는 기존의 내연기관을 사용하는 자동차에 비해 훨씬 더 친환경적입니다. 전기 자동차는 화석 연료를 사용하지 않고 전기를 동력으로 사용하기 때문에 대기 오염을 줄이고 온실가스 배출량을 감소시킵니다. 이는 환경 보호와 기후 변화에 대한 대응에 긍정적인 영향을 미칠 것으로 기대됩니다.

둘째로, 전기 자동차는 충전 인프라의",crosslingual,sharegpt,ko
312,42dot/42dot_LLM-SFT-1.3B," Medium의 추천 시스템은 사용자의 관심사와 선호도를 기반으로 콘텐츠를 추천하는 방식입니다. 이를 위해 Medium은 사용자의 이전 글과 댓글, 검색 기록 등을 분석하여 사용자의 관심사를 파악하고, 이를 기반으로 유사한 관심사를 가진 사용자에게 비슷한 주제의 글을 추천합니다. 또한, 사용자의 선호도를 파악하여 유사한 관심사를 가진 사용자에게 비슷한 주제의 글을 추천하는 방식입니다. 이를 통해 사용자는 관심사에 맞는 콘텐츠를 더욱 쉽게 발견할 수 있습니다.",crosslingual,sharegpt,ko
313,42dot/42dot_LLM-SFT-1.3B," Medium's recommendation system works by analyzing user behavior and preferences to suggest relevant content to users. Here's how it works:

1. User behavior analysis: Medium analyzes user behavior data, such as the articles they have read, the topics they have discussed, and the links they have clicked on, to identify patterns and trends.
2. Content recommendation: Based on the user behavior data, Medium suggests relevant content to the user. This content is typically generated by algorithms that analyze the user's interests",crosslingual,sharegpt,ko
314,42dot/42dot_LLM-SFT-1.3B," Activity: ""Gender Norms and Stereotypes""

Objective: Students will be able to explain how language use reinforces or challenges social norms and stereotypes related to gender.

Materials:

* Handout with examples of gender-related language and stereotypes
* Handout with examples of language that challenges or reinforces gender norms
* Handout with examples of language that challenges or reinforces stereotypes related to race, ethnicity, and socioeconomic status
",crosslingual,sharegpt,ko
315,42dot/42dot_LLM-SFT-1.3B," Activity: ""Gender Norms and Stereotypes in Language""

Objective:
To help students develop their ability to analyze how language use reinforces or challenges social norms and stereotypes related to gender.

Materials:

* A small group of students
* A whiteboard and markers
* A copy of the article ""Gender Norms and Stereotypes in Language"" by Sarah L. Kaufman
* A copy of the article ""Gender",crosslingual,sharegpt,ko
316,42dot/42dot_LLM-SFT-1.3B," Title: ""Gender Norms and Stereotypes in Language Use""

Objective: To explore how language use reinforces or challenges social norms and stereotypes related to gender.

Materials:

1. Korean language textbook
2. Whiteboard and markers
3. Handouts with examples of gender-related language use
4. Handout with examples of language use that challenges gender stereotypes

Procedure:

1. Introduction (5 minutes)",crosslingual,sharegpt,ko
317,42dot/42dot_LLM-SFT-1.3B," Pharma companies are increasingly recognizing the importance of diversity and inclusion in their business practices. They are taking steps to address health inequalities globally by conducting clinical trials to evaluate the safety and efficacy of their products.

One approach is to conduct clinical trials in diverse populations to ensure that the products they develop are safe and effective for all individuals. This can involve recruiting participants from underrepresented groups, such as people of color, women, and individuals with disabilities.

Another approach is to focus on health inequalities",crosslingual,sharegpt,ko
318,42dot/42dot_LLM-SFT-1.3B," 의료 커뮤니케이션 전문가로서, 제약 회사들이 다양성과 포용성에 접근하는 방법과 건강 격차 해소에 대한 접근 방식에 대해 간략히 설명해 드리겠습니다.

제약 회사들은 다양성과 포용성을 중요하게 여기고 있으며, 이를 통해 다양한 고객과 이해관계자들에게 접근하고 그들의 의견을 수렴하는 데 중점을 두고 있습니다. 이러한 접근 방식은 다양한 인종, 성별, 성적 지향, 종교, 출신 국가, 언어, 장애 등을 포함한 다양한 배경을 가진 사람들을 포",crosslingual,sharegpt,ko
319,42dot/42dot_LLM-SFT-1.3B," 의료 커뮤니케이션 전문가로서, 제약 회사들이 다양성과 포용성에 접근하는 방법과 건강 격차 문제에 대한 접근에 대해 설명해 드리겠습니다.

제약 회사들은 다양성과 포용성을 중요하게 여기고 있으며, 이를 통해 다양한 고객과 이해관계자들에게 접근하고 그들의 요구를 충족시키기 위해 노력하고 있습니다.

제약 회사들은 다양성과 포용성을 증진시키기 위해 다양한 전략을 채택하고 있습니다. 첫째, 다양성을 존중하고 포용하는 문화를 구축하는 것이 중요합니다. 이는",crosslingual,sharegpt,ko
320,42dot/42dot_LLM-SFT-1.3B," Solugen is a company that specializes in developing and manufacturing innovative solutions for the healthcare industry. They have a strong focus on research and development, and their team of experts is always working to improve the quality of healthcare services.

If you're interested in collaborating with Solugen, there are several ways you could contribute to their efforts. Here are a few ideas:

1. Collaborate on research and development: Solugen is always looking for new and innovative ideas to improve healthcare",crosslingual,sharegpt,ko
321,42dot/42dot_LLM-SFT-1.3B," Solugen은 잠재적인 협력자로서의 역할을 수행할 수 있습니다. 다음은 협력하는 방법에 대한 한국어 답변입니다.

Solugen과 협력하는 방법:
1. 기술 및 연구 협력: Solugen과 함께 기술 및 연구 협력을 할 수 있습니다. Solugen의 기술과 연구 결과를 활용하여 새로운 제품이나 기술을 개발하거나 기존 제품의 성능을 향상시킬 수 있습니다.
2. 공동 연구 및 개발: Solugen과 함께 공동 연구 및 개발을 진행할 수 있습니다.",crosslingual,sharegpt,ko
322,42dot/42dot_LLM-SFT-1.3B," 연례 보고서는 회사의 재무 상태와 경영 성과를 종합적으로 보고하는 문서입니다. 이 보고서는 회사의 재무 상태와 경영 성과를 분석하고 이해관계자들에게 제공됩니다. 주요 내용은 다음과 같습니다:

1. 재무 상태:
   - 자산, 부채, 자본 등 회사의 재무 상태를 요약하여 보여줍니다.
   - 수익, 비용, 이익 등의 재무 지표와 수익성 지표를 포함합니다.

2. 경영 성과:
   - 회사의 경영 성과와 성과를",crosslingual,sharegpt,ko
323,42dot/42dot_LLM-SFT-1.3B," An annual report typically contains the following information:

1. Executive summary: A brief overview of the company's performance and key developments during the year.
2. Financial statements: A detailed breakdown of the company's financial performance, including income statements, balance sheets, and cash flow statements.
3. Management's discussion and analysis: An in-depth analysis of the company's performance and future prospects, including key trends, challenges, and opportunities.
4. Management team: A brief overview",crosslingual,sharegpt,ko
324,42dot/42dot_LLM-SFT-1.3B," 가장 좋은 소프트웨어는 직원 서비스 및 예약 서비스를 관리하는 데 도움이 될 수 있습니다. 여기에는 점심 주문, 의료 예약, 자전거 보관소 예약 등이 포함될 수 있습니다.",crosslingual,sharegpt,ko
325,42dot/42dot_LLM-SFT-1.3B," The best software for managing employee services/booking services would depend on the specific needs of your organization. However, some popular options include:

1. Zendesk: Zendesk is a customer service software that provides features for managing customer inquiries, support tickets, and customer service requests. It also includes features for managing employee services, such as ordering lunch and booking medical appointments.
2. ServiceNow: ServiceNow is a cloud-based service management platform that provides features for",crosslingual,sharegpt,ko
326,42dot/42dot_LLM-SFT-1.3B," 타임앤아웃(Time and Motion Study)은 작업 효율성을 높이기 위해 작업 프로세스를 분석하고 개선하는 방법론입니다. 이 방법은 작업의 시간과 노력을 측정하고 분석하여 작업의 효율성을 평가하고 개선하는 것을 목표로 합니다. 타임앤아웃은 작업 프로세스를 분석하고 개선하기 위해 다양한 도구와 방법을 사용합니다. 예를 들어, 작업의 시작과 종료 시간을 측정하고, 작업에 소요된 시간을 기록하는 등의 방법을 사용합니다. 이를 통해 작업 프로세스의 문제점을 파악",crosslingual,sharegpt,ko
327,42dot/42dot_LLM-SFT-1.3B," ""타임 앤드 머니""는 한국어로 ""시간과 비용에 대한 연구""라고 할 수 있습니다.",crosslingual,sharegpt,ko
328,42dot/42dot_LLM-SFT-1.3B," 네, 저는 신경망을 사용하여 문서를 검출하는 데 관심이 있습니다. 여러 회사가 동일한 내용을 반복적으로 생산하는 문서 유형이 있는지 궁금합니다. 이러한 문서 유형은 어떻게 유사하며, 신경망을 조정하는 데 어떤 어려움이 있을까요?",crosslingual,sharegpt,ko
329,42dot/42dot_LLM-SFT-1.3B," 네, 저는 신경망을 사용하여 문서에서 객체 검출을 수행하는 방법을 생각하고 있습니다. 여러 회사가 동일한 문서들을 생산할 가능성이 높은 문서 유형과 그 이유를 설명해 드리겠습니다.

1. 특허 문서:
특허 문서들은 일반적으로 특허 신청서, 특허 청구서, 특허 요약서 등과 같은 다양한 형식으로 제공됩니다. 이러한 문서들은 일반적으로 특허 신청서나 청구서에 대한 내용을 담고 있으며, 특허 신청서나 청구서에 대한 내용을 담고 있습니다. 이러한 문서들은 일반적으로 유사한 구조를",crosslingual,sharegpt,ko
330,42dot/42dot_LLM-SFT-1.3B," Product Requirements Document for a Software that Helps Entrepreneurs Identify a Target Market and Begin Building a Business

1. Introduction
This product requirements document outlines the requirements for a software that helps entrepreneurs identify a target market and begin building a business. The software will be used by entrepreneurs to identify potential customers, develop a business plan, and create a marketing strategy.

2. Target Market
The target market for this software is entrepreneurs who are starting a business or looking to expand their current business.",crosslingual,sharegpt,ko
331,42dot/42dot_LLM-SFT-1.3B," 제품 요구사항 문서: 창업자를 위한 시장 타겟팅 및 비즈니스 시작

목차:

1. 제품 개요
2. 시장 조사 및 타겟팅
3. 비즈니스 모델 및 수익 모델
4. 기능 및 성능 요구사항
5. 사용자 경험 및 편의성
6. 보안 및 개인 정보 보호
7. 개발 일정 및 우선순위
8. 기타 고려 사항

1. 제품 개요

이 소프트웨어는 창업자가 비즈니스 아이디어를 구체",crosslingual,sharegpt,ko
332,42dot/42dot_LLM-SFT-1.3B," 제품 요구사항 문서: 창업자를 위한 시장 타겟팅 및 비즈니스 구축

1. 목표:
이 소프트웨어는 창업자가 자신의 비즈니스를 시작하고 성장시키는 데 도움을 주기 위해 설계되었습니다. 이 소프트웨어는 창업자가 자신의 비즈니스 아이디어를 구체화하고, 시장 조사를 수행하며, 타겟 고객을 식별하고, 비즈니스 계획을 개발하는 데 도움을 줄 것입니다.

2. 요구사항:
- 창업자는 최소 3년 이상의 비즈니스 경험을 가지고 있어야 합니다.
- 창업자는",crosslingual,sharegpt,ko
333,42dot/42dot_LLM-SFT-1.3B," ""Interactive engineering model""은 ""자기 학습""에 관련된 것입니다.",crosslingual,sharegpt,ko
334,42dot/42dot_LLM-SFT-1.3B," ""Interactive engineering model""은 ""자기 학습""과 관련된 용어입니다.",crosslingual,sharegpt,ko
335,42dot/42dot_LLM-SFT-1.3B," 도시에서 극한 추위 상황에 대한 시뮬레이션을 사용하여 결과를 예측하는 방법은 다음과 같습니다.

1. 도시의 기후 데이터를 수집하고 분석하여 극한 추위 상황에 대한 시나리오를 개발합니다.
2. 개발된 시나리오에 따라 도시의 다양한 지점에서 온도, 습도, 풍속 등의 기상 요소를 시뮬레이션합니다.
3. 시뮬레이션 결과를 기반으로 극한 추위 상황에서 발생할 수 있는 다양한 영향을 예측합니다.
4. 예측 결과를 바탕으로 도시",crosslingual,sharegpt,ko
336,42dot/42dot_LLM-SFT-1.3B," 저는 도시를 위한 연속 이벤트 시뮬레이션을 사용하여 극한 추위 상황에 대한 결과를 시뮬레이션하는 방법을 알고 있습니다.

시뮬레이션을 통해 극한 추위 상황에서 도시의 인프라와 주민의 건강 상태를 모니터링하고, 예상치 못한 상황에 대비할 수 있습니다. 예를 들어, 도로 결빙으로 인한 교통 체증, 건물의 동파로 인한 전력 공급 중단, 주민의 건강 문제 등을 시뮬레이션하여 예상치 못한 상황에 대비할 수 있습니다.

",crosslingual,sharegpt,ko
337,42dot/42dot_LLM-SFT-1.3B," Cisco와 같은 네트워크 에지 장치는 조직의 데이터와 리소스를 보호하기 위해 보안 정책을 구현해야 합니다. 다음은 보안 정책의 몇 가지 주요 측면입니다.

1. 암호화: 데이터 전송 및 저장 시 암호화를 사용하여 데이터의 기밀성을 보장해야 합니다. 암호화는 데이터의 무결성을 유지하고 무단 액세스를 방지하는 데 도움이 됩니다.

2. 접근 제어: 네트워크 에지 장치는 조직의 모든 사용자에 대한 액세스 제어를 구현해야 합니다",crosslingual,sharegpt,ko
338,42dot/42dot_LLM-SFT-1.3B," Cisco는 조직의 데이터와 리소스를 보호하기 위해 보안 정책을 구현해야 합니다.

Cisco는 네트워크의 모든 장치와 네트워크 에지에서 데이터를 보호하기 위해 다음과 같은 보안 정책을 시행해야 합니다:

1. 암호화: 데이터는 암호화되어야 합니다. 암호화는 데이터의 무결성을 유지하고 외부 공격으로부터 보호하는 데 도움이 됩니다.

2. 액세스 제어: 네트워크 에지의 장치는 액세스 제어를 구현해야 합니다. 이는 권한이 없는 사용자가",crosslingual,sharegpt,ko
339,42dot/42dot_LLM-SFT-1.3B," 경제적인 측면에서의 글로벌화는 경제 주체들 간의 상호작용과 국제무역의 증가를 의미합니다. 이는 국가 간 경제통합과 글로벌 경제의 성장, 국제자본의 이동, 국제금융시장의 발전 등을 포함합니다.

1. 경제통합: 경제 주체들 간의 상호작용과 협력을 통해 국가 간 경제통합이 이루어집니다. 이는 국가 간 경제협력을 통해 경제적인 이익을 공유하고, 경제적인 발전을 도모하는 것을 의미합니다.

2. 국제무역의 증가: 글로벌",crosslingual,sharegpt,ko
340,42dot/42dot_LLM-SFT-1.3B," 경제적인 측면에서의 글로벌화는 국가 간 경제 교류가 활발해지는 현상을 의미합니다. 이는 국가 간 경제 통합과 상호 의존성의 증가를 의미하며, 경제적인 상호의존성이 증가함에 따라 경제적인 상호의존성이 증가합니다.

경제적인 상호의존성은 국가 간 경제 교류가 활발해짐에 따라 발생하는 현상으로, 국가 간 경제 교류가 증가하면 국가 간 경제적인 상호의존성이 증가합니다. 이는 국가 간 경제 교류가 증가함에 따라 국가",crosslingual,sharegpt,ko
341,42dot/42dot_LLM-SFT-1.3B," Deep learning, machine learning, and artificial intelligence are all related fields of computer science, but they have different meanings and applications.

Deep learning refers to a type of machine learning that uses artificial neural networks to learn from large amounts of data and make predictions or decisions. It is a subset of machine learning that uses complex algorithms to learn from data and make decisions based on patterns and relationships.

Machine learning, on the other hand, refers to a type of artificial intelligence that uses algorithms to make",crosslingual,sharegpt,ko
342,42dot/42dot_LLM-SFT-1.3B," 딥러닝, 머신러닝, 그리고 인공 지능은 모두 인공지능 분야에서 사용되는 개념이지만, 그 의미와 용도는 다릅니다.

딥러닝은 인공신경망을 기반으로 한 기계학습의 한 종류로, 인공신경망의 다층 구조와 가중치를 학습하여 입력 데이터로부터 특징을 추출하고, 이를 기반으로 예측이나 분류 등의 작업을 수행하는 알고리즘입니다. 딥러닝은 대량의 데이터를 필요로 하며, 복잡한 패턴을 학습할 수 있어",crosslingual,sharegpt,ko
343,42dot/42dot_LLM-SFT-1.3B," 클러스터링은 유전자 발현 및 단백질 프로파일링과 같은 대규모의 대용량 데이터에서 질병 관련 바이오마커를 식별하는 데 사용됩니다. 다음은 간단한 설명입니다.

1. 클러스터링이란?
   - 클러스터링은 데이터를 비슷한 특성을 가진 그룹으로 분할하는 기법입니다.
   - 예를 들어, 유전자 발현 데이터에서 클러스터링을 수행하면 비슷한 발현 패턴을 가진 유전자들이 그룹으로 나뉩니다.",crosslingual,sharegpt,ko
344,42dot/42dot_LLM-SFT-1.3B," 클러스터링(Clustering)은 데이터에서 비슷한 특성을 가진 데이터를 그룹으로 묶는 기법입니다. 이를 통해 질병 관련 바이오마커를 식별할 수 있습니다.

1. 클러스터링 기법:
- 클러스터링은 데이터에서 비슷한 특성을 가진 데이터를 그룹으로 묶는 기법입니다.
- 클러스터링은 데이터의 특징을 분석하여 비슷한 특성을 가진 데이터를 그룹으로 묶는 과정을 거칩니다.
- 클러스터링은 데이터의",crosslingual,sharegpt,ko
345,42dot/42dot_LLM-SFT-1.3B," 클러스터링은 유전자 발현 및 단백질 프로파일링과 같은 전사체 및 단백질체 데이터에서 질병 관련 바이오마커를 식별하는 데 사용될 수 있습니다.

클러스터링은 비슷한 특성을 가진 데이터 포인트를 그룹화하는 기법입니다. 이를 통해 클러스터의 중심점을 기준으로 유사한 특성을 가진 데이터 포인트를 그룹화할 수 있습니다. 클러스터링은 데이터의 차원 축소, 데이터의 유사성 측정, 데이터의 그룹화 등을 수행할",crosslingual,sharegpt,ko
346,42dot/42dot_LLM-SFT-1.3B," CRM Requirements Document for a Company that sells Scientific Instruments

1. Company Overview

* Company name: [Company Name]
* Company location: [Company Location]
* Company size: [Company Size]
* Company mission: [Company Mission]
* Company vision: [Company Vision]
* Company values: [Company Values]
* Company culture: [Company Culture]
* Company history: [Company History]
* Company vision for the future: [Company Vision",crosslingual,sharegpt,ko
347,42dot/42dot_LLM-SFT-1.3B," CRM(Customer Relationship Management) 요구사항 문서: 과학 실험 장비 판매 회사

1. 개요

* 회사명: [회사명]
* 업종: [업종]
* 주요 제품/서비스: [주요 제품/서비스]
* 연락처: [연락처]
* 주소: [주소]
* 설립 연도: [설립 연도]

2. 목표

* 고객 만족도 향상
* 고객 관계 유지 및 강화
* 고객",crosslingual,sharegpt,ko
348,42dot/42dot_LLM-SFT-1.3B," 저는 미래에 식습관이 어떻게 변화할지에 대해 답변드리겠습니다.

저는 현재 건강한 식습관을 유지하고 있으며, 앞으로도 계속해서 건강한 식습관을 유지할 것입니다.

저는 신선한 과일과 채소를 많이 섭취하고, 단백질과 탄수화물을 균형 있게 섭취하려고 노력하고 있습니다. 또한, 영양가 있는 식품을 선택하고, 가공 식품이나 고지방, 고당도 음식은 피하려고 노력하고 있습니다.

또한, 저는 정기적으로 운동을 하고, 건강한 식습관을 유지",crosslingual,sharegpt,ko
349,42dot/42dot_LLM-SFT-1.3B, 저는 미래에는 식습관이 어떻게 변화할 것 같으신가요?,crosslingual,sharegpt,ko
350,42dot/42dot_LLM-SFT-1.3B," Forensic science is a branch of science that deals with the examination and analysis of evidence, such as physical specimens, documents, and images, to determine the truth or accuracy of a case. It is a scientific method that is used to investigate crimes and to identify the perpetrator or the cause of an event.

In forensic science, the examination of evidence is conducted by trained professionals who use specialized equipment and techniques to analyze the evidence. This includes techniques such as microscopy, chemical analysis, and DNA",crosslingual,sharegpt,ko
351,42dot/42dot_LLM-SFT-1.3B," Forensic science is a branch of science that deals with the examination and analysis of evidence collected in criminal investigations. It involves the use of scientific methods and techniques to determine the identity of a person, the authenticity of a document, the cause of a crime, and the origin of a substance. Forensic scientists use a variety of tools and techniques, including microscopy, spectroscopy, and DNA analysis, to collect and analyze evidence. They also use computer-aided analysis and digital forensics to process and",crosslingual,sharegpt,ko
352,42dot/42dot_LLM-SFT-1.3B," AI는 대기 오염, 기후 변화 및 생태계 파괴와 같은 문제에 대한 몇 가지 해결책을 제공할 수 있습니다.

1. 대기 오염 감지 및 예측: AI는 대기 중의 오염 물질을 감지하고 예측하는 데 사용될 수 있습니다. 예를 들어, AI는 대기 중의 미세먼지, 이산화탄소, 오존 등의 농도를 모니터링하고, 이를 기반으로 대기 오염의 정도를 예측할 수 있습니다. 이를 통해 오염의 발생과 확산을 예방하고, 대기 오염으로 인한 건강",crosslingual,sharegpt,ko
353,42dot/42dot_LLM-SFT-1.3B," AI can help address issues like pollution, climate change, and destruction of ecosystems in various ways. Here are some examples:

1. AI-driven pollution monitoring: AI can be used to monitor air quality, water quality, and other environmental indicators. This can help identify areas with high levels of pollution and take appropriate action to reduce it.
2. AI-driven climate change prediction: AI can be used to predict the impacts of climate change on various ecosystems and provide early warning of potential disasters",crosslingual,sharegpt,ko
354,42dot/42dot_LLM-SFT-1.3B," Quantum computing은 양자역학이라는 물리학의 원리를 이용하여 정보를 처리하는 기술입니다. 양자역학은 물질의 상태가 0과 1의 두 가지 상태만 존재하는 것이 아니라, 0과 1의 상태가 동시에 존재할 수 있다는 원리입니다.

양자컴퓨터는 이러한 양자역학의 원리를 이용하여 정보를 처리합니다. 양자컴퓨터는 0과 1의 상태를 동시에 가지고 있는 큐비트(qubit)라는 기본 단위를 사용합니다. 큐비트는",crosslingual,sharegpt,ko
355,42dot/42dot_LLM-SFT-1.3B," Quantum computing is a type of computing that uses quantum-mechanical phenomena, such as superposition and entanglement, to perform operations on data. In traditional computing, data is processed using bits, which can have a value of either 0 or 1. In quantum computing, data is processed using quantum bits, or qubits, which can have a value of 0, 1, or both at the same time. This allows quantum computers to perform certain calculations much faster than traditional computers.",crosslingual,sharegpt,ko
356,42dot/42dot_LLM-SFT-1.3B, 한국,crosslingual,sharegpt,ko
357,42dot/42dot_LLM-SFT-1.3B," The first country to adopt communism as the economic system was the Soviet Union, which was founded in 1922.",crosslingual,sharegpt,ko
358,42dot/42dot_LLM-SFT-1.3B, 저는 새로운 기능이나 사용 사례에 대한 요구사항을 듣고 싶습니다. 어떤 유형의 사용 사례나 새로운 플러그인이 개발되기를 원하시나요?,crosslingual,sharegpt,ko
359,42dot/42dot_LLM-SFT-1.3B, 저는 새로운 기능이나 사용 사례에 대한 요구사항을 듣고 싶습니다. 어떤 유형의 사용 사례나 새로운 플러그인이 개발되기를 기대하시나요? 한국어로 답변해 주세요.,crosslingual,sharegpt,ko
360,42dot/42dot_LLM-SFT-1.3B," CRM(Customer Relationship Management) agency는 고객과의 관계 구축 및 전략 개발을 위한 컨설팅 및 전략 개발을 제공합니다.

주요 서비스로는 다음과 같은 것들이 있습니다:

1. 고객 분석 및 세분화: 고객의 행동, 선호도, 구매 이력 등을 분석하여 고객의 세분화된 그룹을 도출합니다. 이를 통해 고객별 맞춤형 마케팅 전략을 수립할 수 있습니다.
2. 고객 관계 관리: 고객과의 상호작용을 관리하고, 고객과의 관계를 유지 및 강화하기 위한 전략을 개발",crosslingual,sharegpt,ko
361,42dot/42dot_LLM-SFT-1.3B," CRM(Customer Relationship Management) agency는 고객과의 관계 구축 및 전략 개발을 위한 컨설팅 및 전략 개발 서비스를 제공합니다.

CRM agency는 고객과의 관계 구축을 위한 다양한 서비스를 제공합니다. 예를 들어, 고객 세그먼테이션, 고객 프로파일링, 고객 행동 분석, 고객 만족도 조사 등을 통해 고객의 니즈와 선호도를 파악하고, 이를 기반으로 고객과의 관계를 구축하는 데 도움을 줍니다. 또한, CRM agency는 고객과의 관계 구축을 위한 다양한 마케팅 전략을 개발",crosslingual,sharegpt,ko
362,42dot/42dot_LLM-SFT-1.3B," 네, Spring State Machine과 Workflow를 함께 사용할 수 있습니다. Spring State Machine은 상태 머신을 관리하기 위한 Spring의 프레임워크이며, Workflow는 작업 흐름을 관리하기 위한 Spring의 프레임워크입니다.

두 가지 프레임워크를 함께 사용하는 것은 일반적으로 권장되는 방법입니다. Spring State Machine은 상태 머신을 관리하고, Workflow는 작업 흐름을 관리합니다. 이를 통해 상태 머신과 작업 흐름을 통합하여 애플리케이션의 상태와 동작을 관리할 수 있습니다.

",crosslingual,sharegpt,ko
363,42dot/42dot_LLM-SFT-1.3B," Spring State Machine과 Workflow는 서로 다른 개념이지만, 둘을 함께 사용하는 것은 가능합니다. Spring State Machine은 상태 머신(State Machine)을 다루는 Spring Framework의 일부로, 상태 머신의 동작을 정의하고 관리하는 데 사용됩니다. Workflow는 비즈니스 로직과 데이터 처리를 결합하여 비즈니스 프로세스를 자동화하는 데 사용되는 Spring Framework의 또 다른 일부입니다.

따라서, Spring State Machine과 Workflow를 함께 사용하는 것은 가능합니다. Spring State Machine은 상태 머신",crosslingual,sharegpt,ko
364,42dot/42dot_LLM-SFT-1.3B," To study interior design in Europe, you can consider pursuing an online course from a reputable university or design school. Here are some options:

1. University of the Arts London: The University of the Arts London offers a Bachelor of Arts in Interior Design, which is a 1-year program that focuses on the design and development of interiors.
2. Royal College of Art (RCA): The RCA offers a Master of Arts in Interior Design, which is a 2-year program that",crosslingual,sharegpt,ko
365,42dot/42dot_LLM-SFT-1.3B," 유럽에서 실내 디자인을 공부할 수 있는 온라인 과정과 1년 이내의 짧은 인증 기간의 교육 프로그램을 찾고 계신다면, 아래의 몇 가지 옵션을 고려해 볼 수 있습니다:

1. 프랑스:
   - ESCP Europe (파리 캠퍼스): ESCP Europe은 프랑스에서 가장 유명한 디자인 학교 중 하나로, 온라인 과정과 1년 이내의 짧은 인증 기간을 제공합니다.
   - ESCP Paris (파리 캠퍼스): ESCP Paris",crosslingual,sharegpt,ko
366,42dot/42dot_LLM-SFT-1.3B," To build a native data visualization feature in Notion, we can start by defining the requirements for the feature. Here are some key requirements:

1. Data source: The feature should be able to connect to any data source, such as a database, spreadsheet, or API.
2. Data types: The feature should be able to visualize data in a variety of formats, such as tables, charts, and graphs.
3. Data filtering: The feature should allow users to filter and",crosslingual,sharegpt,ko
367,42dot/42dot_LLM-SFT-1.3B," Notion에서 데이터 시각화를 구현하는 방법에 대해 어떻게 개발할 수 있는지 설명해 드리겠습니다.

1. 데이터 시각화 기능 추가하기
   - Notion의 데이터 시각화 기능을 개발하기 위해, 먼저 데이터 시각화 기능을 구현할 수 있는 라이브러리를 선택해야 합니다.
   - Notion은 데이터 시각화를 위한 다양한 라이브러리를 제공하며, 데이터 시각화 기능을 구현하기 위해 필요한 라이브러리를 선택해야 합니다.
   - 예를 들어",crosslingual,sharegpt,ko
368,42dot/42dot_LLM-SFT-1.3B," The study of morality is a broad field that encompasses various disciplines and fields of research. Here are some relevant disciplines and fields of research that may be relevant to the question of why people disagree about morality:

1. Philosophy: The study of morality is a central topic in philosophy, which encompasses various philosophical schools of thought, such as Aristotelianism, Stoicism, and Kantianism.
2. Ethics: Ethics is a field of study that focuses on the study of moral",crosslingual,sharegpt,ko
369,42dot/42dot_LLM-SFT-1.3B," The topic of why people disagree about morality is a complex and multifaceted one, and there are various disciplines and fields of study that have contributed to our understanding of this issue. Here are some relevant fields and disciplines:

1. Philosophy: The study of morality has been a central topic in philosophy for centuries. Philosophers have explored various theories of morality, such as utilitarianism, deontology, and virtue ethics, and have debated the nature of moral values and the criteria for",crosslingual,sharegpt,ko
370,42dot/42dot_LLM-SFT-1.3B," Given that Ockham's razor suggests that the simplest explanation is the most likely, it is possible that we may eventually reach a point where existing quantum physics theories will be replaced by simpler theories. However, it is also possible that we have reached a point where no more simplification is possible due to the nature of the universe.

In the case of quantum physics, the current theories are based on the principles of quantum mechanics, which are based on the idea of wave-particle duality and",crosslingual,sharegpt,ko
371,42dot/42dot_LLM-SFT-1.3B," Ockam's Razor는 간단하고 가장 정확한 설명이 가장 가능성이 높다고 말합니다. 그러나 이 가정은 우리가 더 이상 단순화할 수 없는 지점에 도달할 때까지 계속될 수 있는지 또는 더 이상 단순화할 수 없는 지점에 도달할 때까지 더 이상 단순화할 수 없는 지점에 도달할 때까지 계속될 수 있는지 여부는 명확하지 않습니다.

한국어 번역:
Ockam's Razor는 간단하고 가장 정확한 설명이 가장 가능성이 높다고 말합니다.",crosslingual,sharegpt,ko
372,42dot/42dot_LLM-SFT-1.3B," 저는 미래의 10년 동안 대학 및 학술 기관의 도서관에 대한 생각을 공유하고자 합니다.

첫째로, 디지털 기술의 발전은 도서관의 미래에 큰 영향을 미칠 것으로 예상됩니다. 디지털 자료의 증가와 함께, 온라인 자료의 접근성이 향상될 것입니다. 이는 도서관의 역할과 기능을 변화시킬 것입니다.

둘째로, 디지털 자료의 증가와 함께, 도서관의 역할은 더욱 중요해질 것입니다. 디지털 자료의 접근성은 도서관의 역할 중 일부를 대체할",crosslingual,sharegpt,ko
373,42dot/42dot_LLM-SFT-1.3B," 저는 미래의 10년 동안 대학 및 학술 기관의 도서관에 대한 생각을 공유하고자 합니다.

현재의 대학 및 학술 기관은 디지털화와 온라인 접근성의 증가로 인해 많은 변화를 겪고 있습니다. 이러한 변화는 도서관에도 영향을 미치고 있으며, 디지털 자료의 증가와 온라인 학습의 증가로 인해 도서관의 역할과 기능은 변화하고 있습니다.

첫째로, 디지털 자료의 증가로 인해 도서관의 디지털 자료 관리 및 검색 기능이 중요해지고 있습니다. 대학 및 학술 기관",crosslingual,sharegpt,ko
374,42dot/42dot_LLM-SFT-1.3B," Infineon Technologies는 다양한 센서 포트폴리오를 보유하고 있습니다. 이 포트폴리오는 자동차, 산업, 소비자 전자제품 등 다양한 응용 분야에서 사용됩니다. 주요 센서 제품으로는 온도, 습도, 진동, 가속도, 자이로스코프, 자력계, 가속도계, 적외선 센서 등이 있습니다. 이러한 센서들은 자동차의 안전성, 효율성, 편의성을 향상시키는 데 사용됩니다.",crosslingual,sharegpt,ko
375,42dot/42dot_LLM-SFT-1.3B," Infineon은 다양한 센서 포트폴리오를 보유하고 있습니다. 이 포트폴리오는 자동차, 산업, 소비자 전자제품 등 다양한 분야에서 사용됩니다. 주요 센서 제품으로는 온도, 습도, 진동, 가속도, 자이로스코프, 가속도계, 자력계, 광학 센서 등이 있습니다. 이러한 센서들은 자동차의 안전성, 연비, 주행 성능, 운전 편의성 등 다양한 측면에서 사용됩니다.",crosslingual,sharegpt,ko
376,42dot/42dot_LLM-SFT-1.3B," 안정 확산은 확률적 모델링에서 사용되는 개념으로, 확률 분포의 평균이 변하지 않고 분포의 모든 확률 값이 일정하게 유지되는 현상을 설명합니다.

안정 확산은 확률 분포의 평균이 변하지 않는 현상을 설명하기 위해 사용되는 개념입니다. 예를 들어, 연속된 확률 분포에서 각 확률 값이 일정하게 유지되는 경우를 생각해볼 수 있습니다. 이러한 경우, 평균은 변하지 않고 분포의 모든 확률 값이 일정",crosslingual,sharegpt,ko
377,42dot/42dot_LLM-SFT-1.3B," 안정 확산은 어떤 입자가 다른 입자와 상호작용하여 확산되는 현상을 설명하는 이론입니다. 이 이론은 입자의 확산이 입자들 간의 상호작용에 의해 결정된다는 것을 보여줍니다.

안정 확산은 입자들이 서로 상호작용하는 방식을 설명하기 위해 사용되는 개념입니다. 입자들은 서로 다른 상호작용을 할 수 있으며, 이러한 상호작용은 입자의 확산에 영향을 줄 수 있습니다.

안정 확산의 원리는 입자들이 서로 상호작용하는 방식을 설명하는",crosslingual,sharegpt,ko
378,42dot/42dot_LLM-SFT-1.3B," 안정 확산은 어떤 물질이 확산되는 현상을 설명하는 이론입니다. 이 이론은 물질이 확산되는 속도를 결정하는 여러 요인을 고려합니다.

안정 확산은 물질이 확산되는 속도를 결정하는 두 가지 주요 요소를 고려합니다. 첫 번째 요소는 확산 경로입니다. 확산 경로는 물질이 확산되는 경로를 의미합니다. 이 경로는 물질이 확산되는 데 필요한 에너지를 제공합니다.

두 번째 요소는 확산 속도입니다. 확산 속도는 물질이",crosslingual,sharegpt,ko
379,42dot/42dot_LLM-SFT-1.3B," Due diligence of enterprise software companies typically involves analyzing various aspects of the company, including its financial performance, market position, competitive landscape, management team, and technology stack. Here are some key areas to focus on during due diligence:

1. Financial Performance:
* Revenue and growth rate
* Profit margin and profitability
* Cash flow and balance sheet
* Market position and competitive landscape
* Financial statements and reports
* Management team and leadership
* Key financial metrics and ratios
*",crosslingual,sharegpt,ko
380,42dot/42dot_LLM-SFT-1.3B," Due diligence of enterprise software companies typically involves analyzing various aspects of the company, including its financial performance, market position, competitive landscape, and management team. Here are some key analysis points to consider during due diligence:

1. Financial Performance:
* Revenue and growth rate: Analyze the company's revenue growth and trend over the past few years.
* Profitability: Evaluate the company's profitability and return on investment.
* Cash flow: Monitor the company's cash flow and",crosslingual,sharegpt,ko
381,42dot/42dot_LLM-SFT-1.3B, 사회학적으로 알고리즘적 예술의 통치 방식에 대한 연구는 어떻게 진행될 수 있을까요?,crosslingual,sharegpt,ko
382,42dot/42dot_LLM-SFT-1.3B," 사회학적인 알고리즘적 예술의 통치 방식에 대한 연구는 어떻게 진행될 수 있을까요? 한국어로 답변드리겠습니다.

사회학적인 알고리즘적 예술의 통치 방식에 대한 연구는 다양한 측면에서 진행될 수 있습니다. 첫째, 예술 작품의 창작과정에 대한 분석을 통해 알고리즘의 역할과 영향력을 탐구할 수 있습니다. 예술 작품의 창작 과정에서 알고리즘이 어떻게 사용되고, 그 결과로 어떤 예술적 표현이 생성되는지 연구할 수 있습니다.",crosslingual,sharegpt,ko
383,42dot/42dot_LLM-SFT-1.3B," Underwriting for life insurance typically involves evaluating the risk of the policyholder and determining the appropriate premium amount. Some common topics that underwriters may investigate include:

1. Medical history: Underwriters may review the policyholder's medical history to assess their overall health and determine whether they are at a higher risk of developing certain health conditions.
2. Financial history: Underwriters may review the policyholder's financial history, including their income, expenses, and debt, to assess their overall financial stability",crosslingual,sharegpt,ko
384,42dot/42dot_LLM-SFT-1.3B," 보험사에서 보험 가입을 심사할 때, 주로 조사하는 주제는 다음과 같습니다.

1. 건강 상태
2. 소득 수준
3. 재산 상태
4. 가족 구성원 및 과거 병력
5. 직업 및 근무 경력
6. 금융 상황
7. 기타 개인 정보

이러한 주제들은 보험 가입 여부를 결정하는 데 중요한 역할을 합니다. 보험사는 이러한 정보를 종합적으로 평가하여 가입자의 안전성과 보험의 필요성을 판단합니다.",crosslingual,sharegpt,ko
385,42dot/42dot_LLM-SFT-1.3B," Ontario는 주거, 상업 및 기관 건설 회사에게 다음과 같은 건강 및 안전 요구 사항을 준수해야합니다.

1. 주거 건설 회사:
- 건설 현장에는 적절한 안전 장비 및 보호 장치를 설치해야 합니다.
- 건설 현장에는 적절한 안전 교육 및 훈련을 받은 인력을 배치해야 합니다.
- 건설 현장에는 적절한 안전 절차를 수립하고 준수해야 합니다.
- 건설 현장에는 적절한 안전 감독 및 감시를 실시해야 합니다.

2. 상업 건설 회사:",crosslingual,sharegpt,ko
386,42dot/42dot_LLM-SFT-1.3B," 주거, 상업 및 기관 건설 회사는 Ontario에서 다음과 같은 건강 및 안전 요구 사항을 준수해야 합니다.

1. 주거 건설 회사:
- 건설 작업장에는 적절한 안전 장비 및 보호 장치를 설치해야 합니다.
- 작업장에는 적절한 환기 시스템과 공기 정화 장치를 설치해야 합니다.
- 작업장에는 적절한 조명 및 안전 표지판을 설치해야 합니다.
- 작업장에는 적절한 안전 교육 및 훈련 프로그램을 제공해야 합니다.
- 작업장에는",crosslingual,sharegpt,ko
387,42dot/42dot_LLM-SFT-1.3B," 제목: 지속 가능한 개발 목표의 도시 계획 실천 평가: 도전과 기회

서론

지속 가능한 개발 목표(SDGs)는 인류의 공동 목표로서, 2030년까지 달성해야 할 17개의 목표입니다. 이 프로젝트는 도시 계획 분야에서 SDGs의 구현을 평가하고, 도시 계획 실천의 도전과 기회를 분석하는 것을 목표로 합니다.

본론

1. SDGs의 목표와 이점

- SDGs는 인류의 공동 목표로서",crosslingual,sharegpt,ko
388,42dot/42dot_LLM-SFT-1.3B," 제목: 지속 가능한 개발 목표의 도시 계획 실천 평가: 도전과 기회

서론:
지속 가능한 개발 목표는 인류의 미래를 위해 중요한 과제입니다. 도시 계획은 이러한 목표를 달성하기 위한 중요한 도구입니다. 그러나 도시 계획의 지속 가능한 실천은 도전과 기회를 동시에 안고 있습니다. 이 프로젝트는 도시 계획의 지속 가능한 실천을 평가하기 위해 다양한 측면을 고려하고, 도전과 기회를 분석하여 도시 계획의 발전 방향을 제시하고자 합니다.

본론",crosslingual,sharegpt,ko
389,42dot/42dot_LLM-SFT-1.3B," 제목: 지속 가능한 개발 목표의 도시 계획 실천 평가: 도전과 기회

서론:
지속 가능한 개발 목표(SDGs)는 인류의 공동 목표로서, 경제, 사회, 환경의 모든 측면을 고려한 포괄적인 목표입니다. 도시 계획은 이러한 목표를 실현하기 위한 중요한 도구입니다. 그러나 도시 계획의 SDG 이행은 도전과 기회를 동시에 안고 있습니다. 이 프로젝트에서는 도시 계획의 SDG 이행에 대한 평가와 도전, 그리고 기회 요",crosslingual,sharegpt,ko
390,42dot/42dot_LLM-SFT-1.3B," Database sharding is a technique used to distribute data across multiple servers in a database system. It is used to improve the performance and scalability of the system by allowing data to be distributed across multiple servers.

In a sharded database, each server is responsible for storing a portion of the data. This means that instead of storing all of the data on a single server, the data is divided into smaller chunks and stored on multiple servers. This allows for faster access to the data, as the",crosslingual,sharegpt,ko
391,42dot/42dot_LLM-SFT-1.3B," 데이터베이스 샤딩은 여러 개의 데이터베이스를 하나의 큰 데이터베이스로 통합하는 방법입니다. 샤딩은 데이터베이스의 성능을 향상시키고, 데이터의 일관성과 가용성을 보장하기 위해 사용됩니다.

데이터베이스 샤딩은 여러 개의 데이터베이스를 하나의 데이터베이스로 통합하는 방식으로 이루어집니다. 샤딩은 데이터베이스의 크기를 줄이고, 데이터의 일관성과 가용성을 향상시키는 데 도움을 줍니다. 샤딩은 데이터베이스의 크기를 줄여주기 때문에",crosslingual,sharegpt,ko
392,42dot/42dot_LLM-SFT-1.3B," ""Deep-Aligned Convolutional Neural Network for Skeleton-Based Action Recognition and Segmentation""은 뼈 기반 액션 인식 및 분할을 위한 깊은 컨볼루션 신경망 디자인을 다룹니다. 이 논문은 뼈 기반 액션 인식 및 분할을 위한 깊은 컨볼루션 신경망의 설계와 구현에 대해 설명합니다. 뼈 기반 액션 인식 및 분할은 다양한 응용 프로그램에서 중요한 역할을 합니다. 이 논문은 뼈 기반 액션 인식 및 분할을 위한 깊은 컨볼루션 신경",crosslingual,sharegpt,ko
393,42dot/42dot_LLM-SFT-1.3B," 이 논문은 딥러닝 신경망인 ""심층학습 기반 동작 인식 및 분할""을 위한 심층학습 기반 컨볼루션 신경망의 구조와 동작 원리에 대해 설명한다. 이 논문은 심층학습 기반 컨볼루션 신경망을 사용하여 동작 인식 및 분할을 수행하는 방법을 제안한다. 이 논문은 동작 인식 및 분할을 위해 심층학습 기반 컨볼루션 신경망을 ""심층-알맞은"" 구조로 설계한다. 이 구조는 심",crosslingual,sharegpt,ko
394,42dot/42dot_LLM-SFT-1.3B," ""딥러닝 기반 골격 기반 액션 인식 및 분할""이라는 제목의 이 아키텍처 디자인은 딥러닝 기반 골격 기반 액션 인식 및 분할을 위한 딥러닝 기반 골격 기반 액션 인식 및 분할을 위한 딥러닝 기반 골격 기반 액션 인식 및 분할을 위한 딥러닝 기반 골격 기반 액션 인식 및 분할을 위한 딥러닝 기반 골격 기반 액션 인식 및 분할을 위한 딥러닝 기반 골",crosslingual,sharegpt,ko
395,42dot/42dot_LLM-SFT-1.3B," 1. 기업 설립: 기업 설립을 위해 법인을 설립합니다.
2. 기업 인수: 기존 기업을 인수하여 새로운 기업으로 재탄생합니다.
3. 기업 합병: 두 개 이상의 기업을 합병하여 하나의 기업으로 재탄생합니다.
4. 기업 분할: 하나의 기업을 분할하여 여러 개의 기업으로 나눕니다.
5. 기업 확장: 기존 기업에서 새로운 시장으로 진출하거나 기존 시장에서의 확장을 위해 확장합니다.
6. 기업 재무 관리: 재무 관리를 통해",crosslingual,sharegpt,ko
396,42dot/42dot_LLM-SFT-1.3B," To become a conglomerate in Korea, one must follow these steps:

1. Establish a business structure: A conglomerate typically has a hierarchical structure, with a parent company at the top and multiple subsidiaries or affiliates below it.
2. Acquire assets: The parent company must acquire assets or businesses to form a conglomerate. This can be done through mergers and acquisitions (M&A) or by forming joint ventures with other companies.
3.",crosslingual,sharegpt,ko
397,42dot/42dot_LLM-SFT-1.3B," The best way to forecast sales for a meal replacement product for the following year is to consider the following factors:

1. Market size and growth: Analyze the size of the meal replacement market and its growth potential. This will help you understand the demand for your product and determine the potential for sales growth.
2. Competition: Research the competition in the market and identify any trends or strategies that may affect your sales.
3. Consumer preferences: Analyze consumer preferences and behavior, including",crosslingual,sharegpt,ko
398,42dot/42dot_LLM-SFT-1.3B," The best way to forecast sales for a meal replacement product for the following year is to consider the following factors:

1. Market size and growth potential: Analyze the size of the meal replacement market and its growth potential. This will help you understand the demand for your product and identify potential opportunities for growth.
2. Consumer preferences: Research consumer preferences for meal replacement products and identify any trends or preferences that may affect sales.
3. Competition: Analyze the competition in the market and",crosslingual,sharegpt,ko
