id,model,completion,task,source,language
0,beomi/EXAONE-3.5-2.4B-Instruct-Llamafied,"열기구는 주로 낮은 고도에서 상승하며 비행하는 기구로, 주로 관광이나 교육 목적으로 사용됩니다. 그 작동 원리는 다음과 같습니다:

1. **열 발생**:
   - **연료 사용**: 가장 일반적인 형태의 열기구는 내부에서 연료를 태워 열을 발생시킵니다. 주로 사용되는 연료로는 프로판 가스나 천연가스가 있습니다.
   - **열 발생 장치**: 연료를",monolingual,native,ko
1,beomi/EXAONE-3.5-2.4B-Instruct-Llamafied,"상대방이 고의적으로 가시 돋힌 말로 상처를 주는 상황에서 현명하게 대응하는 것은 매우 중요합니다. 다음은 그러한 상황에서 효과적으로 대처할 수 있는 다섯 가지 방법입니다:

1. **감정 조절하기**:
   - **깊은 숨 쉬기**: 먼저 자신의 감정을 진정시키는 데 집중하세요. 깊게 숨을 들이마시고 천천히 내쉬는 것은 스트레스를 줄이고 마음을 안정시키는",monolingual,native,ko
2,beomi/EXAONE-3.5-2.4B-Instruct-Llamafied,"**요약:**

- **돼지엄마/돼지아빠**: 자녀를 명문대에 진학시키기 위해 과도한 교육 투자와 헌신적인 노력을 보이는 엄마들을 가리키는 은어입니다. 이들은 종종 자녀의 성공에 지나치게 집착하며, 때로는 자녀의 부담을 가중시키는 경향이 있습니다.

- **맹모와의 차이점**: 맹자의 어머니(맹모)는 원래부터 뛰어난 여성성을 지닌 인물",monolingual,native,ko
3,beomi/EXAONE-3.5-2.4B-Instruct-Llamafied,"콘크리트는 주로 다음과 같은 재료들로 만들어집니다:

1. **시멘트**: 콘크리트의 주요 결합제로, 물과 반응하여 경화 과정을 통해 강도를 얻게 됩니다. 주로 포틀랜드 시멘트가 많이 사용됩니다.

2. **모래**: 작은 돌조각으로, 콘크리트의 구조를 강화하고 물을 걸러내는 역할을 합니다. 모래의 크기와 종류에 따라 콘크리트의 질감과 강도가 달라집니다.

3",monolingual,native,ko
4,beomi/EXAONE-3.5-2.4B-Instruct-Llamafied,"인구 감소는 경제 여러 측면에 걸쳐 복잡하고 광범위한 영향을 미칩니다. 주요 영향들을 다음과 같이 나누어 설명해 드리겠습니다:

### 1. **노동 시장**
- **인력 부족**: 인구 감소는 노동력 부족을 초래할 수 있습니다. 특히 고령화가 진행되는 사회에서는 경험이 풍부한 노동력이 줄어들어 생산성 저하와 기술 혁신 속도 감소의 위험이 있습니다.
- **임금 압력**:",monolingual,native,ko
5,beomi/EXAONE-3.5-2.4B-Instruct-Llamafied,"자바와 파이썬은 각각 독특한 장단점을 가지고 있습니다. 다음은 두 언어의 주요 장점과 단점을 세 가지씩 정리한 것입니다:

### 자바 (Java)

**장점:**
1. **안정성과 보안성:** 자바는 플랫폼 독립성을 제공하며, JVM(Java Virtual Machine)을 통해 높은 수준의 보안과 안정성을 보장합니다. 이는 특히 금융이나 의료 분야와 같은 민감한 데이터 처리",monolingual,native,ko
6,beomi/EXAONE-3.5-2.4B-Instruct-Llamafied,"한국은 중동 국가들과의 협력을 통해 건설, 자동차, 방위산업 등 다양한 분야에서 792억 달러 이상의 투자를 유치하며 글로벌 경쟁력을 입증했다. 유엔산업개발기구의 세계 제조업 경쟁력 지수에서 한국은 독일과 중국에 이어 3위를 기록하며, 조선과 반도체 분야에서도 선두를 달리고 있다. 그러나 최근 수출 경쟁력 약화와 대중 무역 적자 우려가 제기되며 미래의 지속 가능성에 대한 의문",monolingual,native,ko
7,beomi/EXAONE-3.5-2.4B-Instruct-Llamafied,"### 슈필데스야레스 (Schipholisidae) 소개

슈필데스야레스(Schipholisidae)는 해양 무척추동물문에 속하는 작은 갑각류의 한 분류군으로, 주로 열대 및 아열대 해역에서 발견됩니다. 이들은 그 독특한 생태적 역할과 아름다운 외형으로 해양 생물학 연구에서 중요한 위치를 차지하고 있습니다.

#### 주요 특징
- **외형**: 슈필데스야",monolingual,native,ko
8,beomi/EXAONE-3.5-2.4B-Instruct-Llamafied,"환경오염, 특히 쓰레기 문제에 초점을 맞춘 한 교시 수업을 계획하시는 데 도움이 될 만한 세 가지 주제 제안을 드리겠습니다:

### 1. **플라스틱 오염의 영향과 해결책**
   - **내용**:
     - **플라스틱의 종류와 사용처**: 다양한 플라스틱의 종류와 그들이 일상생활에서 어떻게 사용되는지 설명합니다.
     - **플라스틱 오염의 현황**: 해양 플라스틱 오염의 심각성, 특히 미세",monolingual,native,ko
9,beomi/EXAONE-3.5-2.4B-Instruct-Llamafied,"**인터뷰: 서울아산병원 산부인과 전문의와의 대화**

**기자:** 안녕하세요, 서울아산병원 산부인과 전문의님. 산모들을 위한 식사요법에 대해 자세히 설명해 주실 수 있을까요? 특히 임신 중과 수유 기간 동안의 영양 관리에 초점을 맞추고 싶습니다.

**전문의:** 안녕하세요, 기자님. 산모님들의 건강한 회복과 모유 생산을 위해 세심한 영양 관리가 필수적입니다. 먼저, 일반",monolingual,native,ko
10,beomi/EXAONE-3.5-2.4B-Instruct-Llamafied,"가격 경쟁에서 독창적인 차별화 전략을 구현하기 위해서는 고객 경험과 가치 제공 측면에서 차별점을 강조하는 것이 효과적일 수 있습니다. 다음은 그러한 맥락에서 추천하는 전략입니다:

### **고객 맞춤형 프리미엄 패키지 및 서비스 패키지**

**전략 설명:**
1. **세분화된 고객 세그먼트 분석:** 먼저, 타겟 고객을 세분화하여 각 그룹의 특성, 선호도,",monolingual,native,ko
11,beomi/EXAONE-3.5-2.4B-Instruct-Llamafied,"### 투자 유치 발표 시나리오: ""Purrfect Motion - 고양이의 새로운 놀이 동반자""

#### **1. 서론 (Introduction)**
**[무대 조명: 따뜻한 고양이 이미지와 함께 시작]**

**CEO/창업자 이름:** [당신의 이름]  
**회사명:** Purrfect Motion  
**날짜 및 장소:** [투자 컨퍼런스 날짜 및 장소]  
**목표:** 혁신적인 고양이 장난감으로 시장을 선도",monolingual,native,ko
12,beomi/EXAONE-3.5-2.4B-Instruct-Llamafied,"### 기사 주요 사상 개관

**1. **메타의 딥페이크 대응 정책 발표**
   - **핵심 내용**: 메타(Meta, 페이스북 및 인스타그램 운영사)가 딥페이크(Deepfake) 기술을 악용한 AI 생성 이미지의 식별을 강화하기 위한 새로운 정책을 발표했다.
   - **정책 내용**:
     - **꼬리표 도입**: 페이스북, 인스타그램, 스레드 플랫폼에서 AI로 생성된 이미지",monolingual,native,ko
13,beomi/EXAONE-3.5-2.4B-Instruct-Llamafied,"### 초등학생 대상 불의 원리 수업 계획안: ""마법의 불꽃 탐험대""

#### **목표**:
- 학생들이 불의 생성 원리를 이해하고, 이를 통해 에너지의 변환 과정에 대해 흥미롭게 배울 수 있도록 한다.
- 실험을 통해 직접 경험하고 관찰함으로써 과학적 호기심을 자극한다.
- 협동심과 창의적 사고를 키우는 기회 제공.

#### **수업 시간**: 약 90분

#### **",monolingual,native,ko
14,beomi/EXAONE-3.5-2.4B-Instruct-Llamafied,"**요약:**

하이트진로가 연말 주류 수요 증가에 대비해 소주와 맥주 출고가를 평균 6.8% 인상할 계획을 발표하면서 소비자들의 우려가 커지고 있다. 특히 식당들은 추가로 가격을 인상할 것으로 예상되어, 소비자 부담이 가중될 것으로 보인다. 주류의 중간 도매상을 통한 마진 구조로 인해 식당들은 상당한 이윤을 남기지만, 이는 소비자 가격 상승으로 이어지며,",monolingual,native,ko
15,beomi/EXAONE-3.5-2.4B-Instruct-Llamafied,"약과는 한국 전통 디저트 중 하나로, 달콤하고 고소한 맛이 특징입니다. 주로 찹쌀가루와 설탕을 주 재료로 사용하며, 때로는 견과류나 과일 등을 추가하여 다양한 맛을 낼 수 있습니다. 아래는 기본적인 약과 레시피입니다:

### 기본 약과 레시피

#### 재료:
- **찹쌀가루**: 500g
- **설탕**: 300g (설탕의 종류",monolingual,native,ko
16,beomi/EXAONE-3.5-2.4B-Instruct-Llamafied,"현대인들은 스트레스와 건강 문제로 고통받고 있으며, 그 중 수면질환, 특히 폐쇄성 수면무호흡증과 코골이가 두통의 주요 원인으로 지목되고 있다. 신홍범 코슬립수면클리닉 원장에 따르면, 수면무호흡증 환자의 경우 두통 유병률이 높으며, 양압기 치료를 통해 통증이 크게 개선될 수 있다. 연구 결과에 따르면 중증 수면무호흡증 환자에서 두통과 우울증,",monolingual,native,ko
17,beomi/EXAONE-3.5-2.4B-Instruct-Llamafied,"바이킹은 주로 8세기부터 11세기까지 유럽과 북아메리카의 대서양 연안 지역에서 활동한 북유럽의 해상 민족으로, 그들의 역사적 존재 기간은 약 200년에 달합니다. 이들은 덴마크, 노르웨이, 스웨덴 등지의 북부 지역에서 기원하였으며, 특히 덴마크와 스웨덴의 역사에서 중요한 역할을 했습니다. 바이킹들은 뛰어난 항해 기술과 강력한 전투 능력으로 알려져 있어, 유럽 각지로",monolingual,native,ko
18,beomi/EXAONE-3.5-2.4B-Instruct-Llamafied,"### 불만 고객 응대의 중요성

고객 불만은 기업의 성장과 직결되는 중요한 지표입니다. 효과적인 불만 처리는 단순히 문제 해결을 넘어 브랜드 충성도를 높이고 긍정적인 평판을 구축하는 데 필수적입니다. 불만이 적절히 관리되지 않으면 고객 이탈로 이어져 매출 감소와 신뢰 손실을 초래할 수 있습니다. 반면에, 신속하고 진심 어린 응대는 고객에게 기업의 가치와 책임감을 보여주며,",monolingual,native,ko
19,beomi/EXAONE-3.5-2.4B-Instruct-Llamafied,"### 설날 이벤트 정리

- **[넥슨]**
  - **서든어택**:
    - **접속 보상 이벤트**: 2월 8일 ~ 14일까지 매일 정해진 시간에 접속 시 최대 7개의 다양한 보상 제공.
    - **유지 보상 이벤트**: 2월 8일 ~ 22일까지 접속 유지 시간에 따라 포인트 제공 및 특정 아이템 교환 가능.

- **[넷릭스",monolingual,native,ko
20,beomi/EXAONE-3.5-2.4B-Instruct-Llamafied,"직원들의 작업 효율성을 높이기 위한 다양한 전략과 방법들을 제안해 드리겠습니다. 각 전략은 조직의 특성, 산업 분야, 그리고 직원들의 특성에 따라 적절히 조정될 필요가 있습니다:

### 1. **기술 및 도구 도입**
   - **자동화 도구 활용**: 반복적인 작업을 자동화하는 소프트웨어(예: RPA, AI 기반 문서 처리 도구)를 도입하여 시간을 절약하고 오류를",monolingual,native,ko
21,beomi/EXAONE-3.5-2.4B-Instruct-Llamafied,"### **원격근무제도 도입 시 고려사항: 장점**

1. **비용 절감**: 사무실 임대료, 유지보수 비용 등이 줄어들어 기업의 운영 비용을 크게 절감할 수 있습니다.
2. **인재 유치 및 유지**: 지리적 제약 없이 우수한 인재를 채용할 수 있으며, 직원들의 삶의 균형을 개선해 만족도와 충성도를 높일 수 있습니다.
3. **생산성 향상**: 개인",monolingual,native,ko
22,beomi/EXAONE-3.5-2.4B-Instruct-Llamafied,"연말 행사를 성공적으로 진행하기 위한 장소 섭외는 매우 중요한 단계입니다. 다음은 효과적인 장소 섭외를 위한 몇 가지 단계와 팁입니다:

### 1. **목표 설정**
   - **목적**: 연말 행사의 주요 목표가 무엇인지 명확히 정의하세요 (예: 네트워킹, 제품 홍보, 자선 기부 등).
   - **대상**: 행사에 참석할 주요 고객, 파트너, 직원 등을 파악하세요.
",monolingual,native,ko
23,beomi/EXAONE-3.5-2.4B-Instruct-Llamafied,"6살 여자아이와 3살 남자아이를 위한 주말 놀이 아이디어를 다음과 같이 제안해 드리겠습니다:

1. **실내 놀이터 만들기**
   - **활동**: 집 안에서 간단한 실내 놀이터를 만들어 보세요. 쿠션이나 담요로 쿠션 타워를 만들고, 작은 장난감 자동차나 인형을 이용해 도로를 만들어 보세요. 아이들이 직접 참여하여 놀이 공간을 꾸미는 과정에서 창의력을 키울 수 있습니다.
",monolingual,native,ko
24,beomi/EXAONE-3.5-2.4B-Instruct-Llamafied,"상벌점제는 직원들의 업무 성과와 행동을 개선하고 조직 문화를 향상시키는 데 효과적인 도구입니다. 아래는 회사에서 상벌점제를 도입할 때 고려할 수 있는 5가지 상황별 상점과 벌점 사례입니다:

### 상점 사례 (Positive Incentives)
1. **팀워크 향상**
   - **상황**: 팀 프로젝트 완료 시 모든 팀원이 적극적으로 협력하고 서로의 역할을 잘 이해하",monolingual,native,ko
25,beomi/EXAONE-3.5-2.4B-Instruct-Llamafied,"숙박업소의 수익을 계산하는 데는 여러 요인이 포함되지만, 가장 기본적인 요소들을 바탕으로 추정해보겠습니다. 주요 요인들은 다음과 같습니다:

1. **숙박비**: 이는 객실의 종류와 크기에 따라 크게 달라집니다. 예를 들어,
   - **싱글 룸**: 약 5만원 ~ 10만원
   - **더블 룸**: 약 7만",monolingual,native,ko
26,beomi/EXAONE-3.5-2.4B-Instruct-Llamafied,"### 이슈3: 병원 주변의 청결 상태가 좋지 않다.

#### 대안 제시

**1. **정기적인 청소 및 위생 관리 강화:**
   - **정기적인 청소 일정 수립:** 매일, 매주, 매월 특정 시간대에 집중 청소를 실시하여 병원 주변의 청결을 지속적으로 유지한다. 특히, 환자들이 자주 이용하는 출입구, 복도, 화장실 등을 중점적으로 관리한다.
   - **위생 관리 팀 구성:",monolingual,native,ko
27,beomi/EXAONE-3.5-2.4B-Instruct-Llamafied,"1. **브랜드 가치 및 인지도**: 프랜차이즈 전환을 결정하기 전에 현재 소매점의 브랜드 가치와 시장 내 인지도를 철저히 분석해야 합니다. 강력한 브랜드는 신뢰성을 높이고 고객 유치에 유리합니다.

2. **프랜차이즈 모델 적합성**: 프랜차이즈 시스템이 현재 사업 모델과 얼마나 잘 맞는지 평가해야 합니다. 운영 방식, 제품/서비스 제공 방식 등이 프랜차이즈의 성공 요인과 일치하는지 검토해야 합니다.

3",monolingual,native,ko
28,beomi/EXAONE-3.5-2.4B-Instruct-Llamafied,"### 이번 주 글로벌 경제지표 발표 일정 및 주요 내용 (글머리 형식)

- **10월 16일 (현지시간)**
  - **미국 근원 소매판매**
    - 전월 대비 예상 증가율: 1%
    - 최근 동향: 9월은 전월 대비 0.8% 증가 (월스트리트저널 전망치 0.2% 감소 대비)
    - 의미: 증가 시 미달러화 가치 및 경제",monolingual,native,ko
29,beomi/EXAONE-3.5-2.4B-Instruct-Llamafied,"## 항공사 리뷰 분석: 긍정 vs 부정

**긍정적인 후기:**

* **승무원들의 서비스는 정말 훌륭했어.**
* **기내식 JMT!** (Very Good, Great Meal)
* **재미있는 영화가 많아서 시간 가는줄 모름!**

**부정적인 후기:**

* **항공료가 다른 항공사대비 조금 높은 것 같아.**
* **체크인 하는데",monolingual,native,ko
30,beomi/EXAONE-3.5-2.4B-Instruct-Llamafied,"일러스트레이터로서 성공적인 퍼스널 브랜딩을 구축하는 것은 창의성과 전문성을 효과적으로 전달하는 데 매우 중요합니다. 다음은 일러스트레이터로서 퍼스널 브랜딩을 강화할 수 있는 다양한 아이디어들입니다:

### 1. **온라인 프로필 구축**
   - **포트폴리오 웹사이트**: 전문적인 포트폴리오 웹사이트를 만들어 작품들을 체계적으로 정리하고, 각 작품에 대한 상세한 설명과",monolingual,native,ko
31,beomi/EXAONE-3.5-2.4B-Instruct-Llamafied,"요리 학원의 20일간 프로그램에 맞춰 한식 요리를 일자별로 제안해 드리겠습니다. 다양한 요리 종류를 포함하여 기본적이면서도 인기 있는 메뉴들로 구성하였습니다. 각 요리는 간단한 설명과 함께 준비 시간을 대략적으로 표기하였습니다. 실제 시간은 재료의 양과 개인의 조리 속도에 따라 달라질 수 있으니 참고하시기 바랍니다.

### 일자별 한식 요리 제안

**1일차: 비빔밥",monolingual,native,ko
32,beomi/EXAONE-3.5-2.4B-Instruct-Llamafied,"### 초등학교 디지털 시민의식 교육 전략 수업 계획서

**주제:** 디지털 시대의 책임감 있는 시민으로 성장하기

**목표:**
- 학생들이 온라인 공간에서의 윤리적 행동 이해하기
- 개인정보 보호와 사이버 보안의 중요성 인식하기
- 온라인 상의 긍정적 상호작용과 비판적 사고 능력 함양하기

**수업 구성 (150단어):**

1. **개요 및 소개 (10분)**",monolingual,native,ko
33,beomi/EXAONE-3.5-2.4B-Instruct-Llamafied,"오래 앉아 있는 것은 현대 생활의 흔한 습관이지만, 건강에 여러 가지 부정적인 영향을 미칠 수 있습니다. 주요 영향들은 다음과 같습니다:

### 1. **근골격계 문제**
   - **척추 문제**: 장시간 앉아 있으면 척추에 과도한 부담이 가해져 허리 통증(요통), 디스크 문제(예: 헤르니아), 그리고 척추 변형(예: 척추 측만증)의 위험이 증가",monolingual,native,ko
34,beomi/EXAONE-3.5-2.4B-Instruct-Llamafied,"길거리 음식 판매가 **불법인지 여부는 국가나 지역에 따라 다릅니다**. 

일반적으로 다음과 같은 요소들을 고려해야 합니다.

* **허가 및 규정:** 대부분의 도시에서는 길거리 음식 판매를 위한 특별한 허가나 라이선스가 필요합니다. 이 허가는 판매 장소, 위생 기준, 메뉴 등에 대한 규정을 포함할 수 있습니다.
* **안전 기준:** 식품 안전 기준을 충족하는지 여부도 중요합니다",monolingual,native,ko
35,beomi/EXAONE-3.5-2.4B-Instruct-Llamafied,"야생 동물들에게 먹이를 주는 것은 여러 가지 이유로 권장되지 않으며, 다음과 같은 세 가지 주요 이유가 있습니다:

1. **생태계 불균형**:
   - **자연적인 먹이사슬 교란**: 야생 동물들은 자연스럽게 먹이사슬의 일부로서 생존하고 번식합니다. 인간이 제공하는 먹이는 그들의 자연적인 먹이 습관을 방해하고, 이로 인해",monolingual,native,ko
36,beomi/EXAONE-3.5-2.4B-Instruct-Llamafied,"가상 현실(VR)이 의료 분야에 깊숙이 통합되면서, 환자 치료와 의료 교육은 획기적인 혁신을 맞이할 것으로 예상됩니다.

**환자 치료 혁신:**
1. **심리 치료 강화**: VR은 불안 장애나 PTSD 치료에 혁신을 가져올 수 있습니다. 환자들은 안전한 환경에서 공포스러운 상황을 시뮬레이션하여 점진적으로 노출될 수 있습니다. 예를 들어, 비행 공포증 환자는 실제 비행 상황을",monolingual,native,ko
37,beomi/EXAONE-3.5-2.4B-Instruct-Llamafied,"소비자가 매트리스를 고를 때 고려하는 주요 요소들은 다양하며, 개인의 필요성, 생활 습관, 건강 상태 등에 따라 달라질 수 있습니다. 다음은 일반적으로 고려되는 주요 사항들입니다:

1. **크기와 형태**:
   - **크기**: 침실의 크기에 맞는 적절한 크기를 선택해야 합니다. 일반적으로 성인용 매트리스는 폭이 약 180cm~200cm, 길이가",monolingual,native,ko
38,beomi/EXAONE-3.5-2.4B-Instruct-Llamafied,"물론입니다! 스타듀 밸리의 주요 특징을 원 기호로 간결하게 요약해 드리겠습니다:

1. **🌱** - **농업**: 씨앗 심기와 작물 재배로 시작하는 게임의 핵심 요소.
2. **🏡** - **집 짓기**: 마을을 확장하고 개선하기 위한 주요 활동.
3. **💰** - **경제**: 자원 판매와 거래를 통해 마을을 발전시키는 경제 시스템.",monolingual,native,ko
39,beomi/EXAONE-3.5-2.4B-Instruct-Llamafied,"친환경 에너지의 필요성은 여러 가지 중요한 이유로 인해 강조되고 있습니다:

1. **기후 변화 완화**:
   - **온실가스 감축**: 화석 연료(석탄, 석유, 천연가스)의 사용은 이산화탄소(CO2)와 기타 온실가스 배출을 크게 증가시킵니다. 이러한 온실가스는 지구 온난화의 주요 원인이 되어 기후 변화를 가속화합니다. 친환경 에너지(태양광, 풍력, 수력,",monolingual,native,ko
40,beomi/EXAONE-3.5-2.4B-Instruct-Llamafied,"**요약:**

조 바이든 미국 행정부는 2025년까지 미국 노숙자 인구를 현재 대비 **25% 감소**시키는 목표를 설정하고, 이를 달성하기 위한 **'올인(All In) 전략'**을 발표했습니다. 주요 내용은 다음과 같습니다:

1. **주택 공급 확대**: 저소득층을 위한 저렴한 주택 건설을 촉진하고 규제 개선을 통해 주택 접근성을 높입니다.
2. **",monolingual,native,ko
41,beomi/EXAONE-3.5-2.4B-Instruct-Llamafied,"이어폰과 헤드폰은 모두 오디오 콘텐츠를 청취하는 데 사용되지만, 몇 가지 중요한 차이점이 있습니다:

### 1. **사용 목적과 범위**
- **이어폰 (Earbuds):**
  - **휴대성:** 매우 작고 가벼워서 휴대하기 쉽습니다.
  - **사용 환경:** 주로 개인적인 청취나 운동 중에 사용됩니다.
  - **소음 차단:** 일반적으로 소음 차단 기능",monolingual,native,ko
42,beomi/EXAONE-3.5-2.4B-Instruct-Llamafied,"물론입니다! 근속 3년 사원들을 위한 업무 향상과 관련된 창의적인 팟캐스트 주제 5가지를 번호 매기기 목록 형태로 제안해 드리겠습니다:

1. **""3년차의 전환점: 성장의 비밀 코드""**
   - **내용**: 3년차 사원들이 직면하는 주요 도전과 성공적인 성장을 위한 전략을 탐구합니다. 멘토링 사례, 개인적인 성장 스토리, 그리고 효과적인 피드백 문화",monolingual,native,ko
43,beomi/EXAONE-3.5-2.4B-Instruct-Llamafied,"디지털 노마드는 현대 사회에서 혁신적인 생활 방식을 추구하는 사람들을 지칭하는 용어로, 주로 기술과 디지털 플랫폼의 발전에 힘입어 가능해진 독특한 직업 및 생활 패턴을 의미합니다. 이들은 전통적인 직장 구조를 벗어나 전 세계를 자유롭게 이동하며 일하는 것을 목표로 합니다.

**주요 특징:**
1. **지리적 유연성**: 디지털 노마드는 특정 장소에 얽매이지",monolingual,native,ko
44,beomi/EXAONE-3.5-2.4B-Instruct-Llamafied,"흡연이 나이, 성별, 유전 등 수정 불가능한 요인보다 면역 반응에 더 큰 영향을 미친다는 연구 결과 발표. 이는 금연과 건강한 생활의 중요성을 강조하며, 치료법 및 백신 개발에 새로운 통찰을 제공한다.",monolingual,native,ko
45,beomi/EXAONE-3.5-2.4B-Instruct-Llamafied,"마케팅팀 신입사원 면접을 위한 다양한 질문들을 준비해 보았습니다. 각 질문은 지원자의 역량, 경험, 그리고 마케팅 분야에 대한 이해도를 평가하는 데 도움이 될 수 있도록 구성되었습니다:

1. **경험 기반 질문:**
   - **""이전에 참여한 마케팅 캠페인 중 가장 성공적이었던 프로젝트는 무엇이었나요? 그 프로젝트에서 어떤 전략을 사용했는지, 그리고 그 결과는 어떻게",monolingual,native,ko
46,beomi/EXAONE-3.5-2.4B-Instruct-Llamafied,"야생 동물들에게 먹이를 주는 것은 여러 가지 이유로 권장되지 않으며, 다음과 같은 세 가지 주요 이유가 있습니다:

1. **생태계 균형 파괴**:
   - **자연적 먹이사슬 교란**: 야생 동물들은 자연스럽게 먹이사슬의 일부로서 생존하고 번식합니다. 인간이 제공하는 먹이는 그들의 자연적인 먹이 습관을 방해하고, 이로 인해 동물들이",monolingual,native,ko
47,beomi/EXAONE-3.5-2.4B-Instruct-Llamafied,"안녕하세요, 친구들! 오늘은 우리 모두가 함께 살아가는 세상에서 중요한 '디지털 시민성'에 대해 배워볼게요!

**디지털 시민이란?**
디지털 시민은 인터넷과 스마트폰을 잘 사용하면서도 예의 바르고 친절한 사람이에요. 마치 학교에서 친구들과 잘 지내듯이 온라인에서도 그렇죠!

**핵심 규칙들:**
1. **비밀 지키기**: 친구들의 비밀은 지켜줘",monolingual,native,ko
48,beomi/EXAONE-3.5-2.4B-Instruct-Llamafied,"1. ** printing press (1440)**  
   - **발명가**: 요한스 구텐베르크  
   - **영향**: 정보의 대량 복제와 배포를 가능하게 함으로써 르네상스와 종교개혁을 촉진하고 지식의 민주화를 이끌었다.

2. ** steam engine (1712)**  
   - **발명가**: 제임스 와트  
   - **영향**: 산업",monolingual,native,ko
49,beomi/EXAONE-3.5-2.4B-Instruct-Llamafied,"4D 영화와 2D 영화는 관객 경험과 기술적 측면에서 많은 차이점을 보입니다. 다음은 그 차이점을 5가지 주요 범주로 나누어 설명한 것입니다:

1. **시각적 표현의 깊이**:
   - **2D 영화**: 평면적인 이미지로, 깊이감과 입체감이 제한적입니다. 주로 수평과 수직 방향으로의 움직임만을 제공합니다.
   - **4D 영화**:",monolingual,native,ko
50,beomi/EXAONE-3.5-2.4B-Instruct-Llamafied,"## 🍜 맛있는 잔치국수 레시피 🍜

**재료 (4인분 기준)**

**🏹 국물:**

* **멸치 육수:**
    * 멸치 10마리
    * 다시마 2장
    * 물 10컵 (멸치와 다시마는 물에 담가 30분 이상 불려주기)
* **간장:** 3큰술
* **소금:** 약간
* **설탕:",monolingual,native,ko
51,beomi/EXAONE-3.5-2.4B-Instruct-Llamafied,"한국에서 무기 제작은 엄격한 법률과 규제 아래에 있으며, 대부분의 경우 합법적인 절차를 거치지 않고 무기를 제작하는 것은 불법입니다. 다음은 한국에서 무기 제작과 관련된 주요 법률 및 규제 사항들입니다:

### 1. **무기 소지 및 제조 관련 법률**
- **형법 제10조**: 무기 소지에 대한 규정이 있으며, 특정 무기의 소지는 엄격하게 제한됩니다.",monolingual,native,ko
52,beomi/EXAONE-3.5-2.4B-Instruct-Llamafied,"플라스틱의 분해 시간은 종류와 환경 조건에 따라 크게 달라집니다. 주요 플라스틱 종류별로 분해 시간을 간략히 살펴보면 다음과 같습니다:

1. **폴리에틸렌 (PE)**:
   - **일반 쓰레기 매립지**: 수십 년에서 수백 년이 걸릴 수 있습니다.
   - **해양 환경**: 특히 플라스틱 병이나 포장재 등은 해양 생태계에서 매우 오랜 시간 동안 분해되지 않습니다. 일부 연구에 따르면, 해양 플라스틱",monolingual,native,ko
53,beomi/EXAONE-3.5-2.4B-Instruct-Llamafied,"""하루의 피로를 풀어주는 따뜻한 한 그릇! 🍲 밀키트로 간편하게, 영양 만점 국밥 한 그릇으로 일상의 활력을 되찾으세요. #간편영양 #하루국밥""",monolingual,native,ko
54,beomi/EXAONE-3.5-2.4B-Instruct-Llamafied,"칠리 소스는 매콤하면서도 풍부한 풍미를 가진 요리로, 다양한 재료와 조리법으로 만들 수 있습니다. 아래는 간단하면서도 맛있는 칠리 소스 레시피입니다:

### **재료:**
- **칠리 파우더**: 2 큰술 (선택사항: 더 진한 맛을 원한다면)
- **캔 토마토**: 2개 (캔에 담긴 것이 편리합니다)
- **캔 치킨 스튜**: 1캔 (선택사항",monolingual,native,ko
55,beomi/EXAONE-3.5-2.4B-Instruct-Llamafied,👍고객이 브랜드를 🌟 지지하고 추천하는 행위 🎉✨,monolingual,native,ko
56,beomi/EXAONE-3.5-2.4B-Instruct-Llamafied,"지리학을 창의적으로 가르치기 위한 세 가지 독특하고 흥미로운 수업 주제를 제안해 드리겠습니다:

### 1. **""세계의 도시 탐험: 가상 현실(VR)과 증강 현실(AR) 활용 프로젝트""**
   - **목표**: 학생들이 다양한 문화와 지리적 특성을 직접 체험하고 이해할 수 있도록 합니다.
   - **내용**:
     - **VR 체험**: 학생들은 VR 헤드셋을 이용해",monolingual,native,ko
57,beomi/EXAONE-3.5-2.4B-Instruct-Llamafied,"일본 낸드플래시 기업 키옥시아의 2023년 실적 악화로 SK하이닉스는 약 1조원 이상의 손실을 입었다. 이는 투자 지분 재평가로 인한 일회성 손실로, SK하이닉스는 4분기까지 다섯 분기 연속 적자를 기록했다. 그러나 낸드플래시 시장의 개선 전망과 키옥시아의 차세대 기술 개발 계획으로 향후 추가 손실 가능성은 제한적이다. SK하이닉스는 키옥시아",monolingual,native,ko
58,beomi/EXAONE-3.5-2.4B-Instruct-Llamafied,"비콘 기술에 대해 알아야 할 핵심 내용을 숫자 기호를 적용하여 다음과 같이 나열할 수 있습니다:

1. **10-6**: 비콘의 주요 특징 - **정확한 위치 추적** (GPS 기반의 고정밀 위치 측정으로 ±1m 내외의 정확도 제공)
2. **2**: 주요 응용 분야 - **실내 위치 추적** (실내 환경에서의 정확한 위치 인식)
3. **3**: 핵심",monolingual,native,ko
59,beomi/EXAONE-3.5-2.4B-Instruct-Llamafied,"미분과 적분은 수학에서 매우 중요한 개념으로, 주로 함수의 변화율과 면적 등을 계산하는 데 사용됩니다. 고등학생 수준에서 이해하기 쉽게 두 개념의 주요 차이점을 설명해 드리겠습니다.

### 1. **미분 (Differentiation)**
- **정의**: 미분은 함수의 순간 변화율을 구하는 방법입니다. 쉽게 말해, 어떤 순간에 함수가 얼마나 빠르게 변하는지를",monolingual,native,ko
60,beomi/EXAONE-3.5-2.4B-Instruct-Llamafied,"제시된 논문의 연구 주제와 내용에 가장 적합한 기관 두 곳을 추천해 드리겠습니다:

1. **한국학중앙연구원 (National Institute of Korean Studies, NKIS)**
   - **이유**: 한국학중앙연구원은 한국의 역사, 문화, 사회 등 다양한 분야에 걸친 종합적인 연구를 수행하는 기관입니다. 특히 민족 정체성과 관련된 연구 분야에서는 국내뿐만 아니라 국제적인 관점에서",monolingual,native,ko
61,beomi/EXAONE-3.5-2.4B-Instruct-Llamafied,"물론입니다! 무상급식에 대한 주요 논란점 중 장점과 단점을 각각 한 가지씩 소개해 드리겠습니다.

### 장점: **사회적 공정성 강화**
- **설명**: 무상급식은 경제적 배경에 상관없이 모든 학생들이 동등한 식사 기회를 제공함으로써 사회적 불평등을 완화하는 데 기여할 수 있습니다. 이는 교육의 질을 높이고, 학생들의 건강과 영양 상태를 개선하여 학업 성취도 향상에도 긍정",monolingual,native,ko
62,beomi/EXAONE-3.5-2.4B-Instruct-Llamafied,"금융감독원이 카카오의 SM엔터테인먼트 인수 과정에서 주가 조작 의혹을 수사 중인 가운데, 김범수 창업자와 카카오 법인에 대한 형사 처벌 가능성이 제기되고 있다. 금감원은 카카오가 하이브의 공개매수를 방해하기 위해 주가를 조작했다는 혐의를 두고 자본시장법상 양벌규정을 적용할 방침이다. 만약 카카오 법인이 처벌받으면 카카오뱅크의 대주주 지위가 박탈되어 지분을 상당 부분 포기해야",monolingual,native,ko
63,beomi/EXAONE-3.5-2.4B-Instruct-Llamafied,"### 연구 보고서: 경쟁이 학생들의 행복에 미치는 영향

#### 1. 서론
- **목적**: 본 연구는 학교 및 교육 환경 내에서의 경쟁이 학생들의 심리적 안녕과 전반적인 행복도에 미치는 영향을 탐구하고자 한다. 경쟁의 본질, 다양한 형태의 경쟁, 그리고 이러한 요소들이 학생들의 정서적 상태와 만족도에 어떻게 작용하는지 분석한다.
- **연구 배경**: 현대",monolingual,native,ko
64,beomi/EXAONE-3.5-2.4B-Instruct-Llamafied,"낚시카페 창업을 축하드립니다! 재미있고 독특한 이름들을 제안해 드리겠습니다:

1. **블루피쉬 블루존**  
   - **블루**는 평온함과 신선함을 연상시키며, **블루존**은 특별한 공간을 의미합니다.

2. **어류의 꿈나라**  
   - **어류**는 낚시의 주제를 명확히 하며, **꿈나라**는 재미있고 판타지적인",monolingual,native,ko
65,beomi/EXAONE-3.5-2.4B-Instruct-Llamafied,"워라밸, 즉 **Work-Life Balance**는 현대 사회에서 개인의 삶의 질을 향상시키기 위한 핵심 개념으로, **일과 삶의 균형**을 의미합니다. 이는 단순히 휴식 시간을 늘리는 것을 넘어, 개인의 **시간 관리 능력**과 **목표 설정**, 그리고 **자기 계발**에 중점을 둡니다.

**핵심 요소들은 다음과 같습니다:**

1. **시간 분배의 균형**: 일과",monolingual,native,ko
66,beomi/EXAONE-3.5-2.4B-Instruct-Llamafied,"이 글은 한국 의료계의 핵심 문제인 의사 수 부족과 그로 인한 의료 시스템의 문제점을 다루고 있습니다. 주요 요약은 다음과 같습니다:

1. **의사들의 특권적 지위**: 의사들은 높은 수입과 안정적인 직업 안정성으로 인해 '밥그릇'을 지키려는 경향이 강하며, 이로 인해 의대 정원 확대 요구에 저항해 왔다.
   
2. **의료 공백과 경제적 부담**",monolingual,native,ko
67,beomi/EXAONE-3.5-2.4B-Instruct-Llamafied,"미국에서 소규모 자본으로 혼자서 회사를 설립하고자 할 때 적합한 법인 형태는 여러 가지가 있습니다. 각 형태마다 장단점이 있으므로, 당신의 구체적인 비즈니스 모델, 자금 상황, 그리고 장기적인 목표에 따라 선택하는 것이 중요합니다. 다음은 몇 가지 주요 법인 형태와 그 특징들입니다:

### 1. ** Sole Proprietorship (개인 사업체)**
- **장점:**
  - **간편",monolingual,native,ko
68,beomi/EXAONE-3.5-2.4B-Instruct-Llamafied,"악세사리 매장의 디스플레이를 더욱 돋보이게 만들기 위한 몇 가지 창의적이고 효과적인 아이디어를 제안해 드리겠습니다:

### 1. **시각적 흐름과 공간 활용**
   - **색상 팔레트 활용**: 매장 내에서 일관된 색상 팔레트를 사용하여 악세사리의 색상이 자연스럽게 돋보이게 합니다. 예를 들어, 주얼리는 따뜻한 색조(금색, 빨강, 주황), 액세서리는 차가운 색조(파랑",monolingual,native,ko
69,beomi/EXAONE-3.5-2.4B-Instruct-Llamafied,"2020년대 명품 시장은 코로나19 팬데믹의 영향과 디지털 전환의 가속화 등 다양한 요인들로 인해 흥미로운 변화와 트렌드를 보여주고 있습니다. 주요 트렌드들을 다음과 같이 요약할 수 있습니다:

### 1. **디지털화와 온라인 쇼핑의 확대**
- **온라인 플랫폼 강화**: 코로나19로 인해 오프라인 매장 방문이 제한되면서 온라인 쇼핑이 급증했습니다. 명품 브랜드들",monolingual,native,ko
70,beomi/EXAONE-3.5-2.4B-Instruct-Llamafied,"고물가와 소비 침체 속에서도 **롯데·신세계·현대백화점** 세 곳이 역대 최대 매출을 기록했다. 대형 점포 확장과 소비 양극화로 인한 명품 수요 증가가 주요 원인이다. 하지만 물가 상승으로 영업이익은 소폭 감소했다. 

앞으로 백화점업계는 신규 출점보다는 **리뉴얼 투자**에 집중하며 **내실을 다지는 데** 힘쓸 계획이다. 특히 중형 점포의 프리미엄 브랜드 강화와",monolingual,native,ko
71,beomi/EXAONE-3.5-2.4B-Instruct-Llamafied,"### 이슈3: 화재의 위험성 해결 방안

**문제 인식:**
전기차의 주요 우려사항 중 하나는 배터리 관련 화재 위험성입니다. 특히 리튬 이온 배터리의 과열이나 단락 등이 화재의 주요 원인으로 지목되고 있습니다. 이러한 위험은 안전성과 신뢰성을 크게 저해할 수 있습니다.

**해결책:**

1. **첨단 배터리 관리 시스템 (BMS) 강화:**
   - **온도",monolingual,native,ko
72,beomi/EXAONE-3.5-2.4B-Instruct-Llamafied,"이 글은 주로 한국의 대학 입시와 학생들의 학습 습관에 대한 비판과 개선 방안을 제시하고 있습니다. 핵심 요약은 다음과 같습니다:

1. **상아탑의 유래와 의미**: '상아탑'이라는 용어는 구약성경에서 유래했지만, 프랑스 비평가 생 트뵈브의 비판을 통해 대학의 관념적이고 비현실적인 이미지를 반영하는 용어로 사용되기 시작했습니다.",monolingual,native,ko
73,beomi/EXAONE-3.5-2.4B-Instruct-Llamafied,"### 초등학생 대상 불의 원리 수업 계획안: ""마법의 불꽃 탐험대""

#### **목표**:
- 학생들이 불의 생성 원리를 이해하고, 이를 통해 에너지 전환의 기본 개념을 배웁니다.
- 과학적 호기심을 자극하고, 실험을 통해 직접 경험하며 학습 효과를 높입니다.
- 협동심과 창의적 사고를 기르는 기회를 제공합니다.

#### **수업 시간**: 약 90분

#### **준비물",monolingual,native,ko
74,beomi/EXAONE-3.5-2.4B-Instruct-Llamafied,"상견례 장소는 신랑 신부의 취향과 예산, 그리고 분위기에 따라 달라질 수 있지만, 다양한 옵션을 고려해 다음과 같은 5곳을 추천드립니다:

1. **고급 레스토랑 (예: 서울의 '더 플라자 서울 호텔')**
   - **특징**: 우아하고 세련된 분위기로, 고급스러운 인테리어와 정교한 서비스가 특징입니다. 다양한 코스 요리와 함께 편안한 대화 공간이 마련되어 있어 상견례에",monolingual,native,ko
75,beomi/EXAONE-3.5-2.4B-Instruct-Llamafied,"초등학교 교실에서 학생들의 긍정적인 행동을 유도하고 유지하기 위해 칭찬, 보상, 인정 등의 긍정적 강화 전략을 효과적으로 활용하는 방법은 매우 중요합니다. 다음은 이러한 전략들을 구체적으로 적용하는 방법과 예제들입니다.

### 1. **즉시적인 칭찬**
   - **목적**: 학생이 즉시 긍정적인 행동을 보일 때 즉시 반응하여 그 행동을 강화합니다.
   - **",monolingual,native,ko
76,beomi/EXAONE-3.5-2.4B-Instruct-Llamafied,"한국의 입시 미술은 주로 고등학교 졸업 자격을 얻기 위한 주요 평가 수단으로 작용하며, 그 장점과 단점은 다음과 같이 나눌 수 있습니다:

### 장점

1. **체계적인 교육 시스템**:
   - **명확한 기준**: 입시 미술은 국가적으로 통일된 평가 기준을 가지고 있어 학생들이 어떤 기술과 표현 방식을 갖추어야 하는지 명확히 이해할 수 있습니다.
   - **체계적인",monolingual,native,ko
77,beomi/EXAONE-3.5-2.4B-Instruct-Llamafied,"하버드 대학 진학을 목표로 하는 고등학생이 시간을 효과적으로 활용하기 위한 세 가지 전략을 제안해 드리겠습니다:

### 1. **체계적인 학업 계획 수립 및 실행**
   - **목표 설정**: 하버드 대학의 입학 요건과 강점 분야를 분석하여 자신의 학업 목표를 명확히 설정하세요. 특히, GPA 관리, 표준화 시험 점수(예: SAT, ACT), 그리고 다양한 과목에서의 성적 향상에 집중해야",monolingual,native,ko
78,beomi/EXAONE-3.5-2.4B-Instruct-Llamafied,"비콘 기술에 대해 알아야 할 핵심 내용을 숫자 기호를 적용하여 다음과 같이 나열할 수 있습니다:

1. **10-6**: 비콘의 주요 특징 - **정확한 위치 추적** (GPS 기반의 고정밀 위치 측정으로 ±1m 내외의 정확도 제공)
2. **2**: 주요 응용 분야 - **실내 위치 추적** (실내 환경에서의 정확한 위치 인식)
3. **3**: 핵심",monolingual,native,ko
79,beomi/EXAONE-3.5-2.4B-Instruct-Llamafied,"**첫 번째 단락 요약 (39단어):**
레깅스 등 밀착 속옷 장시간 착용은 소음순에 지속적인 마찰을 일으켜 색소침착과 비대증을 유발하며, 특히 큰 소음순은 더욱 커질 수 있다. 부종과 통증이 동반될 수 있어 활동 시 통풍이 잘 되는 헐렁한 속옷을 추천한다.

**두 번째 단락 요약 (39단어):**
소음순 비대는 옷 선택 제한과 성교통을 초래하",monolingual,native,ko
80,beomi/EXAONE-3.5-2.4B-Instruct-Llamafied,"## 정치 팟캐스트 시작 체크리스트 🎧🗣️

**🔍 콘텐츠 기획**

✅ **타겟 오디언스 정의:** 누구를 위한 팟캐스트인가요? (연령, 관심사, 정치적 성향 등)
✅ **주제 선정:** 어떤 정치 이슈를 다룰까요? (정책, 선거, 정치인 분석 등)
✅ **콘텐츠 형식 결정:** 인터뷰, 토론, 분석 기사, 게스트 초청 등 어떤 형식을 사용할까요?",monolingual,native,ko
81,beomi/EXAONE-3.5-2.4B-Instruct-Llamafied,"미국에서 기업 인수 합병(M&A, Mergers and Acquisitions) 과정은 복잡하고 다단계적인 절차를 거치며, 각 단계는 법적, 재무적, 전략적 측면에서 중요한 고려사항을 포함합니다. 주요 단계와 각 단계에서 주의해야 할 사항들을 아래에 설명해 드리겠습니다:

### 1. **전략적 검토 및 목표 설정**
   - **목적 정의**: 기업 인수 또는 합병의 주요",monolingual,native,ko
82,beomi/EXAONE-3.5-2.4B-Instruct-Llamafied,"식물의 **유통명**과 **학명**은 식물을 식별하고 분류하는 데 중요한 두 가지 용어입니다. 각각의 특징과 차이점을 자세히 설명해 드리겠습니다.

### 1. **학명 (Scientific Name)**
- **정의**: 학명은 국제적으로 통용되는 표준화된 명명 체계에 따라 부여된 식물의 고유한 이름입니다. 이는 주로 **국제식물명명규약 (International Code of Nom",monolingual,native,ko
83,beomi/EXAONE-3.5-2.4B-Instruct-Llamafied,"줄넘기는 다양한 운동 효과를 제공하는 인기 있는 운동 도구입니다. 그 장단점을 다음과 같이 나누어 설명해 드리겠습니다:

### 장점

1. **유산소 운동 효과**:
   - 줄넘기는 빠른 속도로 반복적인 동작을 통해 심폐 기능을 강화하고 심장 건강을 개선하는 데 효과적입니다. 지속적인 운동으로 칼로리 소모량이 높아 체중 관리에도 도움이 됩니다.

2. **",monolingual,native,ko
84,beomi/EXAONE-3.5-2.4B-Instruct-Llamafied,"초등학교 3학년 학생들이 창의력을 발휘하고 다양한 표현 능력을 키울 수 있도록 주제 세 가지를 추천해 드리겠습니다. 각 주제는 다양한 예술적 표현과 학습적 가치를 포함하고 있어 학생들이 흥미롭게 참여할 수 있을 것입니다.

### 1. **우리 동네의 특별한 이야기**
- **목표**: 지역 사회에 대한 이해와 역사적/문화적 인식 향상
- **활동 아이디어**:",monolingual,native,ko
85,beomi/EXAONE-3.5-2.4B-Instruct-Llamafied,"### 부모와 자녀 간 소통 강화 제안서

- **정기적인 가족 미팅**: 매주 또는 격주로 정해진 시간에 가족 미팅을 갖는다. 주제는 자유롭게 정해지되, 서로의 일상과 감정을 공유하는 시간을 확보한다.
  
- **디지털 디톡스**: 일정 기간 동안 스마트폰이나 디지털 기기 사용을 제한하고, 대신 가족 활동이나 대화 시간을 늘린다. 이는 직접적인 소통을 촉진한다.

-",monolingual,native,ko
86,beomi/EXAONE-3.5-2.4B-Instruct-Llamafied,"인공지능 기반 사진 편집 기능을 소셜 미디어 플랫폼에 추가하는 것은 사용자 경험을 크게 향상시킬 수 있는 훌륭한 아이디어입니다. 아래에 세 가지 재미있고 기발한 서비스 아이디어를 제안해 드리겠습니다:

### 1. **""시간여행 필터""**
- **기능 설명**: 사용자가 업로드한 사진에 다양한 시대나 장소의 필터를 적용할 수 있게 합니다. 예를 들어:
  - **고전",monolingual,native,ko
87,beomi/EXAONE-3.5-2.4B-Instruct-Llamafied,"**요약:**

봄철 야외 활동 증가와 함께 등산 및 트래킹이 인기지만, 무릎 관절에 부담을 주어 반월상 연골판 파열 위험이 높아진다. 반월상 연골판은 무릎 충격 흡수와 움직임을 돕지만, 과도한 운동이나 퇴행성 변화로 인해 손상될 수 있다. 파열 증상은 통증, 무릎 꺾임, 부종 등이며, 심각한 경우에는 관절내시경 수술이 필요하다. 예방을 위해 꾸준한 근력운동과 운동",monolingual,native,ko
88,beomi/EXAONE-3.5-2.4B-Instruct-Llamafied,"크리스마스와 밀접하게 연관된 주요 경제 지표 중 하나는 **""크리스마스 시즌 소매 판매""**입니다. 이 지표는 크리스마스 시즌(보통 11월 말부터 1월 초까지) 동안 소매업 분야에서의 매출 변화를 측정합니다. 구체적으로 다음과 같은 특징을 가집니다:

- **매출 증가**: 크리스마스 시즌에는 선물 구매, 가족 모임 준비 등으로 인해 소매 판매가 크게 증가하는 경향이 있습니다. 특히 가전제품",monolingual,native,ko
89,beomi/EXAONE-3.5-2.4B-Instruct-Llamafied,"건강한 식습관은 균형 잡힌 영양 섭취와 조화로운 생활 리듬을 추구하는 예술입니다. 핵심은 다양한 식품군을 골고루 섭취하는 것입니다: 풍부한 채소와 과일로 비타민과 미네랄을 보충하고, 전곡류와 단백질 공급원(육류, 생선, 콩류 등)을 적절히 섞어 에너지와 필수 영양소를 확보합니다. 수분 섭취도 빼놓지 않아야 하며, 과도한 설탕과 포화지방의 섭취는 최소화해야 합니다.",monolingual,native,ko
90,beomi/EXAONE-3.5-2.4B-Instruct-Llamafied,"카타르시스는 그리스어로 '세척하다'라는 뜻을 가진 용어로, 주로 감정적 긴장이나 스트레스를 해소하는 과정을 설명할 때 사용됩니다. 이 개념은 고대 그리스 철학자 아리스토텔레스가 처음 제시했으며, 인간이 극단적인 감정 경험(예: 분노, 슬픔, 공포 등)을 겪은 후에 그 감정의 강도가 줄어들고 평온함을 느끼는 현상을 말합니다. 현대 심리학에서는 카타르시스가 예술 작품 감상,",monolingual,native,ko
91,beomi/EXAONE-3.5-2.4B-Instruct-Llamafied,"기후변화는 현대 사회의 가장 중요한 도전 중 하나로, 교육 정책에도 다양한 방식으로 영향을 미치고 있습니다. 주요 영향 영역들을 다음과 같이 나누어 설명해 드리겠습니다:

### 1. **환경 교육 강화**
- **내용 확대**: 기후변화의 원인, 영향, 대응 방안 등에 대한 교육 내용이 학교 교육 과정에 더 많이 포함되고 있습니다. 특히 초등부터 고등 교육까지 전 연령대에서",monolingual,native,ko
92,beomi/EXAONE-3.5-2.4B-Instruct-Llamafied,"인공지능 기술을 활용하여 동물원의 운영을 더욱 효과적이고 효율적으로 발전시키는 기발한 아이디어 세 가지를 제안해 드리겠습니다:

### 1. **개인화된 동물 체험 프로그램**
- **기술 활용**: AI 기반의 챗봇 및 가상 현실(VR) 기술을 활용합니다.
- **구현 방안**:
  - **챗봇**: 방문객들이 동물에 대한 질문을 자유롭게 할 수 있도록",monolingual,native,ko
93,beomi/EXAONE-3.5-2.4B-Instruct-Llamafied,"### 인공지능 기술과 경제적 불평등의 영향 평가

- **고용 변화**: 자동화로 인한 일자리 감소, 특히 저숙련 노동자들에게 부정적 영향.
- **기술 격차**: 고급 기술 접근성이 높은 계층과 그렇지 않은 계층 간의 격차 확대.
- **소득 불평등 심화**: 고숙련 인력의 임금 상승과 저숙련 인력의 임금 하락으로 인한 소득 격차 확대.
- **교육 필요성**",monolingual,native,ko
94,beomi/EXAONE-3.5-2.4B-Instruct-Llamafied,"버그바운티 프로그램을 기획서에 포함시켜야 할 핵심적인 5가지 사항은 다음과 같습니다:

### 1. **프로젝트 개요 및 목표**
   - **프로젝트 이름 및 개요**: 프로그램의 구체적인 이름과 간략한 소개를 제공합니다.
   - **주요 목표**: 보안 취약점을 효과적으로 찾아내고 해결하기 위한 구체적인 목표를 명시합니다. 예를 들어, 특정 기간 내에 특정 유형",monolingual,native,ko
95,beomi/EXAONE-3.5-2.4B-Instruct-Llamafied,"친구와 함께 여행을 가는 것은 정말 즐거운 경험이 될 수 있습니다. 다음은 친구와 함께 여행을 가면 좋은 다섯 가지 주요 장점입니다:

1. **다양한 관점과 아이디어 공유**:
   - 친구들은 각자 다른 배경과 경험을 가지고 있기 때문에, 여행지에 대한 다양한 관점과 아이디어를 공유할 수 있습니다. 이는 새로운 장소를 탐험하거나 현지 문화를 이해하는 데 큰 도움이 됩니다",monolingual,native,ko
96,beomi/EXAONE-3.5-2.4B-Instruct-Llamafied,"양파는 오랜 역사를 지닌 식재료로 다양한 건강상의 이점을 제공하며, 그 효능은 다음과 같이 요약할 수 있습니다:

### 1. **항산화 효과**
- **플라보노이드와 케르세틴**: 양파에는 강력한 항산화제인 플라보노이드와 특히 케르세틴이 풍부하게 들어 있습니다. 이들 성분은 세포 손상을 일으키는 활성산소를 제거하여 노화 방지와 만성 질환 예방에",monolingual,native,ko
97,beomi/EXAONE-3.5-2.4B-Instruct-Llamafied,"건강한 식습관은 균형 잡힌 영양 섭취와 조화로운 생활 리듬을 추구하는 예술입니다. 다채로운 채소와 과일로 비타민과 미네랄을 충분히 공급받으며, 전곡류와 단백질 공급원을 적절히 섞어 에너지와 근육 건강을 유지합니다. 수분 섭취를 잊지 않아 체내 독소 배출을 돕고, 과도한 설탕과 가공식품의 섭취를 최소화하여 비만과 만성질환 위험을 낮춥니다. 규칙적인 식사 시간을 지키며 과식을 피하",monolingual,native,ko
98,beomi/EXAONE-3.5-2.4B-Instruct-Llamafied,"한국의 다문화 가정 학생 비율에 대한 정확한 통계는 연도별로 변동이 있으며, 최근의 정확한 데이터를 제공하기 위해서는 가장 최신의 교육부나 통계청 자료를 참조해야 합니다. 그러나 일반적인 추세와 최근의 경향을 바탕으로 대략적인 추정을 드릴 수 있습니다:

1. **초등학교**:
   - 다문화 가정 학생 비율은 상대적으로 낮은 편이지만 꾸준히 증가 추세에 있습니다.
   - 최근 몇 년",monolingual,native,ko
99,beomi/EXAONE-3.5-2.4B-Instruct-Llamafied,"미래 도시에서 로봇 친구 '노바'와 함께, 스마트 홈 AI가 자동화된 생활을 관리한다. 노바는 개인 건강 모니터링과 맞춤형 교육을 제공하며, 자율주행 차량으로 출퇴근한다. 에너지 효율적인 스마트 그리드와 AI 기반 도시 관리로 지속 가능한 삶을 누린다.",monolingual,native,ko
100,beomi/EXAONE-3.5-2.4B-Instruct-Llamafied,"AI를 인간의 능력을 보완하는 데 사용하는 것에 대한 흔한 오해 중 하나는 **AI가 모든 인간의 역할을 완전히 대체할 것이라는 생각**입니다. 많은 사람들이 AI가 복잡한 데이터 분석, 반복적인 작업의 자동화, 심지어 창의적인 작업까지 인간의 영역을 완전히 차지할 것으로 예상합니다. 그러나 실제로는 다음과 같은 점들이 중요합니다:

1. **협업의 역할 강화**:",crosslingual,okapi,ko
101,beomi/EXAONE-3.5-2.4B-Instruct-Llamafied,"AI를 인간의 능력을 보완하는 데 사용하는 것에 대한 한 가지 흔한 오해는 **""AI가 모든 인간의 역할을 완전히 대체할 것""**입니다. 

이 오해는 AI 기술의 발전 속도와 능력에 대한 과도한 기대에서 비롯됩니다. 사람들은 AI가 복잡한 문제 해결, 창의적인 작업, 감정적 공감 등 인간만이 할 수 있다고 여겨지는 영역까지 완벽하게 대체할 수 있다고",crosslingual,okapi,ko
102,beomi/EXAONE-3.5-2.4B-Instruct-Llamafied,"AI를 인간의 능력을 보완하는 데 사용하는 주제에 대해 흔히 존재하는 오해 중 하나는 다음과 같습니다:

**오해: AI는 모든 인간의 능력을 완벽하게 대체할 수 있다.**

**설명:**
많은 사람들이 AI가 인간의 모든 전문 지식, 창의성, 감성 이해력, 그리고 복잡한 윤리적 판단 능력을 완전히 대체할 수 있다고 생각합니다. 그러나 실제로는 그렇지 않",crosslingual,okapi,ko
103,beomi/EXAONE-3.5-2.4B-Instruct-Llamafied,"##GINI 지수 계산 방법 (Korean Explanation)

GINI 지수는 **소득 불평등**을 측정하는 지표로, 사회 전체의 소득 분포를 나타내는 데 사용됩니다. 

**계산 과정은 다음과 같습니다:**

1. **데이터 수집:** 먼저, 특정 기간 동안 개인 또는 가구의 소득 데이터를 수집합니다. 이 데이터는 일반적으로 **소득 순위** 또는 **소득 분위수** 형태로 제공됩니다.
",crosslingual,okapi,ko
104,beomi/EXAONE-3.5-2.4B-Instruct-Llamafied,"Gini 지수는 소득이나 부의 불평등을 측정하는 데 사용되는 중요한 지표입니다. 한국어로 그 계산 방법을 설명하면 다음과 같습니다:

### Gini 지수 계산 방법

1. **데이터 준비**:
   - 먼저, 특정 인구 집단 내에서 각 개인이나 가구의 소득이나 부의 분포 데이터를 수집해야 합니다. 이 데이터는 일반적으로 순위나 누적 비율 형태로 제공됩니다.

2. **누적 분포",crosslingual,okapi,ko
105,beomi/EXAONE-3.5-2.4B-Instruct-Llamafied,"GINI 지수는 소득이나 부의 불평등 정도를 측정하는 데 사용되는 지표로, 주로 경제학에서 활용됩니다. 계산 방법은 다음과 같습니다:

1. **데이터 준비**: 먼저, 특정 인구 집단 내에서 개인들의 소득이나 부의 분포 데이터를 수집합니다. 이 데이터는 일반적으로 누적 분포 함수(CDF) 형태로 표현됩니다. 즉, 각 소득 수준 이하의 사람들의 비율을 나타냅니다.

2.",crosslingual,okapi,ko
106,beomi/EXAONE-3.5-2.4B-Instruct-Llamafied,"### 1. **비트코인과 암호화폐의 미래 전망: 기술 혁신과 시장 변화**

암호화폐, 특히 비트코인은 금융 기술의 혁신적인 발전을 상징하는 존재로 자리매김하고 있습니다. 최근 몇 년 동안 비트코인은 단순한 투자 수단을 넘어 글로벌 경제의 핵심 요소로 부상하였습니다. 기술적으로, 블록체인 기술은 거래의 투명성과 보안성을 극대화하여 중앙화된 금융 시스템의 한계를 극복하고 있",crosslingual,okapi,ko
107,beomi/EXAONE-3.5-2.4B-Instruct-Llamafied,"### 1. **비트코인과 블록체인 기술: 미래 금융의 핵심**

비트코인은 2009년에 등장한 최초의 암호화폐로, 블록체인 기술의 혁신적인 적용을 통해 금융 시스템에 혁명을 일으켰습니다. 블록체인은 분산된 데이터베이스를 통해 거래 기록을 안전하고 투명하게 관리하는 기술로, 비트코인을 중심으로 한 암호화폐 생태계의 기반이 되고 있습니다.

**기술적 특징:**",crosslingual,okapi,ko
108,beomi/EXAONE-3.5-2.4B-Instruct-Llamafied,"### 암호화폐의 미래: 혁신과 도전의 교차점

암호화폐는 블록체인 기술의 핵심 요소로서 금융 및 기술 분야에서 혁신의 중심에 서 있습니다. 최근 몇 년 동안 비트코인을 비롯한 다양한 암호화폐들이 시장에 등장하면서 그 영향력은 점점 확대되고 있습니다. 그러나 이 혁신적인 기술은 동시에 규제와 보안 문제 등 여러 도전과제를 안고 있습니다.

**혁신의 동력**",crosslingual,okapi,ko
109,beomi/EXAONE-3.5-2.4B-Instruct-Llamafied,"### 인공지능 규제의 필요성: 미래 사회의 안정과 윤리적 발전을 위한 필수 요소

인공지능(AI)의 급속한 발전은 현대 사회의 다양한 분야에서 혁신적인 변화를 가져오고 있다. 의료 진단의 정확성 향상, 자율주행 기술의 도입으로 인한 교통 안전성 증대, 그리고 개인화된 서비스 제공을 통한 생활 편의성의 증대 등은 AI 기술의 긍정적인 측면을 잘 보여준다. 그러나 이러한 혁신적인 가능성과",crosslingual,okapi,ko
110,beomi/EXAONE-3.5-2.4B-Instruct-Llamafied,"### 인공지능 규제의 필요성: 미래 사회의 안정과 윤리적 발전을 위한 필수 요소

인공지능(AI)의 급속한 발전은 현대 사회의 다양한 분야에서 혁신적인 변화를 가져오고 있다. 의료 진단의 정확성 향상, 자율주행 기술의 도입으로 인한 교통 안전성 증대, 그리고 개인화된 서비스 제공을 통한 생활 편의성 증대 등은 AI 기술의 긍정적인 측면을 명확히 보여준다. 그러나 이러한 혁신적인 가능성과",crosslingual,okapi,ko
111,beomi/EXAONE-3.5-2.4B-Instruct-Llamafied,"### 인공지능 규제의 필요성: 미래 사회의 안정성과 윤리적 책임 강화를 위한 접근

인공지능(AI)의 급속한 발전은 현대 사회의 다양한 분야에서 혁신적인 변화를 촉발하고 있다. 의료 진단의 정확성 향상, 자율주행 기술의 도입으로 인한 교통 안전성 증대, 그리고 개인화된 서비스 제공을 통한 생활 편의성 증대 등은 AI 기술의 긍정적인 잠재력을 잘 보여준다. 그러나 이러한 혁신적인 발전과",crosslingual,okapi,ko
112,beomi/EXAONE-3.5-2.4B-Instruct-Llamafied,"## 밤의 그림자 속에서

**1. 낡은 저택의 문**

1850년, 고요한 해안 마을에 위치한 낡은 저택이 있었다. 이름은 '그림자 저택'이라 불렸고, 그 이름처럼 저택은 시간의 흐름 속에 깊은 그림자를 드리우고 있었다. 푸른 바다를 향해 펼쳐진 넓은 정원에는 울창한 나무들이 울창한 숲을 이루고 있었고, 그 사이로 희미하",crosslingual,okapi,ko
113,beomi/EXAONE-3.5-2.4B-Instruct-Llamafied,"### 어둠 속의 속삭임: 밤의 저주

#### 서론: 고요한 마을의 그림자

1850년대의 가을, 고요한 마을 '소나무숲'은 그 이름처럼 푸른 소나무들이 하늘을 향해 뻗어나가는 평화로운 풍경으로 둘러싸여 있었다. 마을은 작은 강을 중심으로 펼쳐져 있었고, 그 주변에는 낡은 벽돌로 지어진 집들이 조용히 서 있었다. 이곳은 사람들 사이에서 '평화의",crosslingual,okapi,ko
114,beomi/EXAONE-3.5-2.4B-Instruct-Llamafied,"### 어둠 속의 속삭임: 공포의 시작

1850년대의 고요한 마을, **산울림**은 그 이름처럼 자연의 숨결이 깊게 스며든 곳이었다. 마을은 넓은 들판과 울창한 숲으로 둘러싸여 있었고, 그 사이로 흐르는 작은 강은 마을 사람들에게 생명의 원천이었다. 그러나 그 평화로움 뒤에는 어둠이 숨 쉬고 있었다. 마을 가장자리에 위치",crosslingual,okapi,ko
115,beomi/EXAONE-3.5-2.4B-Instruct-Llamafied,"### Brexit의 영향: 영국의 변화와 미래 전망

#### 서론
2016년 국민투표를 통해 영국이 유럽연합(EU)에서 탈퇴하는 결정, 즉 브렉시트(Brexit)는 영국뿐만 아니라 유럽 경제와 국제 관계에 지대한 영향을 미쳤다. 이 보고서는 브렉시트가 영국 사회, 경제, 정치 구조에 미친 복합적인 영향을 종합적으로 분석하고, 그 결과와 미래 전망을 탐구한다.

####",crosslingual,okapi,ko
116,beomi/EXAONE-3.5-2.4B-Instruct-Llamafied,"### Brexit의 영향: 영국을 중심으로

#### 서론
영국의 브렉시트(Brexit)는 2016년 국민투표를 통해 결정된 이후로 영국뿐만 아니라 유럽 연합(EU)과 전 세계 경제 및 정치 지형에 지대한 영향을 미치고 있는 사건입니다. 이 보고서는 브렉시트가 영국 경제, 정치 구조, 국제 관계, 그리고 사회 문화적 측면에 미친 복합적인 영향을 종합적으로 분석하고자 합니다.",crosslingual,okapi,ko
117,beomi/EXAONE-3.5-2.4B-Instruct-Llamafied,"### 브렉시트의 영국에 미친 영향: 종합 보고서

#### 서론
브렉시트(Brexit), 영국이 유럽 연합(EU)에서 탈퇴한 사건은 2016년 국민투표를 통해 공식화된 이후 영국뿐만 아니라 전 세계 경제와 정치 지형에 상당한 변화를 가져왔습니다. 이 보고서는 브렉시트가 영국 경제, 정치 구조, 국제 관계, 그리고 사회 문화적 측면에 미친 다각적인 영향을 종합적으로 분석하고자",crosslingual,okapi,ko
118,beomi/EXAONE-3.5-2.4B-Instruct-Llamafied,"### 유기농 식품의 이점: 건강과 환경을 위한 선택

유기농 식품은 화학 비료와 농약을 최소화하거나 완전히 배제하고 자연적인 방법으로 재배되는 식품을 지칭합니다. 최근 몇 년 동안 전 세계적으로 유기농 식품에 대한 관심이 급증하면서 그 중요성이 더욱 부각되고 있습니다. 이 글에서는 유기농 식품이 개인의 건강과 환경 보호 측면에서 제공하는 다양한 이점들을 자세히 살펴보겠습니다.

#### ",crosslingual,okapi,ko
119,beomi/EXAONE-3.5-2.4B-Instruct-Llamafied,"### 유기농 식품의 이점: 건강과 환경을 위한 선택

유기농 식품은 현대 농업에서 점점 더 주목받는 트렌드로 자리잡고 있으며, 그 이유는 단순히 맛과 품질의 향상을 넘어 건강과 환경 보호 측면에서 다양한 이점을 제공하기 때문입니다. 이 글에서는 유기농 식품의 주요 장점들을 살펴보고, 이러한 선택이 개인과 사회 전반에 미치는 긍정적인 영향을 깊이 있게 탐구해 보겠습니다.

",crosslingual,okapi,ko
120,beomi/EXAONE-3.5-2.4B-Instruct-Llamafied,"### 유기농 식품의 이점: 건강과 환경을 위한 선택

유기농 식품은 화학 비료와 농약을 최소화하거나 완전히 배제하고 자연적인 방법으로 재배되는 식품을 지칭합니다. 최근 몇 년 동안 전 세계적으로 유기농 식품에 대한 관심이 급증하면서 그 중요성이 더욱 부각되고 있습니다. 이 글에서는 유기농 식품이 개인의 건강과 환경 보호 측면에서 제공하는 다양한 이점들을 살펴보겠습니다.

#### 1",crosslingual,okapi,ko
121,beomi/EXAONE-3.5-2.4B-Instruct-Llamafied,"### 재분배의 필요성: 사회적 공정성과 번영을 위한 필수 요소

현대 사회는 경제적 불평등의 심화라는 중대한 도전에 직면해 있다. 이러한 문제를 해결하고 더 공정하고 번영하는 사회를 구축하기 위해서는 재분배 정책의 적극적인 도입이 필수적이다. 재분배는 단순히 부유한 계층에서 가난한 계층으로의 자금 이동을 넘어, 사회 전반의 균형과 지속 가능한 발전을 위한",crosslingual,okapi,ko
122,beomi/EXAONE-3.5-2.4B-Instruct-Llamafied,"### 재분배의 필요성: 공평한 사회를 향한 필수적인 발걸음

현대 사회는 경제적 성장과 발전의 속도가 빠르게 진행되면서 다양한 사회적 불평등의 문제를 더욱 두드러지게 드러내고 있습니다. 이러한 맥락에서 재분배의 필요성은 단순히 윤리적 가치를 넘어, 지속 가능한 사회 발전과 개인의 행복 증진을 위한 필수적인 요소로 부각됩니다. 다음은 재분배가 왜 반드시",crosslingual,okapi,ko
123,beomi/EXAONE-3.5-2.4B-Instruct-Llamafied,"### 재분배의 필요성: 사회적 공정성을 향한 필수적인 발걸음

현대 사회는 경제적 불평등의 심화라는 중대한 도전에 직면해 있습니다. 이러한 문제를 해결하고 더 공정하고 안정적인 사회를 구축하기 위해서는 재분배 정책의 적극적인 도입이 필수적입니다. 재분배는 단순히 부유한 계층에서 가난한 계층으로의 자금 이동을 넘어, 사회 전반의 경제적 안정성과 공동체의 화합",crosslingual,okapi,ko
124,beomi/EXAONE-3.5-2.4B-Instruct-Llamafied,"### 건강한 식습관의 중요성: 삶의 질 향상을 위한 필수 요소

현대 사회에서 빠르게 변화하는 생활 패턴과 스트레스 수준은 개인의 건강에 심각한 영향을 미치고 있다. 그 중에서도 **건강한 식습관**은 개인의 신체적 건강뿐만 아니라 정신적, 사회적 웰빙까지 포괄적으로 향상시키는 핵심 요소로 부각된다. 본 에세이는 건강한 식습관의 중요성을 다각도로 분석하고, 이를 통해",crosslingual,okapi,ko
125,beomi/EXAONE-3.5-2.4B-Instruct-Llamafied,"### 건강한 식습관의 중요성: 삶의 질 향상을 위한 필수 요소

#### 서론
현대 사회에서 빠르게 변화하는 생활 패턴과 스트레스 수준은 개인의 건강에 심각한 영향을 미치고 있다. 그 중에서도 식습관은 개인의 건강 상태와 직결되는 핵심 요소로 부각된다. 건강한 식습관의 중요성은 단순히 체중 관리나 질병 예방을 넘어, 전반적인 삶의 질 향상에 필수적임을 강조할 수",crosslingual,okapi,ko
126,beomi/EXAONE-3.5-2.4B-Instruct-Llamafied,"### 건강한 식습관의 중요성: 삶의 질 향상을 위한 필수 요소

현대 사회에서 빠르게 변화하는 생활 패턴과 스트레스 수준은 개인의 건강에 심각한 영향을 미치고 있다. 그 중에서도 **건강한 식습관**은 개인의 신체적 건강뿐만 아니라 정신적 안녕과 장기적인 삶의 질 향상에 있어 핵심적인 역할을 담당하고 있다. 본 에세이는 건강한 식습관의 중요성을 다각도로",crosslingual,okapi,ko
127,beomi/EXAONE-3.5-2.4B-Instruct-Llamafied,"### 인공지능: 미래를 향한 도약과 그 도전

인공지능(AI)은 현대 사회의 핵심 기술 트렌드로 자리매김하며, 우리 삶의 거의 모든 영역에 깊은 영향을 미치고 있습니다. 이 글에서는 AI의 잠재력과 함께 그 발전이 가져오는 기회와 동시에 직면하는 도전들을 살펴보고자 합니다.

#### 기회의 지평: 혁신과 효율성의 극대화

AI의 가장 큰 장점 중 하나는 혁신적인",crosslingual,okapi,ko
128,beomi/EXAONE-3.5-2.4B-Instruct-Llamafied,"### 인공지능의 미래: 기회와 도전 사이에서

인공지능(AI)은 현대 사회의 핵심 기술 트렌드로 자리매김하며, 우리 삶의 거의 모든 영역에 깊은 영향을 미치고 있습니다. 이 글에서는 AI의 현재 위치를 살펴보고, 그 잠재력과 함께 직면한 도전들을 논의하며, 미래에 대한 균형 잡힌 시각을 제시하고자 합니다.

#### 기회의 지평: 혁신과 효율성의 극대화

AI의 가장",crosslingual,okapi,ko
129,beomi/EXAONE-3.5-2.4B-Instruct-Llamafied,"### 인공지능의 미래: 기회와 도전 사이에서

인공지능(AI)은 현대 사회의 핵심 기술 트렌드로 자리매김하며, 우리 삶의 거의 모든 영역에 깊은 영향을 미치고 있습니다. 이 글에서는 AI의 현재 위치를 살펴보고, 그 잠재력과 함께 직면한 도전들을 논의하며, 미래에 대한 균형 잡힌 시각을 제시하고자 합니다.

#### 기회의 지평: 혁신과 효율성의 극대화

AI의 가장",crosslingual,okapi,ko
130,beomi/EXAONE-3.5-2.4B-Instruct-Llamafied,"### 하늘의 속삭임과 시간의 정원

#### 서론: 시간의 틈

한국의 고요한 시골 마을, 푸른 산과 맑은 강물이 어우러진 곳에 오래된 마을의 중심에 위치한 작은 도서관이 있었다. 이 도서관은 마을 사람들에게 단순한 책의 보관소 이상의 의미를 지니고 있었다. 그곳은 시간이 멈춘 듯한 고요함 속에서, 마을의 역사와 전설이 살아 숨 쉬는 공간이었",crosslingual,okapi,ko
131,beomi/EXAONE-3.5-2.4B-Instruct-Llamafied,"### 하늘의 노래와 시간의 틈

#### 서론: 별빛 아래의 꿈

서울의 밤하늘은 언제나처럼 깊은 어둠 속에서 은은한 별빛으로 빛나고 있었다. 그 밤, 한 작은 카페의 창가에는 젊은 예술가 지수가 앉아 있었다. 그녀의 눈은 창가 너머로 펼쳐진 도시의 불빛들 사이로 반짝이는 별빛을 바라보며, 마음속 깊은 곳에서 희미하게 울려 퍼지는 노래를 듣고 있었다",crosslingual,okapi,ko
132,beomi/EXAONE-3.5-2.4B-Instruct-Llamafied,"### 별빛 아래의 비밀 정원

서울의 중심부에서 약간 벗어난, 고요하고 신비로운 마을에 '별빛 정원'이라는 이름의 비밀스러운 정원이 있었다. 이곳은 오래된 전설 속에만 존재하는 것처럼 여겨졌고, 그 어떤 지도에도 표시되지 않았다. 마을 사람들은 이 정원을 '별빛의 속삭임'이라 불렀으며, 밤이 되면 그 이름에 걸맞게 은은한 별빛이 정원을 감싸는",crosslingual,okapi,ko
133,beomi/EXAONE-3.5-2.4B-Instruct-Llamafied,"### 재활용의 중요성: 지속 가능한 미래를 향한 필수적인 발걸음

현대 사회는 급속한 발전과 함께 엄청난 양의 폐기물을 생성하고 있다. 이 중에서도 재활용은 환경 보호와 자원의 지속 가능한 이용이라는 측면에서 매우 중요한 역할을 담당하고 있다. 재활용의 중요성을 다각도로 살펴보면 다음과 같은 핵심 요소들이 부각된다.

#### 1. **자원 보존과 효율성",crosslingual,okapi,ko
134,beomi/EXAONE-3.5-2.4B-Instruct-Llamafied,"### 재활용의 중요성: 지속 가능한 미래를 향한 필수적인 발걸음

현대 사회는 빠른 발전과 함께 엄청난 양의 폐기물을 생성하고 있다. 이 중에서도 재활용은 환경 보호와 지속 가능한 발전을 위한 핵심적인 전략 중 하나로 부각되고 있다. 재활용의 중요성은 단순히 환경 보호를 넘어 경제적 이점과 사회적 가치까지 포괄적으로 다루어야 한다. 다음은 재활용이 왜 우리 사회에서 필수",crosslingual,okapi,ko
135,beomi/EXAONE-3.5-2.4B-Instruct-Llamafied,"### 재활용의 중요성: 지속 가능한 미래를 향한 필수적인 발걸음

현대 사회는 빠른 발전과 함께 엄청난 양의 폐기물을 생성하고 있다. 이 중에서도 재활용은 환경 보호와 자원의 지속 가능한 이용이라는 측면에서 매우 중요한 역할을 담당하고 있다. 재활용의 중요성을 다각도로 살펴보면 다음과 같은 핵심 요소들이 부각된다.

#### 1. **환경 보호와 자원 보존**",crosslingual,okapi,ko
136,beomi/EXAONE-3.5-2.4B-Instruct-Llamafied,"## 브렉시트: 영국의 새로운 지평을 향한 도약과 그 영향

2016년 국민투표를 통해 성사된 브렉시트는 영국 역사상 가장 큰 정치적 전환점 중 하나로 자리매김했다. 유럽연합(EU) 탈퇴를 선언한 이후, 영국은 경제, 외교, 이민 정책 등 다양한 분야에서 근본적인 변화를 겪고 있다.

**경제적 영향**: 브렉시트는 영국 경제에 즉각적인 충격을 가했다.",crosslingual,okapi,ko
137,beomi/EXAONE-3.5-2.4B-Instruct-Llamafied,"### 브렉시트 이후의 변화: 영국의 새로운 지평

브렉시트(Brexit)는 2016년 국민투표를 통해 영국이 유럽 연합(EU)을 탈퇴하기로 결정한 이후, 영국 사회와 경제에 광범위하고 복잡한 변화를 가져왔습니다. 이 변화는 정치적, 경제적, 사회적 측면에서 뚜렷하게 드러나고 있습니다.

#### 정치적 영향
정치적으로, 브렉시트는 영국의 외교 정책과 국내",crosslingual,okapi,ko
138,beomi/EXAONE-3.5-2.4B-Instruct-Llamafied,"## 브렉시트: 영국의 새로운 지평을 향한 도약과 그 영향

2016년 국민투표를 통해 성사된 브렉시트는 영국 역사상 가장 큰 정치적 전환점 중 하나로 자리매김했습니다. EU 회원국에서 탈퇴함으로써 영국은 경제, 외교, 이민 정책 등 다양한 분야에서 근본적인 변화를 맞이했습니다.

**경제적 영향**은 가장 두드러진 변화입니다. 자유무역 협정 체결 지연과 새로운 관세 장벽 도입으로 수출입",crosslingual,okapi,ko
139,beomi/EXAONE-3.5-2.4B-Instruct-Llamafied,"서울의 아침 햇살이 창문을 통해 부드럽게 스며들자, 민수는 눈을 떴다. 그의 눈에는 낯선 도시의 풍경이 펼쳐져 있었다. 서울이 아닌, 그 어느 곳에서도 느껴보지 못한 풍경이었다. 익숙한 건물들 사이로 낯선 거리들이 펼쳐져 있었고, 그 속에서는 언어와 문화의 장벽이 그를 감싸고 있었다.

민수는 지난 몇 달 동안의 불안한 여행 끝에 이곳에",crosslingual,okapi,ko
140,beomi/EXAONE-3.5-2.4B-Instruct-Llamafied,"### 낯선 도시에 빠진 남자의 이야기

서울의 번화한 거리에서 아침 햇살이 창문을 통해 스며들자, 민수는 잠에서 깨어났다. 평소처럼 출근 준비를 하려 했지만, 오늘은 뭔가 다르게 느껴졌다. 그의 가방에는 평소와는 다른 여행 가방이 들어 있었고, 낯선 도시의 지도와 간단한 영어 단어 카드가 함께 있었다. 민수는 갑자기 자신이 서울이 아닌 다른 도시로 이동한 것을 깨달았",crosslingual,okapi,ko
141,beomi/EXAONE-3.5-2.4B-Instruct-Llamafied,"서울의 아침 햇살이 창문을 통해 스며들어, 민수의 눈을 깨웠다. 그는 어제 밤, 갑작스러운 여행 계획으로 인해 낯선 도시 서울에 도착한 지 하루가 지났다. 처음에는 혼란스러움이 가득했지만, 시간이 흐르면서 그 혼란은 점차 익숙함으로 변해갔다.

민수는 서울역에서 나와, 길을 잃지 않기 위해 스마트폰의 GPS 기능에 의존했다. 도시의 풍경은 마치 거대한 퍼즐 조각",crosslingual,okapi,ko
142,beomi/EXAONE-3.5-2.4B-Instruct-Llamafied,"### 시간 여행을 가능하게 하는 컴퓨터 바이러스: 미래의 모험

2045년, 인류는 기술의 정점에 서 있었다. 인공지능과 나노기술이 일상에 깊숙이 스며들어 삶의 질을 획기적으로 향상시켰지만, 그 이면에는 아직 해결되지 않은 미스터리들이 숨어 있었다. 그 중 하나가 바로 '크로노스 바이러스'였다. 이 바이러스는 단순한 소프트웨어 오류를 넘어 인류 역사의 흐름을 바꿀 잠재력",crosslingual,okapi,ko
143,beomi/EXAONE-3.5-2.4B-Instruct-Llamafied,"### 시간 여행 바이러스: 미래의 문을 열다

2045년, 서울의 밤하늘은 첨단 기술의 빛으로 반짝였다. 인공지능과 로봇이 일상의 중심에 자리 잡은 이 시대는 혁신과 발전의 정점에 서 있었지만, 그 속에서도 깊은 불안감이 퍼져 있었다. 그 불안감의 중심에는 '크로노스 바이러스'라는 이름의 미지의 컴퓨터 바이러스가 자리 잡고 있었다.

#### 시작:",crosslingual,okapi,ko
144,beomi/EXAONE-3.5-2.4B-Instruct-Llamafied,"### 시간 여행 바이러스: 미래의 문을 열다

2045년, 인류는 기술의 정점에서 새로운 도전에 직면했다. 글로벌 IT 기업 '네오테크'는 혁신적인 프로젝트를 진행 중이었는데, 그 핵심은 **시간 여행 기술**의 상용화였다. 이 프로젝트의 핵심은 고도화된 인공지능과 양자 컴퓨팅을 결합한 **시간 흐름 조절 알고리즘**이었다. 그러나 예상치 못한 변수가 등장했다.",crosslingual,okapi,ko
145,beomi/EXAONE-3.5-2.4B-Instruct-Llamafied,"### 효과적인 의사소통 기술: 상호 이해와 협력의 핵심

효과적인 의사소통은 개인 간의 관계 형성부터 조직 내 협업까지 다양한 영역에서 핵심적인 역할을 담당합니다. 현대 사회에서 빠르게 변화하는 환경 속에서, 명확하고 효과적인 의사소통 능력은 개인의 성공뿐 아니라 조직의 발전에도 결정적인 영향을 미칩니다. 이 글에서는 효과적인 의사소통 기술의 중요성과 이를 향상시키는 방법들을",crosslingual,okapi,ko
146,beomi/EXAONE-3.5-2.4B-Instruct-Llamafied,"### 효과적인 의사소통 기술: 현대 사회의 핵심 역량

현대 사회는 빠르게 변화하고 복잡한 네트워크 속에서 운영되고 있으며, 이러한 환경에서 **효과적인 의사소통 기술**은 개인과 조직 모두에게 필수적인 역량으로 부상하고 있다. 의사소통은 단순히 정보를 전달하는 것을 넘어 상호 이해와 협력을 촉진하는 핵심 도구로 작용한다. 다음은 효과적인 의사소통 기술을 향상시키는 데 중점을 둔",crosslingual,okapi,ko
147,beomi/EXAONE-3.5-2.4B-Instruct-Llamafied,"### 효과적인 의사소통 기술: 상호 이해와 협력의 핵심

효과적인 의사소통은 개인 간의 관계 형성뿐만 아니라 조직 내 협업과 사회적 상호작용의 성공을 좌우하는 핵심 요소입니다. 현대 사회에서 빠르게 변화하는 환경 속에서, 명확하고 효과적인 의사소통 능력은 개인의 성장과 성공을 위한 필수적인 기술로 자리잡고 있습니다. 다음은 효과적인 의사소통을 향상시키는 데 중점을 둔 몇",crosslingual,okapi,ko
148,beomi/EXAONE-3.5-2.4B-Instruct-Llamafied,"### 머신러닝의 현재와 미래: 혁신의 동력으로서의 역할

머신러닝은 현대 기술 발전의 핵심 동력 중 하나로, 데이터 분석과 예측 모델링 분야에서 획기적인 변화를 가져왔습니다. 이 에세이는 머신러닝의 현재 상태를 살펴보고, 그 잠재력과 미래 전망에 대해 깊이 있게 탐구해 보겠습니다.

#### 머신러닝의 현재 지형

머신러닝은 컴퓨터 시스템이 경험을 통해 학습",crosslingual,okapi,ko
149,beomi/EXAONE-3.5-2.4B-Instruct-Llamafied,"### 머신러닝의 현재와 미래: 기술 혁신의 핵심 동력

머신러닝은 현대 기술 발전의 핵심 동력 중 하나로, 데이터 분석과 예측 모델링 분야에서 획기적인 변화를 가져왔습니다. 이 에세이는 머신러닝의 현재 상태를 살펴보고, 그 잠재력과 미래 전망에 대해 깊이 있게 탐구해 보겠습니다.

#### 머신러닝의 현재 위상

머신러닝은 인공지능(AI)의 한 분야로,",crosslingual,okapi,ko
150,beomi/EXAONE-3.5-2.4B-Instruct-Llamafied,"### 머신러닝의 현재와 미래: 기술 혁신의 핵심 동력

머신러닝은 현대 기술 발전의 핵심 동력 중 하나로, 데이터 분석과 예측 모델링 분야에서 획기적인 변화를 가져왔습니다. 이 에세이는 머신러닝의 현재 상태를 살펴보고, 그 잠재력과 미래 전망에 대해 깊이 있게 탐구해 보겠습니다.

#### 머신러닝의 현재 지형

머신러닝은 인공지능(AI)의 한 분야로,",crosslingual,okapi,ko
151,beomi/EXAONE-3.5-2.4B-Instruct-Llamafied,"### 유전자 변형 식품의 장단점: 과학적 진보와 윤리적 고려사항

유전자 변형 식품(GMO, Genetically Modified Organism)은 현대 농업과 식품 산업에서 핵심적인 역할을 담당하고 있으며, 그 영향력은 식량 안보부터 환경 보호까지 다양한 측면에 걸쳐 있다. 그러나 이러한 혁신적인 기술은 동시에 여러 가지 장단점을 내포하고 있어, 그 사용과 수용에 대한 깊이 있는 논의가 요구된다. 이",crosslingual,okapi,ko
152,beomi/EXAONE-3.5-2.4B-Instruct-Llamafied,"### 유전자 변형 식품의 장단점: 현대 농업의 양면성

유전자 변형 식품(GMO, Genetically Modified Organism)은 과학 기술의 발전을 통해 농업 분야에 혁신을 가져온 중요한 요소로 자리매김하고 있다. 그러나 이러한 혁신은 동시에 다양한 논란과 우려를 불러일으키며, 그 장단점은 복잡하고 다면적인 성격을 띤다. 본 에세이는 유전자 변형 식품의 주요 장점과 단점을 한국어로 상세히 살펴보고자 한다.
",crosslingual,okapi,ko
153,beomi/EXAONE-3.5-2.4B-Instruct-Llamafied,"### 유전자 변형 식품의 장단점: 과학적 진보와 윤리적 고려사항

유전자 변형 식품(GMO, Genetically Modified Organism)은 현대 농업과 식품 산업에서 핵심적인 역할을 담당하고 있으며, 그 영향력은 식량 안보부터 환경 보호까지 다양한 영역에 걸쳐 있다. 그러나 이러한 혁신적인 기술은 동시에 여러 가지 장단점을 내포하고 있어, 그 사용과 수용에 대한 깊이 있는 논의가 요구된다. 본",crosslingual,okapi,ko
154,beomi/EXAONE-3.5-2.4B-Instruct-Llamafied,"### 빈곤의 원인: 복잡한 상호작용과 다각적 접근

빈곤은 현대 사회에서 가장 심각한 사회 문제 중 하나로, 개인과 가족부터 국가 수준까지 다양한 차원에서 그 영향을 미친다. 빈곤의 원인은 단일 요인으로 설명하기보다는 복잡한 사회경제적 요인들의 상호작용과 상호 연관성 속에서 이해되어야 한다. 이 에세이는 빈곤의 주요 원인들을 다각도로 분석하고, 그 원인들이 어떻게 상호작용하며",crosslingual,okapi,ko
155,beomi/EXAONE-3.5-2.4B-Instruct-Llamafied,"### 빈곤의 원인: 깊이 있는 분석

빈곤은 현대 사회에서 가장 심각한 사회 문제 중 하나로, 개인과 가족뿐만 아니라 국가 전체의 발전을 저해하는 주요 요인으로 인식되고 있다. 빈곤의 원인은 복잡하고 다층적이며, 경제적 요인부터 사회적, 문화적 요인까지 다양하게 얽혀 있다. 이 글에서는 빈곤의 주요 원인들을 다각도로 분석하고, 그 해결 방안에 대해",crosslingual,okapi,ko
156,beomi/EXAONE-3.5-2.4B-Instruct-Llamafied,"### 빈곤의 원인: 복잡한 상호작용의 결과

빈곤은 현대 사회에서 가장 심각한 사회 문제 중 하나로, 개인과 가족부터 국가 수준까지 다양한 차원에서 그 영향을 미친다. 빈곤의 원인은 단일 요인으로 설명하기보다는 복잡한 사회경제적 요인들의 상호작용으로 이해되어야 한다. 이 글에서는 빈곤의 주요 원인들을 다각도로 분석하고, 그 중 핵심적인 요소들을 강조하며, 이러한",crosslingual,okapi,ko
157,beomi/EXAONE-3.5-2.4B-Instruct-Llamafied,"### 학교에서 코딩 교육을 도입해야 하는 이유: 미래를 위한 투자

#### 서론
현대 사회는 디지털 기술의 급속한 발전 속에서 빠르게 변화하고 있습니다. 이러한 변화의 중심에는 **코딩 교육**이 자리잡고 있습니다. 코딩은 단순히 프로그래밍 언어를 배우는 것을 넘어, 창의적 사고와 문제 해결 능력을 키우는 데 필수적인 도구로 부상하고 있습니다. 본 블로그 포스트에서는 학교 교육 과정에 코딩 교육",crosslingual,okapi,ko
158,beomi/EXAONE-3.5-2.4B-Instruct-Llamafied,"### 코딩 교육의 중요성: 미래를 위한 학교 교육의 핵심 전략

#### 서론
현대 사회는 디지털 혁신의 중심에 서 있으며, 이 변화의 흐름 속에서 코딩 교육은 단순한 기술 습득을 넘어 미래 인재 양성의 핵심 요소로 부상하고 있습니다. 학교 교육의 핵심 목표 중 하나는 학생들이 미래 사회에서 성공적으로 살아갈 수 있는 역량을 갖추게 하는 것입니다. 이 글에서는 코딩 교육의 중요성과 학교에서 이를",crosslingual,okapi,ko
159,beomi/EXAONE-3.5-2.4B-Instruct-Llamafied,"### 코딩 교육의 중요성: 미래를 위한 학교 교육의 핵심 요소

현대 사회는 디지털 혁신의 중심에 있으며, 이 변화의 흐름 속에서 코딩 교육은 단순히 기술적 능력을 넘어 창의성과 문제 해결 능력을 키우는 데 필수적인 요소로 부상하고 있습니다. 학교 교육 체계 내에서 코딩 교육을 적극적으로 도입하는 것은 학생들에게 미래 사회에서 성공적으로 살아갈 수 있는 중요한 기반을 마련하는 데 결정",crosslingual,okapi,ko
160,beomi/EXAONE-3.5-2.4B-Instruct-Llamafied,"경제 불황 시기 스타트업을 지원하기 위한 세 가지 정부 지원 형태는 다음과 같습니다:

1. **금융 지원 프로그램**:
   - **융자 및 저리 대출**: 정부나 공공기관이 스타트업에 저리로 대출을 제공하거나 직접적인 융자를 지원하여 초기 자금 조달의 부담을 덜어줍니다. 이를 통해 스타트업은 연구개발, 시설 구축, 인력 채용 등에 필요한 자금을 안정적으로 확보할 수 있습니다.
   -",crosslingual,okapi,ko
161,beomi/EXAONE-3.5-2.4B-Instruct-Llamafied,"During an economic downturn, startups often face significant challenges such as limited funding, cash flow issues, and difficulties in accessing markets. Here are three types of government assistance programs in Korean that could specifically support startups:

1. **금융지원 및 저리 대출 프로그램 (Financial Support and Low-Interest Loan Programs)**
   - **Description**: Various governmental bodies like the Korea Small and Medium Business Administration (KOSAID) and the Bank of Korea offer financial support mechanisms including low-interest",crosslingual,okapi,ko
162,beomi/EXAONE-3.5-2.4B-Instruct-Llamafied,"경제 불황기 동안 스타트업을 지원하기 위한 세 가지 유형의 정부 지원은 다음과 같습니다:

1. **금융 지원 프로그램**: 정부는 저리 대출, 보증 프로그램, 또는 직접적인 자금 지원을 통해 스타트업에게 필요한 초기 자본이나 운영 자금을 제공할 수 있습니다. 이러한 지원은 스타트업이 자금 조달의 어려움을 극복하고 성장의 기반을 마련하는 데 도움이 됩니다.

2. **기술 및 컨설팅 지원**:",crosslingual,okapi,ko
163,beomi/EXAONE-3.5-2.4B-Instruct-Llamafied,"### 밤의 그림자 속에서

서울의 깊은 밤, 낡은 아파트 단지의 한가운데에 위치한 작은 집은 고요함 속에 숨 쉬고 있었다. 이곳은 오랜 세월 동안 한 가족의 삶의 중심이었지만, 최근 들어 그 고요함이 점점 더 무거운 그림자로 변해가고 있었다. 주인공인 지수는 이곳에서 자란 딸로, 부모님의 죽음 이후 혼자 이 집을 지키고 있었다.

지수",crosslingual,okapi,ko
164,beomi/EXAONE-3.5-2.4B-Instruct-Llamafied,"### 밤의 속삭임

밤이 깊어지면서 마을 가장자리에 위치한 오래된 저택, '달빛의 그림자'는 eerie한 분위기로 가득 찼다. 이곳은 과거의 비밀을 간직하고 있었고, 그 비밀은 세대를 거쳐 전해져 내려오는 이야기 속에 잠들어 있었다. 오늘 밤은 특히 특별한 밤이었다. 마을의 젊은 부부, 지수와 민수는 이곳으로 이사를 왔다. 그들의 꿈은 평온",crosslingual,okapi,ko
165,beomi/EXAONE-3.5-2.4B-Instruct-Llamafied,"비가 끊임없이 쏟아지는 밤, 낡은 마을의 가장자리에 위치한 오래된 저택은 어둠 속에서 더욱 신비롭게 빛났다. 이곳은 '그림자 저택'으로 알려져 있었고, 그 이름처럼 그 안에는 늘 희미한 그림자들이 춤추듯 움직였다. 오늘 밤은 특히 불길한 기운이 감돌았다. 마을의 젊은 여성, 지수는 호기심과 두려움 사이에서 갈등하며 저택의 문을 두드렸다. 그녀의 손에는 낡은 지도",crosslingual,okapi,ko
166,beomi/EXAONE-3.5-2.4B-Instruct-Llamafied,"### 디지털 시대의 소통 방식 변화: 온라인 커뮤니티의 진화와 그 영향

디지털 기술의 급속한 발전은 우리의 일상 생활과 소통 방식에 혁명적인 변화를 가져왔습니다. 특히 온라인 커뮤니티는 이러한 변화의 중심에 서 있으며, 그 진화 과정은 사회적 관계와 정보 공유의 방식을 근본적으로 바꾸어 놓았습니다. 이번 블로그 포스트에서는 온라인 커뮤니티의 발전 과정과 그로 인한 다양한 영향에 대해 살펴보겠습니다.

####",crosslingual,okapi,ko
167,beomi/EXAONE-3.5-2.4B-Instruct-Llamafied,"### 디지털 시대의 소통 방식: 온라인 커뮤니티의 진화와 그 영향

디지털 기술의 급속한 발전은 우리의 일상 생활을 근본적으로 변화시켰고, 그 중에서도 **온라인 커뮤니티**는 가장 눈에 띄는 변화 중 하나입니다. 최근 몇 년 동안 온라인 플랫폼들이 다양한 형태로 진화하면서 사용자 간의 소통 방식과 사회적 상호작용의 풍경이 크게 바뀌었습니다. 이 글에서는 이러한 변화의 핵심 요소와 그로 인한",crosslingual,okapi,ko
168,beomi/EXAONE-3.5-2.4B-Instruct-Llamafied,"### 디지털 시대의 소통 방식 변화: 비대면 시대의 새로운 연결고리

디지털 기술의 급속한 발전은 우리의 일상 생활을 근본적으로 변화시켰으며, 특히 소통 방식에 있어서는 그 영향이 두드러집니다. 최근 몇 년 동안 코로나19 팬데믹은 이러한 변화를 가속화시켰고, 비대면 환경에서의 효과적인 커뮤니케이션이 필수적인 요소로 떠올랐습니다. 이 글에서는 디지털 시대가 어떻게 우리의 소통 패턴을",crosslingual,okapi,ko
169,beomi/EXAONE-3.5-2.4B-Instruct-Llamafied,"### 음악 교육의 삶 속 중요성

음악 교육은 단순한 예술적 표현을 넘어 개인의 전인적 발전과 사회적 연결고리로서 핵심적인 역할을 담당하고 있다. 현대 사회에서 음악 교육의 가치는 그 영향력이 더욱 확대되고 있으며, 다양한 측면에서 우리 삶에 긍정적인 변화를 가져오고 있다.

#### 인지능력 향상

음악 교육은 인지능력 향상에 결정적인 기여를 한다. 음악",crosslingual,okapi,ko
170,beomi/EXAONE-3.5-2.4B-Instruct-Llamafied,"### 음악 교육의 삶 속 중요성

음악 교육은 개인의 성장뿐만 아니라 사회 전반에 걸쳐 깊은 영향을 미치는 핵심적인 요소 중 하나입니다. 현대 사회에서 그 중요성은 더욱 부각되고 있으며, 다양한 측면에서 우리 삶에 긍정적인 변화를 가져오는 힘을 지니고 있습니다.

#### 개인 발전의 촉매제

음악 교육은 창의성과 표현 능력을 키우는 데 결정적인 역할을",crosslingual,okapi,ko
171,beomi/EXAONE-3.5-2.4B-Instruct-Llamafied,"### 음악 교육의 삶 속 중요성: 조화로운 발전의 핵심

음악 교육은 단순한 예술적 표현을 넘어 개인의 전인적 발전과 사회적 통합에 있어 핵심적인 역할을 담당하고 있다. 현대 사회에서 빠르게 변화하는 환경 속에서 음악 교육의 가치는 더욱 부각되고 있으며, 그 중요성은 다양한 측면에서 명확히 드러난다.

#### 인지적 성장과 창의성 함양

음악 교육은 인지 능력의",crosslingual,okapi,ko
172,beomi/EXAONE-3.5-2.4B-Instruct-Llamafied,"## 산호초의 숨결: 보호를 위한 우리의 책임

산호초는 지구상에서 가장 biodiverse한 생태계 중 하나로, 수많은 해양 생물의 서식지이자 해안선 보호벽 역할을 수행하며 우리 삶에 필수적인 자원을 제공합니다. 그러나 기후 변화, 오염, 과도한 어업 등 다양한 위협에 직면하며 그 생명력은 점점 약화되고 있습니다. 산호초 보호는 단순한 환경 문제를 넘어 인류의 생존과 직결된",crosslingual,okapi,ko
173,beomi/EXAONE-3.5-2.4B-Instruct-Llamafied,"### 산호초 보호의 중요성: 지속 가능한 해양 생태계를 위한 노력

산호초는 지구상에서 가장 biodiverse한 생태계 중 하나로, 수많은 해양 생물의 서식지이자 해안선 보호 장벽으로서 중요한 역할을 담당하고 있다. 그러나 기후 변화, 오염, 과도한 어로 활동 등 다양한 위협에 직면해 있어 그 보존이 시급한 과제로 부각되고 있다. 산호초 보호는 단순히 생물 다양성의 유지뿐만 아니",crosslingual,okapi,ko
174,beomi/EXAONE-3.5-2.4B-Instruct-Llamafied,"## 산호초 보호: 생명의 보고를 지키는 노력

산호초는 지구상에서 가장 biodiverse한 생태계 중 하나로, 수많은 해양 생물의 서식지이자 해안선 보호 장벽 역할을 수행합니다. 그러나 기후 변화, 오염, 과도한 어업 등 다양한 위협에 직면하며 심각한 손상을 입고 있습니다. 산호초 보호는 단순한 환경 문제를 넘어 인류의 생존과 직결된 중요한 과제입니다.

**첫째, 산호초",crosslingual,okapi,ko
175,beomi/EXAONE-3.5-2.4B-Instruct-Llamafied,"## 건강하고 맛있는 채식 세 코스 식사 레시피

**1.starter: 아보카도 토스트 & 토마토 스프**

* **재료:**
    * 통밀빵 2쪽
    * 아보카도 1개
    * 토마토 2개
    * 레몬즙 1큰술
    * 소금, 후추 약간
    * 올리브 오일 약간
    * 다진 마늘 1작은술 (선택 사항)

* **만드는 법:**
    1",crosslingual,okapi,ko
176,beomi/EXAONE-3.5-2.4B-Instruct-Llamafied,"### 건강하고 맛있는 채식 세 코스 식사 레시피

#### **1. 코스 1: 샐러드와 아보카도 드레싱**

**재료:**
- **채소:**
  - 시금치 (약 200g)
  - 토마토 (2개)
  - 아보카도 (1개)
  - 오이 (1개)
  - 당근 (1/2개)
  - 양상추 잎 (적당량)
- **드레싱:**
",crosslingual,okapi,ko
177,beomi/EXAONE-3.5-2.4B-Instruct-Llamafied,"### 건강하고 맛있는 완전 채식 세 코스 식사 레시피

#### **1. 애피타이저: 아보카도와 토마토 퀴노아 샐러드**

**재료:**
- 1컵 퀴노아
- 2개 중형 토마토, 얇게 슬라이스
- 1개 아보카도, 반으로 자르기
- 1/4컵 신선한 바질 잎
- 2큰술 올리브 오일
- 1큰술 레몬 주스
- 소금과 후추, 적당량",crosslingual,okapi,ko
178,beomi/EXAONE-3.5-2.4B-Instruct-Llamafied,밤하늘은 수많은 별들이 펼쳐진 **별빛의 이불** 같았습니다.,crosslingual,okapi,ko
179,beomi/EXAONE-3.5-2.4B-Instruct-Llamafied,"밤하늘은 별들의 **솜옷** 같았습니다.

Here's a breakdown:
- **밤하늘** (bat-haewal): night sky
- **솜옷** (somok): blanket, referring metaphorically to something soft and enveloping like a blanket

This metaphor captures the idea of the night sky being densely packed with stars, much like a soft blanket covering everything above.",crosslingual,okapi,ko
180,beomi/EXAONE-3.5-2.4B-Instruct-Llamafied,밤하늘은 별들로 덮인 **천상의 이불** 같았습니다.,crosslingual,okapi,ko
181,beomi/EXAONE-3.5-2.4B-Instruct-Llamafied,"### COVID-19의 글로벌 경제에 미친 영향: 팬데믹 이후의 변화와 전망

#### 서론
2019년 말부터 전 세계를 강타한 코로나19 팬데믹은 인류 역사상 가장 큰 경제적 충격 중 하나로 기록되었다. 이 글에서는 COVID-19가 글로벌 경제에 미친 다각적인 영향을 살펴보고, 팬데믹 이후의 경제 구조 변화와 미래 전망에 대해 깊이 있게 분석해 보고자 한다.",crosslingual,okapi,ko
182,beomi/EXAONE-3.5-2.4B-Instruct-Llamafied,"### COVID-19의 글로벌 경제에 미친 영향: 팬데믹 이후의 변화와 전망

#### 서론
2019년 말부터 전 세계를 강타한 코로나19 팬데믹은 인류 역사상 가장 큰 경제적 충격 중 하나로 기록되었다. 이 기사는 코로나19가 글로벌 경제에 미친 다각적인 영향을 탐구하며, 특히 경제 구조의 변화, 산업별 영향, 그리고 미래 전망에 초점을 맞춘다. 팬데믹이 어떻게",crosslingual,okapi,ko
183,beomi/EXAONE-3.5-2.4B-Instruct-Llamafied,"### COVID-19의 글로벌 경제에 미친 영향: 팬데믹 이후의 변화와 전망

#### 서론
2019년 말부터 전 세계를 강타한 COVID-19 팬데믹은 인류 역사상 가장 광범위하고 파괴적인 위기 중 하나로 기록되었다. 이 위기는 단순히 공중 보건 문제를 넘어 경제 구조와 글로벌 공급망에 깊은 상처를 남겼다. 본 기사는 COVID-19가 글로벌 경제에 미친 다각적인 영향",crosslingual,okapi,ko
184,beomi/EXAONE-3.5-2.4B-Instruct-Llamafied,"### 인공지능: 미래 사회의 혁신 동력

인공지능(AI)은 현대 기술 발전의 핵심 축 중 하나로, 그 영향력은 산업, 의료, 교육, 그리고 일상 생활에 이르기까지 폭넓게 퍼져나가고 있습니다. 이 글에서는 인공지능이 어떻게 우리 사회의 미래를 재구성하고 있는지에 대해 탐구해 보겠습니다.

#### 기술 발전의 촉매제

인공지능의 등장은 단순히 기술적 혁신을 넘어 사회 전반에 걸친",crosslingual,okapi,ko
185,beomi/EXAONE-3.5-2.4B-Instruct-Llamafied,"### 인공지능: 미래를 향한 혁신의 열쇠

인공지능(AI)은 현대 사회의 핵심 기술 트렌드 중 하나로, 그 영향력은 산업, 의료, 교육, 그리고 일상 생활까지 폭넓게 미치고 있다. 이 글에서는 인공지능의 발전 과정, 주요 응용 분야, 그리고 미래 사회에 미칠 잠재적 영향에 대해 살펴보고자 한다.

#### 인공지능의 발전 과정

인공지능의 역사는 20세기 중반으로 거슬러 올라간다. 초기에는",crosslingual,okapi,ko
186,beomi/EXAONE-3.5-2.4B-Instruct-Llamafied,"### 인공지능: 미래를 향한 혁신의 열쇠

인공지능(AI)은 현대 사회의 핵심 기술 트렌드 중 하나로, 그 영향력은 산업, 의료, 교육, 그리고 일상 생활까지 폭넓게 미치고 있다. 이 글에서는 인공지능의 발전 과정, 주요 응용 분야, 그리고 미래 사회에 미칠 잠재적 영향에 대해 살펴보고자 한다.

#### 발전의 역사와 현재의 위상

인공지능의 여정은 20세기 중반으로 거슬러 올라간다",crosslingual,okapi,ko
187,beomi/EXAONE-3.5-2.4B-Instruct-Llamafied,"## 투표의 힘: 민주주의의 핵심

우리 사회의 건강과 미래는 개인의 한 표가 모여 만들어집니다. 바로 **투표**가 그 핵심적인 힘입니다. 단순한 선택을 넘어, 우리는 투표를 통해 **민주주의의 가치를 실현**하고 **사회 발전에 직접 기여**할 수 있습니다.

첫째, 투표는 **개인의 목소리를 세상에 전달하는 유일한 수단**입니다. 정치적 의사결정 과정에 참여함으로",crosslingual,okapi,ko
188,beomi/EXAONE-3.5-2.4B-Instruct-Llamafied,"## 투표의 힘: 민주주의의 핵심

현대 사회는 복잡하고 다양한 문제들로 가득 차 있습니다. 경제 불평등, 환경 파괴, 사회적 갈등 등 해결해야 할 과제들이 끊임없이 제기됩니다. 이러한 어려움을 극복하고 더 나은 미래를 향해 나아가기 위해서는 개인의 힘이 모여야 합니다. 그 핵심에는 **투표**가 자리 잡고 있습니다. 투표는 단순한 선택을 넘어 **민주주의의 근간**이며, 우리 삶",crosslingual,okapi,ko
189,beomi/EXAONE-3.5-2.4B-Instruct-Llamafied,"## 투표의 힘: 민주주의의 근간을 이루는 필수 요소

현대 사회는 복잡하고 다양한 문제들로 가득 차 있습니다. 경제 불평등, 환경 파괴, 사회적 갈등 등 해결해야 할 과제들이 끊임없이 제기됩니다. 이러한 어려움을 극복하고 더 나은 미래를 향해 나아가기 위해서는 개인의 힘이 모여야 합니다. 그 핵심에는 **투표**가 자리 잡고 있습니다. 투표는 단순한 선택을 넘어 민주주의 사회의 건강한",crosslingual,okapi,ko
190,beomi/EXAONE-3.5-2.4B-Instruct-Llamafied,"### 머신러닝의 세계: 미래를 향한 기술적 도약

#### 서론

21세기는 기술 혁신의 시대라고 불릴 만큼 빠르게 변화하고 있으며, 그 중심에는 **머신러닝(Machine Learning, ML)**이 자리잡고 있습니다. 머신러닝은 컴퓨터 시스템이 데이터를 통해 학습하고, 경험을 바탕으로 예측이나 결정을 내리는 능력을 갖추게 하는 핵심 기술입니다. 이 글에서는 머신러닝의",crosslingual,okapi,ko
191,beomi/EXAONE-3.5-2.4B-Instruct-Llamafied,"### 머신러닝의 미래: 기술 혁신의 핵심 동력으로서의 역할

#### 서론

21세기는 기술 혁신의 시대라고 불릴 만큼 빠르게 변화하고 있으며, 그 중심에는 **머신러닝(Machine Learning, ML)**이 자리잡고 있습니다. 머신러닝은 컴퓨터 시스템이 데이터를 통해 학습하고, 경험을 바탕으로 예측이나 결정을 내리는 능력을 갖추게 하는 인공지능의 핵심 분야입니다. 이번 블로그 포스트",crosslingual,okapi,ko
192,beomi/EXAONE-3.5-2.4B-Instruct-Llamafied,"### 머신러닝의 세계: 미래를 향한 지능의 도약

#### 서론

21세기는 기술 혁신의 시대라고 불릴 만큼 빠르게 변화하고 있으며, 그 중심에는 **머신러닝(Machine Learning, ML)**이 자리잡고 있습니다. 머신러닝은 컴퓨터 시스템이 데이터를 통해 학습하고, 경험을 바탕으로 스스로 개선할 수 있도록 설계된 인공지능의 핵심 분야입니다. 이 글에서는 머신러닝의 기본 개념",crosslingual,okapi,ko
193,beomi/EXAONE-3.5-2.4B-Instruct-Llamafied,"### 자율무기체계의 윤리적 고려사항: 미래의 책임과 도덕성

인공지능(AI) 기술의 급속한 발전은 군사 분야에도 혁신적인 변화를 가져오고 있습니다. 특히 자율무기체계(Autonomous Weapons Systems, AWS)는 전투의 자동화를 통해 효율성을 극대화하려는 노력의 중심에 서 있습니다. 그러나 이러한 기술의 도입은 복잡한 윤리적 문제들을 동반하며, 국제 사회와 학계에서",crosslingual,okapi,ko
194,beomi/EXAONE-3.5-2.4B-Instruct-Llamafied,"### 자율무기체계의 윤리적 고려사항: 미래의 전쟁에서의 책임과 가치

#### 서론
인공지능(AI) 기술의 급속한 발전은 군사 분야에도 혁신적인 변화를 가져오고 있습니다. 특히 자율무기체계(Autonomous Weapons Systems, AWS)는 전투의 자동화를 통해 효율성을 극대화하려는 노력의 중심에 서 있습니다. 그러나 이러한 기술의 도입은 복잡한 윤리적 문제를 동반하며, 국제",crosslingual,okapi,ko
195,beomi/EXAONE-3.5-2.4B-Instruct-Llamafied,"### 자율무기체계의 윤리적 고려사항: 미래의 전쟁과 책임성

인공지능(AI) 기술의 급속한 발전은 군사 분야에도 혁신적인 변화를 가져오고 있으며, 그 중에서도 자율무기체계의 등장은 특히 주목받고 있습니다. 이러한 기술은 전투 효율성을 극대화하고 인간 병사의 위험을 줄이는 데 기여할 수 있지만, 동시에 심각한 윤리적 딜레마를 제기하고 있습니다. 본 글에서",crosslingual,okapi,ko
196,beomi/EXAONE-3.5-2.4B-Instruct-Llamafied,"### 글로벌 온난화에 따른 북극의 변화: 과학적 분석 보고서

#### 서론

북극은 지구의 기후 체계에서 핵심적인 역할을 담당하는 지역으로, 그 변화는 전 지구적인 기후 패턴에 직접적인 영향을 미친다. 최근 수십 년간 관찰된 급격한 온난화 추세는 북극의 생태계, 빙하 시스템, 그리고 지구 온난화의 피드백 메커니즘에 중대한 변화를 초래하고 있다. 본 보고서는 글로벌 온난화가 북극에",crosslingual,okapi,ko
197,beomi/EXAONE-3.5-2.4B-Instruct-Llamafied,"### 글로벌 온난화에 따른 북극의 변화: 과학적 분석 보고서

#### 서론

글로벌 온난화는 지구 온난화의 주요 원인 중 하나로, 특히 북극 지역에서 그 영향이 극명하게 드러나고 있다. 북극은 지구의 기후 체계에서 핵심적인 역할을 담당하며, 그 변화는 전 지구적인 기후 패턴에 지대한 영향을 미친다. 본 보고서는 글로벌 온난화가 북극 지역에 미치는 다양한 생태학적, 지질학",crosslingual,okapi,ko
198,beomi/EXAONE-3.5-2.4B-Instruct-Llamafied,"### 글로벌 온난화에 따른 북극의 영향: 과학적 분석 보고서

#### 서론

글로벌 온난화는 지구 온난화의 주요 원인 중 하나로, 특히 북극 지역에서 그 영향이 극명하게 드러나고 있다. 북극은 지구의 기후 체계에 중요한 역할을 하는 지역으로, 빙하의 녹음, 해수면 상승, 생태계 변화 등 다양한 측면에서 심각한 변화를 겪고 있다. 본 보고서는 글로벌 온난화가 북극에 미치는 복합",crosslingual,okapi,ko
199,beomi/EXAONE-3.5-2.4B-Instruct-Llamafied,"### crocodile 친구의 모험 이야기

#### 제목: **크roc의 신나는 모험**

#### 이야기 시작:
한 번은 푸른 바다와 울창한 열대림이 어우러진 아름다운 섬에 살고 있는 작은 crocodile 친구 **크roc**이 있었습니다. 크roc은 늘 평화롭게 물가에서 물고기를 잡아먹으며 하루를 보내곤 했습니다. 하지만 어느 날, 크roc은 평소와는 다른 기분이 들었어요. 그의 눈",crosslingual,okapi,ko
200,beomi/EXAONE-3.5-2.4B-Instruct-Llamafied,"Cat leaps high, mouse hides low,  
Whiskers twitch, paws softly glow.  
Dog barks loud, chase begins anew,  
In shadows, they play, wild and true.  

Mouse darts swift, cat's eyes gleam bright,  
Dog barks fierce, yet gentle in heart.  
Night whispers secrets, under moon's glow,  
In this dance of life, they all grow.",crosslingual,complex_prompts,ko
201,beomi/EXAONE-3.5-2.4B-Instruct-Llamafied,"**고양이**의 눈은 밝게 빛나,  
**mouse**를 향해 빠르게 날아간다.  
**dog**의 짖음에 숨으려 하지만,  
**cat**은 여전히 그 자리에 머물러.  

**mouse**는 숨을 고르며 조심스럽게,  
**cat**의 눈빛을 피해 조용히 움직인다.  
**dog**는 흥분하며 달려드는데,  
**cat**은 민첩하게 몸을 숨",crosslingual,complex_prompts,ko
202,beomi/EXAONE-3.5-2.4B-Instruct-Llamafied,"**고양이** 숨어 숨는 **mouse**,  
**dog** 조용히 **mouse**를 찾아.  
**mouse** 숨은 곳을 **cat**이 **mouse**에게 알려.  
**dog**는 **mouse**를 **cat**의 **mouse**로부터 지켜.  
**mouse**는 **cat**의 **mouse**를 **dog**의 **mouse**로 바꿔.  
**cat**은 **mouse**를 **dog",crosslingual,complex_prompts,ko
203,beomi/EXAONE-3.5-2.4B-Instruct-Llamafied,"## Azure Architect 면접을 위한 질문 제안 (Resume 기반)

**1. (경험 중심)**

* **""Microsoft Office Suite 및 기타 널리 사용되는 비즈니스 애플리케이션에 초점을 맞춘 6개월 프로그램을 완료했습니다.""** 라는 부분을 바탕으로, **구체적인 프로젝트나 업무 경험을 통해 Microsoft Office Suite의 어떤 기능을 활용했는지** 설명해 주실 수 있나요? 예를 들어, 특정 프로젝트에서 Excel을 활용한 데이터",crosslingual,complex_prompts,ko
204,beomi/EXAONE-3.5-2.4B-Instruct-Llamafied,"물론입니다. Azure Architect 역할에 대비하여 당신의 이력서에서 추출 가능한 세 가지 질문을 한국어로 제안해 드리겠습니다:

1. **교육 배경과 관련 프로젝트 경험에 대해 자세히 설명해 주실 수 있나요?**
   - **질문 예시:** ""Microsoft Office Suite와 관련된 여섯 달 프로그램을 수료하면서 어떤 구체적인 프로젝트나 기술을 배우셨는지, 그리고 그 경험을 통해 Azure Architect로서 어떤 가치를 얻게 되었",crosslingual,complex_prompts,ko
205,beomi/EXAONE-3.5-2.4B-Instruct-Llamafied,"물론입니다! 아래에 한국어로 작성된 세 가지 질문을 제안해 드리겠습니다. 이 질문들은 당신의 교육 배경, 업무 경험, 그리고 프로젝트 관련 내용을 포괄적으로 다루도록 구성되었습니다.

### 면접 질문 제안

1. **교육 배경과 관련 프로젝트에 대한 질문:**
   - **""Microsoft Office Suite와 관련된 여섯 달 프로그램을 수료하신 경험이 있으신데, 이 프로그램에서 특히 어떤 부분에 집중하",crosslingual,complex_prompts,ko
206,beomi/EXAONE-3.5-2.4B-Instruct-Llamafied,"물론입니다! 아래에 한국어로 작성된 50개의 기본적인 옵션 거래 관련 질문을 제공하겠습니다. 각 질문에 답변하면서 진행 상황을 추적하기 위한 간단한 노트 시스템을 제안드리겠습니다. 아래에 질문과 함께 간단한 체크리스트를 작성해 보세요.

### 체크리스트 노트 예시

| 질문 번호 | 질문 내용                                                                 | 답변 상태 | 정답 여부 | 점수 (정답당 1점) | 총 점수",crosslingual,complex_prompts,ko
207,beomi/EXAONE-3.5-2.4B-Instruct-Llamafied,"Certainly! Below are 50 Korean questions designed to help you learn about options trading at an easy level. I'll provide notes to track your progress as you answer each question, and at the end, I'll calculate your percentage grade based on your responses.

### Questions and Notes Tracking System

#### Question 1:
**질문:** 옵션이란 무엇인가요?
**답변 예시:** 옵션은 특정 시점에 특정 가격으로 자산을 매매할 수",crosslingual,complex_prompts,ko
208,beomi/EXAONE-3.5-2.4B-Instruct-Llamafied,"물론입니다! 옵션 거래에 대한 기본적인 이해를 돕기 위해 50개의 쉬운 질문을 준비했습니다. 각 질문에 답변하면서 진행 상황을 기록해 나갈게요. 아래에 질문과 함께 진행 상황을 기록할 수 있는 공간을 마련해 드리겠습니다.

### 진행 상황 기록 공간
- **정답 개수**: [0]
- **질문별 답변**:
  1. 옵션이란 무엇인가요?
  2",crosslingual,complex_prompts,ko
209,beomi/EXAONE-3.5-2.4B-Instruct-Llamafied,"```json
{
  ""local"": [
    ""Twenty-two per cent of construction cones in downtown Montreal are 'useless': report"",
    ""Three tents catch fire at Bellevue Square encampment in Kensington, no injuries reported"",
    ""Woman trapped under car after being struck near Yonge-Dundas Square"",
    ""Man in his 30s seriously injured in North York stabbing"",
    ""Kids cared for in hallways as",crosslingual,complex_prompts,ko
210,beomi/EXAONE-3.5-2.4B-Instruct-Llamafied,"```json
{
  ""local"": [
    ""Twenty-two per cent of construction cones in downtown Montreal are 'useless': report"",
    ""Three tents catch fire at Bellevue Square encampment in Kensington, no injuries reported"",
    ""Woman trapped under car after being struck near Yonge-Dundas Square"",
    ""Man in his 30s seriously injured in North York stabbing"",
    ""Canucks look to J.T.",crosslingual,complex_prompts,ko
211,beomi/EXAONE-3.5-2.4B-Instruct-Llamafied,"```json
{
  ""local"": [
    ""Twenty-two per cent of construction cones in downtown Montreal are 'useless': report"",
    ""Three tents catch fire at Bellevue Square encampment in Kensington, no injuries reported"",
    ""Woman trapped under car after being struck near Yonge-Dundas Square"",
    ""Man in his 30s seriously injured in North York stabbing"",
    ""Canucks look to J.T.",crosslingual,complex_prompts,ko
212,beomi/EXAONE-3.5-2.4B-Instruct-Llamafied,"### 요약: 전자상거래와 과도소비 촉진 메커니즘

전자상거래의 확산은 전 세계적으로 소비자 행동에 혁신을 가져오고 있으며, 특히 미국에서는 2020년 기준 2억 5천6백만 명의 디지털 구매자가 증가 추세에 있다 (2024년까지 약 2천2백만 명 추가 예상). 이는 편의성과 친환경 제품에 대한 접근성 향상이라는 주요 동기로 인해 촉진된다.",crosslingual,complex_prompts,ko
213,beomi/EXAONE-3.5-2.4B-Instruct-Llamafied,"## E-commerce and Overconsumption: A Double-Edged Sword

While e-commerce offers undeniable environmental benefits like reduced physical transportation and minimized paper waste, its rise fuels **overconsumption** through several mechanisms:

**Propulsion Factors:**

* **Convenience and Immediacy:** Online shopping's accessibility and fast delivery accelerate impulsive purchases driven by instant gratification.
* **Personalized Marketing:** Data analytics enable targeted advertising, fostering desires beyond",crosslingual,complex_prompts,ko
214,beomi/EXAONE-3.5-2.4B-Instruct-Llamafied,"전자상거래는 전 세계적으로 인기를 얻고 있으며, 특히 미국에서는 2020년 기준 2억 5천6백만 명의 디지털 구매자가 있었고, 2024년까지 약 2천2백만 명 증가할 것으로 예상됩니다. 이는 편의성과 친환경 제품에 대한 접근성 향상이라는 주요 동기로 인해 촉진됩니다. 그러나 이러한 성장은 환경에 양면적인 영향을 미칩니다",crosslingual,complex_prompts,ko
215,beomi/EXAONE-3.5-2.4B-Instruct-Llamafied,"- **기계학습**: 펩시코는 AI 기술을 활용해 공장 내 장비의 이상 징후를 실시간으로 감지하는 센서를 도입하고 있습니다. 이 센서들은 기계의 마모 상태나 고장 가능성을 학습 데이터를 바탕으로 빠르게 파악합니다.

- **예측유지보수**: AI 센서는 장비의 미래 고장 가능성을 예측하여 사전에 유지보수를 계획할 수 있게 합니다. 이를 통해 생산 중단 시간을 최소화하고 비용",crosslingual,complex_prompts,ko
216,beomi/EXAONE-3.5-2.4B-Instruct-Llamafied,"- **기계학습**: 펩시코는 AI 기술을 활용해 공장 내 장비의 이상 징후를 실시간으로 감지하는 센서를 도입하고 있습니다. 이 센서들은 기계의 마모 상태나 고장 가능성을 학습 데이터를 바탕으로 파악하여 생산 중단을 미리 방지합니다.

- **예측유지보수**: AI 센서는 공장 장비의 건강 상태를 지속적으로 모니터링하여 미래 고장 가능성을 예측하고, 이를 통해 사전에 유지보수 일정을 조정",crosslingual,complex_prompts,ko
217,beomi/EXAONE-3.5-2.4B-Instruct-Llamafied,"## 펩시코 공장의 AI 혁신: 핵심 포인트 요약

**1. ** **소음 감지**: 펩시코 Coventry 공장에서 Doritos, Walkers 등 스낵들이 conveyor belt 위를 빠르게 지나가며 엄청난 소음이 발생합니다. 하지만 여기서는 단순히 작업자들이 소음 속에서 기계 고장 신호를 찾는 것이 아니라, **AI 센서**가 기계의 소리 패턴을 분석하여 잠재적인 고장 징후를 미리 감지합니다.

**2. ** **",crosslingual,complex_prompts,ko
218,beomi/EXAONE-3.5-2.4B-Instruct-Llamafied,"### 1. Statistical Techniques and Machine Learning Algorithms
- **Statistical Techniques:**
  - Data mining
  - Regression analysis
  - Clustering
- **Machine Learning Algorithms:**
  - Decision trees
  - Various supervised learning models (though specific algorithms like SVM, Random Forest, Neural Networks were not explicitly mentioned)

### 2. Fill-in-the-Blanks Style Questions
1. Predictive analytics uses sophisticated methods including **data mining** and **",crosslingual,complex_prompts,ko
219,beomi/EXAONE-3.5-2.4B-Instruct-Llamafied,"### 1. 추출된 통계 기법 및 머신러닝 알고리즘
- **통계 기법**: 데이터 마이닝, 회귀 분석, 클러스터링
- **머신러닝 알고리즘**: 결정 트리, 기타 다양한 알고리즘 (구체적인 알고리즘 종류는 텍스트에서 명시되지 않았으나, 일반적으로 사용되는 것들로 추정)

### 2. 빈칸 채우기 스타일 질문
1. 예측 분석에서 데이터 준비 단계에서 주로 다루는 데이터 유형에는",crosslingual,complex_prompts,ko
220,beomi/EXAONE-3.5-2.4B-Instruct-Llamafied,"### 1. Extract Statistical Techniques and Machine Learning Algorithms

**통계 기법 및 머신러닝 알고리즘:**
- **데이터 마이닝**
- **회귀 분석**
- **클러스터링**
- **결정 트리**

### 2. Fill-in-the-Blanks Style Questions

1. **예측 분석은 데이터에서 미래의 이벤트나 행동을 예측하기 위해 어떤 핵심 요소들을 활용합니까?**
   - 예측",crosslingual,complex_prompts,ko
221,beomi/EXAONE-3.5-2.4B-Instruct-Llamafied,"최근 연구를 통해 **네오디뮴**이라는 이름의 새로운 희귀 기체가 발견되었습니다. 이 기체는 지구 대기 중에서 극도로 드물게 존재하며, 그 특성과 안정성은 기존의 알려진 8개의 주요 noble gases (아르곤, 헬륨, 네온, 크립톤, 라돈, 오슘, 플루오린, 이오딘) 사이에서 독특한 위치를 차지하고 있습니다.

- 아르곤
- 헬",crosslingual,complex_prompts,ko
222,beomi/EXAONE-3.5-2.4B-Instruct-Llamafied,"2019년에 과학자들은 새로운 원소인 **니켈-70**을 발견했습니다. 이 원소는 기존의 알려진 118번 원소 **오비멘텀** 이후에 발견되어, 주기율표의 마지막 그룹인 **노블 가스** 계열에 추가되었습니다. 이 발견은 원소 합성의 한계를 뛰어넘는 과학적 성취로 평가받고 있습니다.

- 헬륨 (He)
- 네온 (Ne",crosslingual,complex_prompts,ko
223,beomi/EXAONE-3.5-2.4B-Instruct-Llamafied,"최근에 가장 최근에 발견된 희가스는 **네오디뮴**입니다. 이 원소는 2015년 러시아의 과학자들이 러시아의 토바 광산에서 처음으로 합성되었다고 발표하면서 알려지게 되었습니다. 네오디뮴은 주기율표의 제8족에 속하며, 매우 안정적인 성질로 인해 자연 상태에서 거의 발견되지 않는 희귀 원소입니다.

- 헬륨 (Helium)
",crosslingual,complex_prompts,ko
224,beomi/EXAONE-3.5-2.4B-Instruct-Llamafied,"죄송합니다만, 현재 실시간 데이터베이스 접근이나 특정 기관의 과거 전시 정보에 대한 직접적인 접근 권한이 제한되어 있어 정확한 TSV 파일을 생성해 드리기 어렵습니다. 하지만 예시를 만들어 드릴 수 있습니다. 아래는 가상의 데이터를 기반으로 한 TSV 파일의 예시입니다:

```tsv
subject_matter\tcurator\ttitle\n
African Art\tDr. Jane Smith\t""African",crosslingual,complex_prompts,ko
225,beomi/EXAONE-3.5-2.4B-Instruct-Llamafied,"먼저, 1990년부터 2000년 사이에 메트로폴리탄 미술관(Metropolitan Museum of Art)이 개최한 모든 여행 전시회 목록을 TSV 형식으로 작성하겠습니다. 전시회 제목은 알파벳 순으로 정렬되어 있습니다. 아래는 예시 데이터입니다:

```plaintext
제목\t주제\t큐레이터
""African Art from the Collection""\t아프리카 예술\tJohn Woodcock
""American Art from the",crosslingual,complex_prompts,ko
226,beomi/EXAONE-3.5-2.4B-Instruct-Llamafied,"먼저, 요청하신 TSV 파일을 생성하기 위해 가상의 데이터를 기반으로 예시를 만들어 드리겠습니다. 실제 데이터가 주어지지 않았기 때문에, 몇 가지 가상의 전시 정보를 포함시켜 보겠습니다. 이 데이터는 1990년부터 2000년 사이에 메트로폴리탄 미술관(Metropolitan Museum of Art)에서 개최된 전시들을 알파벳 순으로 전시 제목에 따라 정렬한 것입니다.

```",crosslingual,complex_prompts,ko
227,beomi/EXAONE-3.5-2.4B-Instruct-Llamafied,"```json
{
  ""advice_by_age_group"": {
    ""18_under"": {
      ""1"": ""📝 계획 세우기: 하루 목표를 작은 단계로 나누세요. 앱이나 노트로 쉽게 관리해요!"",
      ""2"": ""🚫 방해 요소 제거: 스마트폰 알림 끄고 조용한 공간에서 집중하세요!"",
      ""3"": ""💪 짧은 휴식: 5",crosslingual,complex_prompts,ko
228,beomi/EXAONE-3.5-2.4B-Instruct-Llamafied,"```json
{
  ""advice_by_age_group"": {
    ""10-18"": [
      {""way"": ""시간관리"", ""advice"": ""일정표를 만들고, 각 활동에 시간을 할당해보세요. 짧은 휴식도 잊지 마세요!""},
      {""way"": ""디지털 디톡스"", ""advice"": ""일정 시간 동안 스마트폰을 끄고 집중력을 높여보세요.""},
      {""way"":",crosslingual,complex_prompts,ko
229,beomi/EXAONE-3.5-2.4B-Instruct-Llamafied,"```json
{
  ""advice_by_age_group"": {
    ""18세 이하"": {
      ""디지털 디톡스"": ""하루 중 일정 시간은 스마트폰을 끄고 집중력을 높여보세요."",
      ""시간 블록"": ""주요 작업에 시간을 할당하고 그 시간 동안만 집중하세요."",
      ""작은 성취"": ""작은 목표를 세우고 달성할 때마다 스스로에게 보상하세요."",
      ",crosslingual,complex_prompts,ko
230,beomi/EXAONE-3.5-2.4B-Instruct-Llamafied,"이 게임의 이름은 **Uno**입니다.

Uno 게임에서 플레이어는 시계 방향으로 번갈아가며 진행됩니다. 각 플레이어는 차례에 따라 discard pile의 가장 위 카드와 색상, 숫자, 또는 기호로 일치하는 카드를 플레이해야 합니다. 만약 일치하는 카드를 찾지 못하면 draw pile에서 카드를 한 장 뽑아야 하며, 그 카드가 플레이 가능하다면 즉시 사용할 수 있습니다. 특별 카드들은 다음과",crosslingual,complex_prompts,ko
231,beomi/EXAONE-3.5-2.4B-Instruct-Llamafied,"이 게임의 이름은 **Uno**입니다.

Uno 게임에서 플레이어는 시계 방향으로 번갈아가며 진행됩니다. 각 플레이어는 차례에 따라 discard pile의 가장 위 카드와 색상, 숫자, 또는 기호가 일치하는 카드를 먼저 플레이해야 합니다. 만약 일치하는 카드를 찾지 못하면 draw pile에서 카드를 한 장 뽑아야 하며, 그 카드가 플레이 가능하다면 즉시 사용할 수 있습니다. 특별 카드들은 다음",crosslingual,complex_prompts,ko
232,beomi/EXAONE-3.5-2.4B-Instruct-Llamafied,"이 게임의 이름은 **""Uno""**입니다.

**게임 규칙 요약:**

플레이어들은 시계 방향으로 번갈아가며 턴을 진행합니다. 각 턴에서 플레이어는 discard pile의 상단 카드와 색상, 숫자, 기호로 일치하는 카드를 차례대로 플레이해야 합니다. 만약 일치하는 카드를 찾지 못해 카드를 플레이할 수 없다면, draw pile에서 카드를 한 장 뽑아 즉시 플레이할 수 있습니다. 특수 카드들",crosslingual,complex_prompts,ko
233,beomi/EXAONE-3.5-2.4B-Instruct-Llamafied,"안녕하세요! 유튜브 제목 최적화 게임에 참여해 주셔서 감사합니다. 이 게임을 통해 당신의 유튜브 채널을 더욱 효과적으로 홍보할 수 있는 최적의 제목들을 제안해 드리겠습니다. 다음과 같이 진행하겠습니다:

### 게임 진행 방식:
1. **채널 정보 수집**:
   - **질문**: 먼저, 당신의 유튜브 채널의 주요 장르나 주제가 무엇인지 알려주시겠어요? 예를 들어, 교육",crosslingual,complex_prompts,ko
234,beomi/EXAONE-3.5-2.4B-Instruct-Llamafied,"안녕하세요! 🎉 이제 **YouTube Title Optimizer** 게임을 시작해볼게요. 이 게임에서는 제가 당신의 유튜브 채널을 분석하고, 최적의 제목을 제안해 드리겠습니다. 각 단계별로 어떻게 진행될지 자세히 알려드릴게요.

### 첫 번째 단계: 채널 정보 수집
**질문:**
당신의 유튜브 채널의 주요 장르나 주제는 무엇인가요? 예를 들어, 교육, 엔터테인먼트, 요리",crosslingual,complex_prompts,ko
235,beomi/EXAONE-3.5-2.4B-Instruct-Llamafied,"안녕하세요! 유튜브 제목 최적화 게임에 참여해 주셔서 감사합니다. 이 게임을 통해 당신의 유튜브 채널을 더욱 효과적으로 만들 수 있도록 도와드리겠습니다. 다음과 같이 진행하겠습니다:

### 게임 진행 방식:
1. **채널 정보 수집**: 먼저 당신의 유튜브 채널에 대한 기본 정보를 알아보겠습니다. 주로 장르나 주요 콘텐츠 유형에 대해 질문하겠습니다.
2. **콘텐츠 분석**: 다음으로",crosslingual,complex_prompts,ko
236,beomi/EXAONE-3.5-2.4B-Instruct-Llamafied,"```json
[
  {
    ""speaker"": ""Client"",
    ""topic"": ""Homeowners Insurance Coverage Limits"",
    ""uncertain_score"": 0.9,
    ""need_assistance"": true,
    ""analysis"": ""The client expresses clear confusion about their policy's maximum coverage amount, indicating a high level of uncertainty and a need for specific information.""
  },
  {
    ""speaker"": ""Insurance Inspector",crosslingual,complex_prompts,ko
237,beomi/EXAONE-3.5-2.4B-Instruct-Llamafied,"```json
[
  {
    ""speaker"": ""Client"",
    ""topic"": ""Homeowners Insurance Coverage Limits"",
    ""uncertain_score"": 0.9,
    ""need_assistance"": true,
    ""analysis"": ""The client clearly expresses confusion about their policy's maximum coverage amount, seeking specific numerical information. Their tone indicates frustration and a desire for definitive answers.""
  },
  {
    ""speaker"": """,crosslingual,complex_prompts,ko
238,beomi/EXAONE-3.5-2.4B-Instruct-Llamafied,"```json
[
  {
    ""speaker"": ""Client"",
    ""topic"": ""Homeowners Insurance Coverage Limits"",
    ""uncertain_score"": 0.9,
    ""need_assistance"": true,
    ""analysis"": ""The client clearly expresses confusion about their policy's maximum coverage amount, seeking specific numerical information. Their tone indicates frustration due to the lack of immediate clarity from the insurance inspector.""
  },
  {
    ",crosslingual,complex_prompts,ko
239,beomi/EXAONE-3.5-2.4B-Instruct-Llamafied,"팬들은 크리스티아누 호날두의 행동에 대해 다양한 해석을 내놓았습니다:

{fans}|""고트가 옛 세대의 축구를 그리워하는 모습이 보인다.""
{fans}|""디에고 달로트와 오타비우만이 그의 가까운 친구일 뿐, 다른 세대 멤버들과의 관계는 희박해 보인다.""
{fans}|""페페가 돌아오길 바란다. 그는 진정한 리더다.""
{",crosslingual,complex_prompts,ko
240,beomi/EXAONE-3.5-2.4B-Instruct-Llamafied,"포르투갈 축구 팬들은 크리스티아누 호날두의 최근 행동에 대해 다양한 해석을 내놓았습니다. 일부 팬들은 호날두가 과거의 영광을 그리워하며 팀 동료들과의 소통에 어려움을 겪고 있다고 지적했습니다:

{fans}|""호날두는 과거 세대와의 연결고리를 찾고 있는 것 같아 보인다.""
{fans}|""그의 표정과 동작에서 '고트'가 옛 시절",crosslingual,complex_prompts,ko
241,beomi/EXAONE-3.5-2.4B-Instruct-Llamafied,"포르투갈 축구 팬들은 크리스티아누 호날두의 최근 행동에 대해 다양한 해석을 내놓았습니다. 일부 팬들은 호날두가 과거의 영광을 그리워하며 팀 동료들과의 소통에 어려움을 겪고 있다고 지적했습니다:

{fans}|""호날두는 과거 세대와의 연결고리를 찾고 있는 것 같아 보인다.""
{fans}|""그의 표정과 동작에서 '고트'가 옛 동료",crosslingual,complex_prompts,ko
242,beomi/EXAONE-3.5-2.4B-Instruct-Llamafied,"### 요약된 해리 포터 시리즈 플롯 (J.K. Rowling)

해리 포터는 평범한 소년으로, 그의 부모님이 마법 세계의 비밀을 숨기고 있던 호그와트 마법학교에 입학하게 된다. 호그와트에서 해리는 자신이 마법사임을 알게 되고, 어둠의 마법사 볼드모트에 의해 부모님이 살해된 후 그의 복수를 위해 싸우게 된다. 해리는 호그와트에서 친구들과 함께 성장하며",crosslingual,complex_prompts,ko
243,beomi/EXAONE-3.5-2.4B-Instruct-Llamafied,"해리 포터 시리즈는 영국의 젊은 소년 해리 포터가 평범한 삶에서 벗어나 마법 세계의 비밀을 파헤치게 되는 이야기를 다룹니다. 해리는 고아원에서 자란 후, 자신이 마법사임을 알게 되고 호그와트 마법학교에 입학하게 됩니다. 이곳에서 그는 친구 론 위즐리와 헤르미온느 그레인저와 함께 마법의 세계에 대한 깊은 이해와 함께 여러 위험한 모험을 겪게 됩니다. 특히, 해리는",crosslingual,complex_prompts,ko
244,beomi/EXAONE-3.5-2.4B-Instruct-Llamafied,"해리 포터 시리즈는 J.K. 롤링의 작품으로, 영국의 평범한 소년 해리 포터가 마법 세계에 대한 비밀스러운 진실을 알게 되면서 시작됩니다. 7세 때 부모님을 잃고 고아원에서 자란 해리는 호그와트 마법학교에 입학하게 됩니다. 이곳에서 그는 친구 론 위즐리와 헤르미온느 그레인저와 함께 마법의 세계를 탐험하며 여러 도전에 직면하게 됩니다. 특히, 그는",crosslingual,complex_prompts,ko
245,beomi/EXAONE-3.5-2.4B-Instruct-Llamafied,"칼을 만드는 과정은 매우 전문적이고 복잡하며, 일반적으로 상업적인 칼 제작은 전문가들에 의해 이루어집니다. 하지만 기본적인 개념과 주요 단계를 간단히 설명해 드리겠습니다:

1. **재료 준비**:
   - **이유**: 칼의 성능은 사용되는 재료에 크게 의존합니다. 고급 칼은 주로 고급 강철이나 특수 합금을 사용합니다.
   - **주요 재료**: 강철 판,",crosslingual,complex_prompts,ko
246,beomi/EXAONE-3.5-2.4B-Instruct-Llamafied,"칼을 만드는 기본적인 과정은 다음과 같습니다:

1. **재료 준비**:
   - **금속 선택**: 주로 스테인리스강이나 고급 강철을 사용합니다. 강철은 내구성이 뛰어나고 날이 잘 유지됩니다.
   - **도구**: 절단기, 연마기, 열처리 장비 등이 필요합니다.
   - **이유**: 적절한 재료와 도구는 칼의 품질과 내구성을 보장합니다.

2",crosslingual,complex_prompts,ko
247,beomi/EXAONE-3.5-2.4B-Instruct-Llamafied,"칼을 만드는 기본적인 과정과 간략한 설명은 다음과 같습니다:

1. **재료 준비**:
   - **이유**: 칼의 성능은 사용하는 재료에 크게 의존합니다. 고급 칼은 일반적으로 고급 강철을 사용합니다.
   - **행동**: 고품질의 강철 판을 준비하고, 필요한 경우 열처리를 위한 특수 합금을 추가합니다.

2. **절삭 및 가공**:
   ",crosslingual,complex_prompts,ko
248,beomi/EXAONE-3.5-2.4B-Instruct-Llamafied,,crosslingual,complex_prompts,ko
249,beomi/EXAONE-3.5-2.4B-Instruct-Llamafied,,crosslingual,complex_prompts,ko
250,beomi/EXAONE-3.5-2.4B-Instruct-Llamafied,,crosslingual,complex_prompts,ko
251,beomi/EXAONE-3.5-2.4B-Instruct-Llamafied,"Connect 2021에서 마크 저커버그 CEO는 Meta라는 새로운 브랜드 아래 앱과 기술을 통합하여 메타버스 구축에 초점을 맞춘 회사를 발표했습니다. 메타버스는 현실 세계와 결합된 3차원 경험을 제공하며, 물리적 거리에 상관없이 몰입형 상호작용과 협업을 가능하게 합니다. 이 플랫폼은 사회적 연결, 엔터테인먼트, 게임, 교육 등 다양한 분야에서 혁신을 이끌며, Quest 2용 혼합",crosslingual,complex_prompts,ko
252,beomi/EXAONE-3.5-2.4B-Instruct-Llamafied,"Connect 2021에서 마크 저커버그 CEO는 Meta라는 새로운 브랜드 아래 앱과 기술을 통합하여 메타버스 구현에 초점을 맞춘 회사를 발표했습니다. 메타버스는 현실 세계와 결합된 다차원적 또는 가상 세계 경험을 제공하며, 물리적 거리에 상관없이 몰입형 상호작용과 새로운 비즈니스 기회를 창출합니다. 연례 Connect 컨퍼런스는 개발자, 콘텐츠 제작자, 마케터 등이 모여 메타버스의 미래를 탐색하며, 올해는",crosslingual,complex_prompts,ko
253,beomi/EXAONE-3.5-2.4B-Instruct-Llamafied,"2021년 Connect 컨퍼런스에서 마크 저커버그 CEO는 메타(Meta)라는 새로운 회사 브랜드를 통해 기존 앱과 기술을 통합했습니다. 메타의 목표는 메타버스 구축으로 사람들이 물리적 제약 없이 연결되고 커뮤니티를 형성하며 비즈니스를 성장시키는 것입니다. 메타버스는 현실 세계와 결합된 3차원 경험이나 가상 공간을 통해 몰입형 상호작용을 제공하며, 향후 10년간 사회적 연결, 엔터테인",crosslingual,complex_prompts,ko
254,beomi/EXAONE-3.5-2.4B-Instruct-Llamafied,"### H1: **Crisis Navigation: Leveraging Spatial Cognition Insights for Enhanced Hospital Wayfinding**

#### H2: **Understanding the Urgency of Spatial Confusion in Crises**

In times of crisis, whether it be a medical emergency or a natural disaster, the stakes are incredibly high. People often find themselves overwhelmed by the sheer complexity and chaos of environments like hospitals, where spatial disorientation can lead to catastrophic delays. According to recent studies (Dang et al",crosslingual,complex_prompts,ko
255,beomi/EXAONE-3.5-2.4B-Instruct-Llamafied,"### H1: **위기 상황에서의 공간 인지 스타일과 효과적인 시각 안내 시스템: 병원 환경 최적화를 위한 혁신**

병원과 같은 복잡한 실내 환경에서 사람들이 위기 상황에 직면했을 때 어떻게 길을 잃고 혼란에 빠지는지 이해하는 것이 중요합니다. 위기 상황에서는 시간이 생명이며, 잘못된 방향으로의 이동은 심각한 결과를 초래할 수 있습니다. 기존 연구들은 사람들이 위기 상황에서",crosslingual,complex_prompts,ko
256,beomi/EXAONE-3.5-2.4B-Instruct-Llamafied,"### H1: 위기 상황에서의 공간 인지 스타일과 효과적인 시각 안내 시스템: 병원 환경 최적화를 위한 혁신적 접근

#### H2: 위기 상황에서의 혼란과 시각 안내 시스템의 긴급성

현대 사회에서 병원과 같은 복잡한 시설은 일상적인 이용뿐만 아니라 위기 상황에서도 심각한 문제를 야기한다. 사람들이 병원 내에서 길을 잃거나 혼란스러워하는 주요 원인은 다음과 같다:
",crosslingual,complex_prompts,ko
257,beomi/EXAONE-3.5-2.4B-Instruct-Llamafied,"### 요약 (Summary)
교사의 역할은 학생 개개인의 독특한 경험과 학습 스타일을 인정하고 지원하는 데 있다. 안전하고 창의적인 환경을 조성하여 학생들이 질문하고 탐구하며 협력하는 능력을 키우는 것이 핵심이다. 다양성을 존중하고 모든 학생의 잠재력을 최대한 발휘하도록 돕는 것이 필수적이며, 지속적인 자기 성찰과 교육 방법론의 혁신을 통해 효과적인 학습을 이끌어낸다",crosslingual,complex_prompts,ko
258,beomi/EXAONE-3.5-2.4B-Instruct-Llamafied,"**요약 (Summary)**

교사의 역할은 학생 개개인의 독특한 경험과 학습 스타일을 인정하고 지원하는 데 있다. 학생들을 단순히 지식 전달자가 아닌, 전인적 성장을 돕는 멘토로 육성하는 것이 핵심이다. 안전하고 포용적인 환경을 조성하여 탐구와 창의성을 장려하며, 다양성을 존중하고 모든 학생의 능력과 관심사를 인정한다. (60자)

교사는 학생",crosslingual,complex_prompts,ko
259,beomi/EXAONE-3.5-2.4B-Instruct-Llamafied,"### 요약 (2단락, 60단어 이내)

교사의 교육 철학은 모든 학생이 독특한 배경과 학습 스타일을 지닌다는 믿음에 기반한다. 학생 개개인의 강점과 약점을 인정하고 지원하는 환경을 조성하며, 다양성을 존중하는 포용적인 교실을 만드는 것이 핵심이다. 안전하고 흥미로운 학습 분위기를 통해 탐구와 협업을 장려하고, 개인의 경험과 문화적 차이를 반영하는 교육",crosslingual,complex_prompts,ko
260,beomi/EXAONE-3.5-2.4B-Instruct-Llamafied,"### Key Takeaways from ""How the Young Should Invest""

1. **Early Investment Benefits**: Young investors should start saving early to leverage the power of compounding interest over time, which can significantly amplify wealth accumulation.
   
2. **Cost Efficiency**: Minimizing investment costs is crucial as high fees can erode long-term returns, making it essential to choose low-cost index funds and platforms.

3. **Diversification is Key**: Diversifying",crosslingual,complex_prompts,ko
261,beomi/EXAONE-3.5-2.4B-Instruct-Llamafied,"### Key Takeaways from ""How the Young Should Invest""

1. **Early Investment Benefits**: Young investors should start saving early to leverage the power of compounding, which amplifies wealth over time.
   - **Korean**: 젊은 투자자들은 일찍부터 저축하여 복리 효과를 활용해야 합니다. 이는 장기적으로 큰 차이를 만들어냅니다.

2. **Cost Efficiency**: 비용 절감을 통해 투자 수익을 극대화해야 합니다. 불필요",crosslingual,complex_prompts,ko
262,beomi/EXAONE-3.5-2.4B-Instruct-Llamafied,"### Key Takeaways from ""How the Young Should Invest""

1. **Early Investment Benefits**: Young investors should start saving early to leverage the power of compounding interest over time, which significantly amplifies wealth accumulation compared to starting later.

2. **Cost Efficiency**: Minimizing investment costs is crucial as high fees can erode long-term returns, making it essential to choose low-cost index funds and platforms.

3. **Diversification is Key**",crosslingual,complex_prompts,ko
263,beomi/EXAONE-3.5-2.4B-Instruct-Llamafied,"### Literature Review: Effects of Rainfall on the Impact Dynamics of Dropping Watermelons from Elevated Heights

#### Introduction
As a graduate student specializing in interdisciplinary studies focusing on unconventional phenomena within environmental psychology and physics, my research project delves into an intriguing yet unconventional topic: the effects of rainfall on the impact dynamics when watermelons are dropped from elevated structures. This literature review aims to synthesize existing research, identify critical gaps, and propose avenues for future investigation within this niche area. The",crosslingual,complex_prompts,ko
264,beomi/EXAONE-3.5-2.4B-Instruct-Llamafied,"### 연구 프로젝트 문헌 검토: 건물에서 물밤을 떨어뜨릴 때 비의 영향 분석

#### 서론
본 문헌 검토는 심리학 분야 내에서 특이한 주제인 ""건물에서 물밤을 떨어뜨릴 때 비의 영향""에 초점을 맞추고 있습니다. 이 연구는 비가 떨어지는 상황에서 물리적 물체의 낙하 특성과 그에 따른 심리적 반응 사이의 관계를 탐구하고자 합니다. 최근 5년간 발표된 학술 논문들을 통해 기존 연구",crosslingual,complex_prompts,ko
265,beomi/EXAONE-3.5-2.4B-Instruct-Llamafied,"### 문헌 검토: 빗방울이 건물에서 물melon을 떨어뜨릴 때의 심리적 효과 연구

#### 서론
본 연구는 심리학 분야의 맥락에서 진행되며, 특히 비가 내리는 상황에서 건물에서 물melon을 떨어뜨리는 행위가 개인의 심리적 반응에 미치는 영향에 초점을 맞춥니다. 이 주제는 직관적으로 흥미롭지만, 기존 연구의 범위와 깊이를 고려할 때 아직 충분히 탐구되지 않은 영역이 존재합니다. 본",crosslingual,complex_prompts,ko
266,beomi/EXAONE-3.5-2.4B-Instruct-Llamafied,"### TSV 파일 생성

아래는 요청하신 내용에 따른 TSV 파일의 내용입니다:

```tsv
**Date**, **Weather**, **Temperature (°C)**
2023-12-08, **Overcast**, **-15**
2023-12-09, **Snowing**, **-10**
2023-12-10, **Sunny",crosslingual,complex_prompts,ko
267,beomi/EXAONE-3.5-2.4B-Instruct-Llamafied,"### TSV File Content

Below is the content formatted as a TSV file with bold headings for clarity:

```tsv
**Date**, **Weather**, **온도 (섭씨)**
2023-12-08, **Overcast**, **-15°C**
2023-12-09, **Snowing**, **-10°C**
2023-12-1",crosslingual,complex_prompts,ko
268,beomi/EXAONE-3.5-2.4B-Instruct-Llamafied,"## 한국어로 작성된 TSV 파일 생성 및 이름 제안

**파일 이름:**  **이번주 날씨 정보.tsv**

**내용:**

```tsv
**Date**, **Weather**, **Temperature (°C)**
2023-12-08, **Overcast**, **-15**
2023-12-09, **Snowing**, **-10**
2",crosslingual,complex_prompts,ko
269,beomi/EXAONE-3.5-2.4B-Instruct-Llamafied,하키 사랑해요.,crosslingual,complex_prompts,ko
270,beomi/EXAONE-3.5-2.4B-Instruct-Llamafied,하키를 좋아해요.,crosslingual,complex_prompts,ko
271,beomi/EXAONE-3.5-2.4B-Instruct-Llamafied,"""하키가 제일 좋아요.""",crosslingual,complex_prompts,ko
272,beomi/EXAONE-3.5-2.4B-Instruct-Llamafied,"안녕하세요 친구들! 오늘은 마법 같은 이야기를 들려줄게요. 영화 "" tangled""은 마치 동화 속 이야기 같아요!

옛날 옛날 숲속에 아름다운 공주 아리아가 살았어요. 아리아는 아주 예쁘지만, 머리가 너무 복잡해서 항상 머리가 얽히곤 했어요. 그래서 아리아는 혼자서는 아무것도 할 수 없다고 생각했죠.

어느 날, 숲속에서 작은 숲 요정들과 함께 사는 용감한 왕자",crosslingual,complex_prompts,ko
273,beomi/EXAONE-3.5-2.4B-Instruct-Llamafied,"안녕하세요 친구들! "" tangled""이라는 영화 이야기를 한국어로 간단하게 설명해줄게요!

옛날 옛날 숲속에 아름다운 공주 아리아가 살았어요. 아리아는 마법의 숲에서 아름다운 꽃을 따러 갔다가, 갑자기 숲 속 괴물인 오르카에게 잡혀버렸어요. 오르카는 아리아를 오랫동안 가두어두고, 그녀의 머리카락을 잘라서 힘을 얻으려고 했어요.

하지만 아리아는 용감하게 탈출하려고 했어요",crosslingual,complex_prompts,ko
274,beomi/EXAONE-3.5-2.4B-Instruct-Llamafied,"안녕하세요 친구들! "" tangled""이라는 영화 이야기를 간단하게 알려드릴게요.

옛날 옛날 숲 속에 아름다운 공주 아네와 그녀의 친구들, 그리고 마법의 숲 속에 사는 작은 요정들이 살았어요. 아네는 마법의 숲에서 가장 아름다운 꽃을 찾아 모험을 떠나게 돼요. 하지만 길을 잃고 말았어요. 그때 요정들의 도움을 받아 숲 속 깊은 곳으로 들어가게 되죠.
",crosslingual,complex_prompts,ko
275,beomi/EXAONE-3.5-2.4B-Instruct-Llamafied,"### 요약 (Summary)
Ferrari 모델 중 최고를 정하는 것은 개인의 우선순위에 따라 달라집니다. 고성능을 원한다면 Enzo, LaFerrari, LaFerrari Aperta가 적합합니다. 희소성 측면에서는 이 세 모델과 함께 288 GTO, Monza SP1/SP2도 주목받습니다. 문화적 아이콘으로서의 인지도를 중시한다면 Testarossa가 적합합니다. 그러나 어떤 모델이 최고인지",crosslingual,complex_prompts,ko
276,beomi/EXAONE-3.5-2.4B-Instruct-Llamafied,"### 요약 (한국어)
Ferrari 모델 중 최고를 정하는 것은 개인의 우선순위에 따라 달라집니다. 고성능을 원한다면 Enzo, LaFerrari, LaFerrari Aperta가 적합합니다. 희소성 측면에서는 위 세 모델과 함께 288 GTO, Monza SP1 및 SP2도 주목받습니다. 문화적 아이콘으로서의 인지도를 중시한다면 Testarossa가 적합합니다. 그러나 어떤 Ferrari 모델이 가장",crosslingual,complex_prompts,ko
277,beomi/EXAONE-3.5-2.4B-Instruct-Llamafied,"### 요약 (Summary in Korean)
제공된 텍스트는 페라리 모델 중 최고를 정의하는 기준이 개인의 우선순위에 따라 달라진다는 점을 강조합니다. 고성능을 원한다면 엔초, 라페라리, 라페라리 아페타가 적합하며, 희소성 측면에서는 위 모델들과 함께 288 GTO, 몬자 SP1/SP2 등이 돋보입니다. 문화적 아이콘으로서의 인지도 측면에서는 테스트로사가 유명",crosslingual,complex_prompts,ko
278,beomi/EXAONE-3.5-2.4B-Instruct-Llamafied,"**INT. FILM STUDIO INTERVIEW ROOM – DAY**

**Setting:** A cozy yet formal interview room adorned with classic film posters and memorabilia. Soft jazz music plays softly in the background. **RAY LIOTTA** sits comfortably in a leather armchair, his weathered face framed by a thoughtful expression. **JOURNALIST**, **JENNY**, enters with a stack of notebooks and a clipboard, her enthusiasm palpable despite her slight nervousness.

",crosslingual,complex_prompts,ko
279,beomi/EXAONE-3.5-2.4B-Instruct-Llamafied,"**영화 인터뷰 스크립트: Goodfellas의 레이 리otta**

**[장면 설정: 조용하고 고급스러운 인터뷰 룸. 기자는 편안한 의자에 앉아 있고, 레이 리otta는 편안한 소파에 앉아 있으며, 그의 눈빛은 깊이와 경험으로 가득 차 있다.]**

**기자:** 안녕하세요, 레이 리otta 씨. ""Goodfellas""에서의 역할로 정말 큰 주목을 받으셨네요. 먼저, 당신이",crosslingual,complex_prompts,ko
280,beomi/EXAONE-3.5-2.4B-Instruct-Llamafied,"**영화 ""굿펠라스"" 인터뷰 스크립트 (Goodfellas 인터뷰 스크립트)**

**장면 설정:** 조용한 카페의 아늑한 코너 테이블에 앉아 있는 Ray Liotta와 열정적이지만 약간은 경외감을 느끼는 영화 저널리스트가 대화를 나누고 있다. 분위기는 진지하면서도 친밀하다.

---

**저널리스트 (J):** 안녕하세요, Ray Liotta 씨. ""굿펠라스""에서 당신이",crosslingual,complex_prompts,ko
281,beomi/EXAONE-3.5-2.4B-Instruct-Llamafied,"### Nursing Care Plan for 56-Year-Old Male with Suspected Acute Appendicitis

#### **Assessment**
- **Clinical Presentation:**
  - **Symptoms:** Severe lower right quadrant abdominal pain radiating to the back, nausea, vomiting, diaphoresis, pallor.
  - **Vital Signs:** T: 36.6°C, P: 103 bpm, RR: 16 breaths/min, BP:",crosslingual,complex_prompts,ko
282,beomi/EXAONE-3.5-2.4B-Instruct-Llamafied,"### 환자 간호 계획 (56세 남성 환자)

#### **1. 평가 (Assessment)**
- **환자 상태**: 
  - **신체 징후**: 
    - 흉통 (중부 흉통, 좌측 팔 방사통), 땀 흘림, 창백함
    - 호흡수: 26회/분 (호흡 곤란 징후)
    - 혈압: 89/61 mmHg (저혈압)
    - 맥박: ",crosslingual,complex_prompts,ko
283,beomi/EXAONE-3.5-2.4B-Instruct-Llamafied,"### 환자 간호 계획 (5단계 적용)

#### **1. 평가 (Assessment)**
- **환자 상태**: 56세 남성, 흉통(특히 왼쪽 가슴)과 좌측 팔 방사통 호소, 땀 흘림, 창백함, 호흡수 26회/분, 심박수 112회/분, 혈압 89/61 mmHg, 체온 36.6°C, 산소 포화도 87% (RA).",crosslingual,complex_prompts,ko
284,beomi/EXAONE-3.5-2.4B-Instruct-Llamafied,"아래의 markdown 테이블은 미국 영어에서 거의 사용되지 않는 IPA 모음을 제외하고 정리한 것입니다:

```markdown
| Openness | Front | Mid | Back |
|----------|-------|-----|------|
| **Close** | i, y | ɨ, ʉ | ɯ, u |
| **Close-Mid** | e, ø | ɘ, ɵ | ɤ, o |
| **Open-Mid",crosslingual,complex_prompts,ko
285,beomi/EXAONE-3.5-2.4B-Instruct-Llamafied,"아래의 표는 미국 영어에서 거의 사용되지 않는 IPA 모음을 제외한 모음들을 포함하고 있습니다:

| openness | front | mid | back |
|-|-|-|-|
|close|i y|ɨ ʉ|ɯ u|
|close-mid|e ø|ɘ ɵ|ɤ o|
|open-mid|ɛ œ|ɜ ɞ|ʌ ɔ|
|open",crosslingual,complex_prompts,ko
286,beomi/EXAONE-3.5-2.4B-Instruct-Llamafied,"## 한국어로 정리된 IPA 모음 표 (미국 영어에서 거의 사용되지 않는 모음 제외)

| 열림도 | 전방 | 중앙 | 후방 |
|---|---|---|---|
| **닫힌** |  *i* *y* | *ɨ* *ʉ* | *ɯ* *u* |
| **닫힌-중앙** | *e* *ø* | *ɘ* *ɵ* | *ɤ* *o",crosslingual,complex_prompts,ko
287,beomi/EXAONE-3.5-2.4B-Instruct-Llamafied,"### Extracted Questions from CBC Article (Point Form)
1. What does it mean for machines to be smarter than humans according to Cory Doctorow?
2. How should AI be integrated into human tasks to avoid replacing humans entirely?
3. Why does Cory Doctorow doubt the effectiveness of current standardized assessments when AI surpasses human capabilities?
4. What concerns do AI pioneers like Geoffrey Hinton and Yoshua Bengio have regarding AI regulation?
5. How does Canada approach the",crosslingual,complex_prompts,ko
288,beomi/EXAONE-3.5-2.4B-Instruct-Llamafied,"### 질문 추출 (포인트 형태)
1. AI가 인간을 대체해야 한다는 주장에 대한 Cory Doctorow의 견해는?
2. AI의 잠재적 사회적 영향과 문제점은 무엇인가?
3. AI와 인간의 협업 방식에 대한 Cory Doctorow의 의견은?
4. 표준화된 평가 도구의 한계는 무엇인가?
5. AI 규제의 필요성과 캐나다의 접근 방식은?
6. AI 기술 발전에 따른",crosslingual,complex_prompts,ko
289,beomi/EXAONE-3.5-2.4B-Instruct-Llamafied,"### 질문 추출 (포인트 형태)
1. **AI의 역할에 대한 전문가들의 견해**
   - AI가 인간을 대체하는 것이 아니라 인간과 협력해야 함을 강조.
   - AI의 잠재적 위험성과 사회적 영향에 대한 우려 제기.
   
2. **AI 기술의 현실적 한계**
   - AI가 인간의 능력을 완전히 대체할 수 없다는 주장.
   - 표준화된 평가 도구의",crosslingual,complex_prompts,ko
290,beomi/EXAONE-3.5-2.4B-Instruct-Llamafied,"```json
{
  ""summary"": ""커피를 끓이는 최고의 세 가지 방법은 다음과 같습니다:"",
  ""methods"": [
    ""- **에스프레소 추출**: 고압으로 뜨거운 물을 빠르게 추출하여 진한 풍미와 풍부한 맛을 내는 방법입니다. 일반적으로 커피 가루를 필터에 넣고, 물을 천천히 부어 압력을 가한 후 즉시 추출합니다."",
    ""- **드립 커피**: 천천히 흐르는 물로 커피 가루",crosslingual,complex_prompts,ko
291,beomi/EXAONE-3.5-2.4B-Instruct-Llamafied,"```json
{
  ""brewing_methods"": [
    ""**에스프레소 추출**: 고압으로 뜨거운 물을 빠르게 추출하여 진한 풍미와 풍부한 향을 내는 방법입니다. 일반적으로 커피 가루를 필터가 있는 포트에 넣고, 물을 천천히 부어 압력을 가한 후 즉시 추출합니다. 이 과정은 짧은 시간 내에 이루어지며, 맛의 균형과 강도를 중시합니다."",
    ""**드립 커피**: 천천히 흐르",crosslingual,complex_prompts,ko
292,beomi/EXAONE-3.5-2.4B-Instruct-Llamafied,"```json
{
  ""brewing_methods"": [
    {
      ""method"": ""에스프레소 추출"",
      ""summary"": ""에스프레소는 고압으로 뜨거운 물을 빠르게 추출하여 진한 맛과 풍부한 향을 내는 방법입니다. 일반적으로 커피 가루를 필터가 있는 컵에 넣고, 물을 약 90°C 정도로 가열하여 약 30초간 추출합니다.""
    },
    {
      """,crosslingual,complex_prompts,ko
293,beomi/EXAONE-3.5-2.4B-Instruct-Llamafied,"**아이의 설득력 있는 주장 (한국어)**

부모님께,

제가 TV를 무한히 볼 수 있고 비디오 게임도 자유롭게 즐길 수 있게 해주시면 정말 좋겠어요! 이렇게 하면 몇 가지 멋진 이유들이 있어요:

1. **스트레스 해소**: 학교나 일상에서 쌓인 스트레스를 풀 때 TV나 게임은 정말 큰 도움이 돼요. 재미있는 이야기나 재미있는 게임 속으로 들어가면 마음이 편안해",crosslingual,complex_prompts,ko
294,beomi/EXAONE-3.5-2.4B-Instruct-Llamafied,"**아이의 설득력 있는 주장 (한국어)**

엄마 아빠님, 저에게는 TV를 무한히 볼 수 있고 게임도 무제한으로 즐길 수 있는 자유가 필요해요! 왜냐하면요:

1. **스트레스 해소**: 학교나 일상에서 쌓인 스트레스를 풀 때, 재미있는 애니메이션이나 게임은 정말 큰 도움이 돼요. 스트레스가 쌓이면 마음이 편안해지고 기분이 좋아져요.
   
2. **창의력",crosslingual,complex_prompts,ko
295,beomi/EXAONE-3.5-2.4B-Instruct-Llamafied,"## 아빠, 엄마! 저도 좀 더 자유롭게 놀고 싶어요!

아빠랑 엄마, 저는 정말 재미있는 걸 많이 보고 싶어요! 🎉  TV에서 신나는 애니메이션을 보거나, 게임 속에서 멋진 영웅이 되어 모험을 떠나고 싶어요! 지금까지는 시간 제한이 있어서 조금만 기다려야 했는데, 그러면 좀 지루하잖아요! 😔  

만약 저에게 시간 제한 없이 자유롭게 놀 수 있",crosslingual,complex_prompts,ko
296,beomi/EXAONE-3.5-2.4B-Instruct-Llamafied,"Taylor Swift의 앨범은 그녀의 성장과 함께 변화된 음악적 표현을 보여주는데, 특히 ""Death by a Thousand Cuts""와 ""Dress"" 같은 곡들에서 그녀의 성숙함이 반영되며, 과거의 노래들을 재해석함으로써 젊은 성인기의 피로와 어려움을 전달한다고 할 수 있습니다.

노래 제목들을 알파벳 순으로 나열하면 다음과 같습니다:
1. ""Death by a Thousand Cuts",crosslingual,complex_prompts,ko
297,beomi/EXAONE-3.5-2.4B-Instruct-Llamafied,"테일러 스위프트의 앨범 ""Speak Now (Taylor’s Version)""은 그녀의 성장과 함께 변화된 음악적 표현을 보여주는데, 특히 초기 작품들의 원곡에 충실하면서도 그녀의 목소리와 감정 전달 방식이 성숙해진 모습을 담고 있으며, 이는 젊은 시절의 피로와 어려움에 대한 일반적인 성찰로 해석된다.

Song titles mentioned in alphabetical order:
1. Death by a Thousand Cuts
2",crosslingual,complex_prompts,ko
298,beomi/EXAONE-3.5-2.4B-Instruct-Llamafied,"테일러 스위프트의 앨범은 그녀의 성장과 함께 변화된 음악적 표현을 담고 있으며, 특히 초기 작품들의 재녹음을 통해 그녀의 목소리와 감정 전달 방식의 성숙함이 드러나는데, 이는 ""Death by a Thousand Cuts"", ""Dress"", 그리고 ""Speak Now""의 재해석을 통해 더욱 명확해진다.

노래 제목들을 알파벳 순으로 나열하면 다음과 같습니다:
1. Death by a Thousand",crosslingual,complex_prompts,ko
299,beomi/EXAONE-3.5-2.4B-Instruct-Llamafied,"Salesforce 디지털 경험이란 Salesforce 플랫폼을 활용하여 고객과의 상호작용을 최적화하고 개인화된 서비스를 제공하는 것을 의미합니다. 이를 통해 기업은 다음과 같은 이점을 얻을 수 있습니다:

1. **통합된 고객 뷰**: 다양한 채널과 데이터 소스에서 수집된 고객 정보를 한 곳에서 통합하여 일관되고 완전한 고객 프로필을 구축할 수 있습니다.
   
2. **개인화된 커뮤니케이션**",crosslingual,sharegpt,ko
300,beomi/EXAONE-3.5-2.4B-Instruct-Llamafied,"Salesforce 디지털 경험이란 Salesforce 플랫폼을 활용하여 고객과의 상호작용을 최적화하고 개인화된 디지털 환경을 제공하는 전략적 접근법을 의미합니다. 구체적으로는 다음과 같은 요소들을 포함합니다:

1. **통합된 고객 뷰**: 다양한 채널과 데이터 소스에서 수집된 고객 정보를 통합하여 일관되고 포괄적인 고객 프로필을 제공합니다. 이를 통해 마케팅, 판매, 서비스 팀이 실시간으로 고객의 행동과",crosslingual,sharegpt,ko
301,beomi/EXAONE-3.5-2.4B-Instruct-Llamafied,"기술적 탐사 과정은 기술 로드맵 작성 및 구현의 맥락에서 다음과 같이 설명될 수 있습니다:

1. **목표 설정 및 문제 정의**:
   - **목적 설정**: 먼저, 기술적 탐사의 주요 목표와 해결하려는 구체적인 문제나 기회를 명확히 정의합니다. 이는 기업의 전략적 목표와 일치해야 합니다.
   - **문제 인식**: 현재 기술 환경에서의 약점이나 미충족 요구사항을 식별합니다",crosslingual,sharegpt,ko
302,beomi/EXAONE-3.5-2.4B-Instruct-Llamafied,"기술적 탐사 과정은 기술 로드맵 작성 및 구현의 맥락에서 다음과 같이 설명될 수 있습니다:

1. **문제 인식 및 목표 설정**:
   - **탐사 시작**: 현재 기술 환경에서 해결해야 할 구체적인 문제나 기회를 식별합니다. 이 단계에서는 조직의 목표와 비전을 바탕으로 미래 지향적인 기술적 도전 과제를 정의합니다.
   - **목표 설정**: 탐사의 궁극적인 목표를 명확히",crosslingual,sharegpt,ko
303,beomi/EXAONE-3.5-2.4B-Instruct-Llamafied,"##  글로벌 디지털 정부: ""유니버스 시티"" 프로젝트

**컨셉:** ""유니버스 시티""는 인공지능(AI), 블록체인 기술, 가상현실(VR)을 융합하여 모든 국민에게 혁신적인 디지털 서비스를 제공하는 글로벌 디지털 정부 플랫폼입니다. 국경을 초월하는 접근성과 투명성을 기반으로 지속 가능한 미래 사회를 구축하는 것을 목표로 합니다.

**핵심 기능:**

**1. 통합 신원 관리 시스템",crosslingual,sharegpt,ko
304,beomi/EXAONE-3.5-2.4B-Instruct-Llamafied,"## 글로벌 디지털 정부: ""디지털 하모니"" (Digital Harmony)

**비전:** 모든 국민이 참여하고 연결되는 투명하고 효율적인 디지털 생태계를 구축하여, 공정하고 지속 가능한 글로벌 사회를 실현합니다.

**핵심 가치:**

* **참여와 투명성:** 모든 시민이 정부 서비스에 쉽게 접근하고, 정책 결정 과정에 적극적으로 참여할 수 있도록 합니다.
    * **실시간 온라인 플랫폼:** 정책",crosslingual,sharegpt,ko
305,beomi/EXAONE-3.5-2.4B-Instruct-Llamafied,"## 지속 가능한 삶을 위한 청정 에너지 개선 및 새로운 대안 제안

현재 청정 에너지 솔루션과 지속 가능한 삶을 위한 자연과 공존하는 방식을 강조하는 새로운 대안들을 다음과 같이 제안합니다.

**1. 기존 청정 에너지 솔루션 개선:**

* **(태양광 발전):**
    * **효율 향상:** 페로브스카이트 태양전지와 같은 새로운 소재 개발을 통해 태양광 패널의 에너지 변환 효율을 극대화합니다",crosslingual,sharegpt,ko
306,beomi/EXAONE-3.5-2.4B-Instruct-Llamafied,"## 지속 가능한 삶을 위한 청정 에너지 개선 및 새로운 대안 제안

현재 청정 에너지 분야는 빠르게 발전하고 있지만, 더욱 지속 가능하고 포괄적인 미래를 위해서는 다음과 같은 개선 사항과 새로운 대안들을 고려해야 합니다.

**1. 기존 청정 에너지 솔루션의 개선:**

* **(1) 에너지 저장 기술 혁신:**
    * **고효율 배터리 개발:** 리튬 이온 배터리의 용량 증대 및 충전 속도 향상뿐",crosslingual,sharegpt,ko
307,beomi/EXAONE-3.5-2.4B-Instruct-Llamafied,"### 연구 제안서: 다양한 비료 종류가 환경 오염에 미치는 영향 연구

#### 1. 서론
- **연구 배경**: 현대 농업은 생산성 향상을 위해 다양한 비료를 광범위하게 사용하고 있다. 그러나 이러한 비료의 과도한 사용은 토양 오염, 수질 오염, 대기 오염 등 다양한 환경 문제를 야기한다. 본 연구는 다양한 종류의 비료가 환경 오염에 미치는 구체적인 영향을 분석하고자 한다.",crosslingual,sharegpt,ko
308,beomi/EXAONE-3.5-2.4B-Instruct-Llamafied,"### 연구 Proposal: 다양한 비료 종류가 환경 오염에 미치는 영향 연구

#### 1. 서론 (Introduction)

**1.1 연구 배경**
환경 오염은 현대 사회가 직면한 주요 환경 문제 중 하나로, 농업 활동에서 발생하는 화학 비료의 사용이 그 중 중요한 요인 중 하나로 지목되고 있다. 화학 비료는 농작물의 성장을 촉진시키지만, 과도한 사용은 토양 오염, 수질 오염, 대기 오염 등",crosslingual,sharegpt,ko
309,beomi/EXAONE-3.5-2.4B-Instruct-Llamafied,"### 연구 제안서: 다양한 비료 종류가 환경 오염에 미치는 영향 연구

#### 1. 서론
- **목적**: 본 연구는 다양한 종류의 비료가 농업 활동을 통해 발생하는 환경 오염에 미치는 영향을 체계적으로 분석하고자 한다. 특히 질소 비료와 인산 비료의 과도한 사용이 토양 오염, 수질 오염, 대기 오염 등에 어떤 영향을 미치는지 탐구한다.
  
- **연구 배경**: 현대 농업에서",crosslingual,sharegpt,ko
310,beomi/EXAONE-3.5-2.4B-Instruct-Llamafied,"전기차는 전통적인 자동차 산업에 다음과 같은 영향을 미칠 것으로 예상됩니다:

1. **시장 변화와 경쟁 구도 재편**:
   - **신규 경쟁자 진입**: 전기차 제조사들이 시장에 진입하면서 기존 자동차 제조사들 간의 경쟁이 더욱 치열해질 것입니다. 이로 인해 가격 경쟁과 기술 혁신이 가속화될 가능성이 큽니다.
   - **수요 변화**: 소비자들의 친환경 차량 선호도 증가로 인해 내",crosslingual,sharegpt,ko
311,beomi/EXAONE-3.5-2.4B-Instruct-Llamafied,"전기 자동차(EV)의 확산은 전통적인 자동차 산업에 상당한 영향을 미칠 것으로 예상됩니다. 주요 영향은 다음과 같습니다:

1. **기술 혁신 촉진**: EV 개발을 위해 배터리 기술, 충전 인프라 구축, 경량 소재 사용 등 다양한 분야에서 혁신이 가속화될 것입니다. 이는 전통적인 자동차 제조사들이 기술적 우위를 유지하기 위해 지속적인 투자와 연구개발에 더욱 집중하게 만들 것입니다",crosslingual,sharegpt,ko
312,beomi/EXAONE-3.5-2.4B-Instruct-Llamafied,"Medium의 추천 시스템은 사용자의 행동 패턴과 선호도를 기반으로 작동합니다. 주요 특징들은 다음과 같습니다:

1. **사용자 프로필 분석**: 사용자가 읽은 기사, 좋아요한 콘텐츠, 공유한 내용 등을 분석하여 개인화된 프로필을 생성합니다.

2. **콘텐츠 기반 필터링**: 사용자가 관심을 보인 주제나 카테고리의 다른 유사한 콘텐츠를 추천합니다. 예를 들어, 특정 주제의 기사를",crosslingual,sharegpt,ko
313,beomi/EXAONE-3.5-2.4B-Instruct-Llamafied,"Medium의 추천 시스템은 사용자 경험을 향상시키기 위해 다양한 요소를 통합하여 작동합니다. 주요 특징들을 한국어로 설명하면 다음과 같습니다:

1. **사용자 행동 분석**:
   - **읽기 패턴**: 사용자가 어떤 글을 얼마나 자주 읽고, 어떤 주제나 카테고리에 관심을 보이는지 분석합니다. 예를 들어, 특정 저자의 글이나 특정 주제의 글을 반복적으로 읽는 패턴을 파악합니다.
",crosslingual,sharegpt,ko
314,beomi/EXAONE-3.5-2.4B-Instruct-Llamafied,"### 활동명: 언어 사용과 성 역할 사회적 규범 및 편견의 상호작용 탐구

#### 목적:
upper-level college 학생들이 언어 사용이 어떻게 성별에 따른 사회적 규범과 편견을 강화하거나 도전하는지 이해하고 분석하는 능력을 키우는 것입니다.

#### 준비물:
- **다양한 언어 자료**: 뉴스 기사, SNS 게시물, 광고 문구, 문학 작품 등 성별에 따른 다양한 언어 사용 사례
- **그룹 토론",crosslingual,sharegpt,ko
315,beomi/EXAONE-3.5-2.4B-Instruct-Llamafied,"### 활동명: 언어 사용과 성 역할 사회적 규범 및 편견의 상호작용 탐구

#### 목적:
upper-level college 학생들이 언어 사용이 어떻게 성별에 따른 사회적 규범과 편견을 강화하거나 도전하는지 이해하고 분석하는 능력을 키우는 것입니다.

#### 준비물:
- 각 학생용 노트와 펜
- 컴퓨터 또는 프로젝터 (선택 사항: 다양한 언어 사용 예시 자료 제공)
- 예시 문장 카드 세트 (성별 관련",crosslingual,sharegpt,ko
316,beomi/EXAONE-3.5-2.4B-Instruct-Llamafied,"### 활동명: 언어와 성 역할 사회적 규범 및 스테레오타입의 상호작용 탐구

#### 목적:
학생들이 언어 사용이 어떻게 성별에 따른 사회적 규범을 강화하거나 도전하는지 이해하고 분석하는 능력을 키우는 데 초점을 맞춥니다. 이를 통해 비판적 사고와 문화적 감수성을 향상시킵니다.

#### 준비물:
- **각 그룹별 자료**: 다양한 언어 자료 (뉴스 기사, 광고 문구,",crosslingual,sharegpt,ko
317,beomi/EXAONE-3.5-2.4B-Instruct-Llamafied,"## 제약 회사의 다양성 및 포용성 접근 방식과 글로벌 건강 불평등 해소 노력: 임상 시험 중심 요약

제약 회사들은 최근 **다양성과 포용성**을 단순한 윤리적 의무를 넘어 **핵심 전략**으로 인식하고 있습니다. 이는 글로벌 시장에서 성공을 위한 필수 요소로 자리매김했으며, 특히 **건강 불평등 해소**에 적극적으로 기여하려는 노력으로 이어집니다. 

**1. 다양성 확보 및 포용적",crosslingual,sharegpt,ko
318,beomi/EXAONE-3.5-2.4B-Instruct-Llamafied,"### 제약 회사들의 다양성 및 포용성 접근 방식과 전 세계 건강 불평등 해소 노력

#### 일반적인 접근 방식

제약 회사들은 최근 다양성과 포용성을 핵심 전략으로 삼아 글로벌 시장에서의 경쟁력을 강화하고 있으며, 동시에 전 세계적인 건강 불평등 해소에 적극적으로 참여하고 있습니다. 이러한 노력은 다음과 같은 주요 영역에서 구체화되고 있습니다:

1. **다양성",crosslingual,sharegpt,ko
319,beomi/EXAONE-3.5-2.4B-Instruct-Llamafied,"## 제약회사의 다양성 및 포용성 접근 방식과 글로벌 건강 불평등 해소 노력: 임상 시험 중심 분석

제약회사들은 최근 **다양성과 포용성**을 단순한 윤리적 의무를 넘어 핵심 전략으로 인식하고 있습니다. 이는 글로벌 시장에서 지속 가능한 성장을 위한 필수 요소로 자리매김했으며, 특히 **건강 불평등 해소**에 적극적으로 기여하려는 노력으로 이어집니다. 

**1. 다양성 및 포용성의",crosslingual,sharegpt,ko
320,beomi/EXAONE-3.5-2.4B-Instruct-Llamafied,"안녕하세요! Solugen과의 협업을 고려하고 계시다면, 다음과 같은 여러 가지 방법과 영역에서 협력의 가능성을 제안해 드릴 수 있습니다:

### 1. **환경 및 지속 가능성 분야**
- **기술 파트너십**: Solugen은 친환경 기술과 바이오매스 기반 솔루션에 중점을 두고 있습니다. 당신의 기업이 친환경 에너지 생산, 폐기물 처리 기술, 또는 친환경 소재 개발 분야에 종사하고 있다면, 공동",crosslingual,sharegpt,ko
321,beomi/EXAONE-3.5-2.4B-Instruct-Llamafied,"솔ugen(Solugen)과의 협업을 고려하고 계신다면, 다음과 같은 다양한 방식으로 협력할 수 있습니다:

1. **기술 및 연구 파트너십**:
   - **그린 화학 기술**: 솔ugen이 선도하는 친환경 화학 공정 및 촉매 기술에 대한 연구 협력을 통해, 지속 가능한 화학 제품 개발에 기여할 수 있습니다. 공동 연구 프로젝트를 통해 새로운 촉매나 공정을 개발하거나 기존 기술의 효율성을 향상",crosslingual,sharegpt,ko
322,beomi/EXAONE-3.5-2.4B-Instruct-Llamafied,"연간 보고서에는 다음과 같은 내용들이 포함됩니다:

1. **기업 개요**: 회사의 기본 정보와 역사에 대한 간략한 소개.
2. **재무 상태**: 주요 재무 지표와 재무제표 (손익계산서, 재무상태표, 현금흐름표 등).
3. **경영 성과**: 주요 사업 영역의 성과와 목표 달성 상황.
4. **주요 사업 활동**: 최근의 주요 사업 활동, 프로젝트 진행",crosslingual,sharegpt,ko
323,beomi/EXAONE-3.5-2.4B-Instruct-Llamafied,"연간 보고서에는 다음과 같은 내용들이 포함됩니다:

1. **기업 개요**: 회사의 기본 정보와 역사에 대한 간략한 소개.
2. **재무 상태**: 주요 재무 지표와 재무제표 (손익계산서, 재무상태표, 현금흐름표 등).
3. **경영 성과**: 연도별 주요 경영 성과와 목표 달성 상황.
4. **사업 활동**: 주요 사업 영역, 신제품 출시, 시장",crosslingual,sharegpt,ko
324,beomi/EXAONE-3.5-2.4B-Instruct-Llamafied,"직원 서비스 및 예약 서비스를 효과적으로 관리하기 위한 최적의 소프트웨어에 대해 한국어로 설명드리겠습니다:

### 1. **Workday**
- **특징**: 종합적인 HR 관리 솔루션으로, 직원 서비스부터 급여 관리, 성과 평가까지 포괄적으로 지원합니다. 예약 시스템도 내장되어 있어 점심 주문부터 의료 예약, 자전거 잠금장치 예약까지 다양한 서비스를 한 곳에서 관리할 수 있습니다.
- **장점**: 사용자 친화",crosslingual,sharegpt,ko
325,beomi/EXAONE-3.5-2.4B-Instruct-Llamafied,"직원 서비스 및 예약 관리를 위한 최적의 소프트웨어를 선택할 때 고려해야 할 몇 가지 주요 요소와 함께 몇 가지 추천 옵션을 소개해 드리겠습니다:

### 주요 고려사항:
1. **기능 다양성**: 다양한 서비스 예약(점심 주문, 의료 예약, 자전거 잠금장치 예약 등)을 한 곳에서 처리할 수 있는 기능이 중요합니다.
2. **사용자 친화성**: 직원과 관리자 모두가 쉽게 사용할 수",crosslingual,sharegpt,ko
326,beomi/EXAONE-3.5-2.4B-Instruct-Llamafied,"시간과 동작 연구는 **작업 효율성을 높이기 위해 인간의 움직임과 작업 과정을 분석하고 개선하는 방법론**입니다. 

주로 다음과 같은 목표를 가지고 있습니다:

* **불필요한 움직임 제거:** 작업 중 불필요하거나 비효율적인 동작을 찾아내어 제거함으로써 시간을 단축하고 피로도를 줄입니다.
* **작업 표준화:** 최적의 동작 방식을 표준화하여 일관성",crosslingual,sharegpt,ko
327,beomi/EXAONE-3.5-2.4B-Instruct-Llamafied,"타임 앤드 모션 스터디(Times and Motion Study)는 작업 효율성을 높이기 위해 작업자의 동작과 작업 시간을 체계적으로 분석하고 개선하는 방법론입니다. 주로 산업 공학 분야에서 사용되며, 다음과 같은 핵심 요소들을 포함합니다:

1. **동작 분석**: 작업자가 특정 작업을 수행하는 데 걸리는 시간과 각 동작의 효율성을 정밀하게 측정합니다.
2. **시간 측정**: 작업의 시작",crosslingual,sharegpt,ko
328,beomi/EXAONE-3.5-2.4B-Instruct-Llamafied,"네, 문서 기반 객체 검출에서 반복적인 패턴을 보이는 문서 유형에 대해 생각해볼 수 있습니다. 다음과 같은 문서 유형들이 그러한 특성을 가질 수 있습니다:

1. **공고 및 채용 공고**:
   - **유사성**: 대부분의 공고는 동일한 구조를 따르며, 특정 회사의 채용 프로세스를 반영합니다. 예를 들어, 회사 이름, 위치, 직무 설명, 자격 요건, 마감일 등이",crosslingual,sharegpt,ko
329,beomi/EXAONE-3.5-2.4B-Instruct-Llamafied,"물론입니다. 문서 기반 객체 검출을 위한 신경망을 사용하는 경우, 특정 회사가 대량으로 생산하는 매우 반복적인 문서 유형들은 모델의 미세 조정(fine-tuning)에 매우 유리할 수 있습니다. 다음은 그러한 예시들과 그 이유들입니다:

### 1. **공고 및 채용 공고**
- **유사성**: 대부분의 회사는 정기적으로 직원 채용을 위해 공고를 게시합니다. 공고 내용",crosslingual,sharegpt,ko
330,beomi/EXAONE-3.5-2.4B-Instruct-Llamafied,"### 제품 요구사항 문서: 타겟 마켓 식별 및 비즈니스 구축 지원 소프트웨어

#### 1. **제목**
   - **제품명**: 마켓 인사이트 프로 (Market Insight Pro)
   - **목적**: 창업가들이 효과적인 타겟 마켓을 식별하고, 이를 기반으로 성공적인 비즈니스 모델을 구축할 수 있도록 지원하는 소프트웨어 솔루션

#### 2. **개요**
   - **개발 배경**: 창업 초기 단계에서",crosslingual,sharegpt,ko
331,beomi/EXAONE-3.5-2.4B-Instruct-Llamafied,"### 제품 요구사항 문서 (Product Requirements Document)

#### 제목: **MarketInsight** - 창업가를 위한 타겟 시장 탐색 및 비즈니스 구축 지원 소프트웨어

---

#### 1. **개요**
**MarketInsight**는 창업가들이 효과적으로 타겟 시장을 식별하고, 그 기반 위에 성공적인 비즈니스 모델을 구축할 수 있도록 설계된 통합 솔루션입니다. 이 문서는 **MarketInsight**의 핵심 기능, 사용자 경험",crosslingual,sharegpt,ko
332,beomi/EXAONE-3.5-2.4B-Instruct-Llamafied,"### 제품 요구사항 문서: 타겟 마켓 식별 및 비즈니스 구축 지원 소프트웨어

#### 1. **프로젝트 개요**
   - **프로젝트명**: MarketInsight Pro
   - **개발 목적**: 창업가들이 효과적인 타겟 마켓을 식별하고, 이를 기반으로 성공적인 비즈니스 모델을 구축할 수 있도록 지원하는 소프트웨어 솔루션 제공.
   - **개발 기간**: 12개월 예상
   - **주요 이해관계",crosslingual,sharegpt,ko
333,beomi/EXAONE-3.5-2.4B-Instruct-Llamafied,"""인터랙티브 엔지니어링 모델""은 **자율 학습**과 밀접한 관련이 있는 개념입니다. 

간단히 말해, **사용자와의 상호 작용을 통해 학습하고 개선되는 디지털 모델**을 의미합니다. 

예를 들어:

* **로봇 공학:** 로봇 팔이 물체를 잡는 과정에서 사용자의 피드백을 받아 움직임을 조정하고 학습합니다.
* **게임 AI:** 게임 속 캐릭터가 플레이어의",crosslingual,sharegpt,ko
334,beomi/EXAONE-3.5-2.4B-Instruct-Llamafied,"""인터랙티브 엔지니어링 모델""은 주로 사용자와 시스템 간의 상호작용을 통해 학습하고 개선되는 모델을 가리킵니다. 특히 자기학습(self-learning) 측면에서 보면, 이 모델은 다음과 같은 특징을 가질 수 있습니다:

1. **사용자 피드백 기반 학습**: 사용자의 입력이나 행동에 따라 모델이 직접적으로 학습하고 업데이트됩니다. 예를 들어, 인공지능 챗봇은 사용자와의 대화를 통해 자연어",crosslingual,sharegpt,ko
335,beomi/EXAONE-3.5-2.4B-Instruct-Llamafied,"도시의 이산 이벤트 시뮬레이션을 활용하여 극단적인 추위 상황의 결과를 모의하는 방법은 다음과 같습니다:

1. **이벤트 정의**: 먼저, 시뮬레이션에 포함될 핵심 이벤트들을 정의합니다. 예를 들어:
   - **날씨 변화**: 기온이 특정 임계값을 초과하거나 미치는 영향 (예: -10°C 이하로 떨어짐).
   - **교통 중단**: 눈이나 빙판길로 인한 교통",crosslingual,sharegpt,ko
336,beomi/EXAONE-3.5-2.4B-Instruct-Llamafied,"도시의 이산 이벤트 시뮬레이션을 활용하여 극심한 추위 상황의 결과를 모의하는 방법은 다음과 같습니다:

1. **모델 구성**:
   - **인구 및 건물**: 도시 내의 인구 분포와 건물 구조를 세밀하게 모델링합니다. 각 건물의 단열 성능, 난방 시스템의 효율성 등을 고려합니다.
   - **교통 시스템**: 교통 흐름과 대중교통 이용 패턴을 포함하여 추위로 인한 교통 체증이나 대중교통 이용 변화",crosslingual,sharegpt,ko
337,beomi/EXAONE-3.5-2.4B-Instruct-Llamafied,"Cisco 네트워크 엣지 디바이스의 보안 정책은 조직의 데이터와 자원을 보호하기 위해 매우 중요하며, 다음과 같은 핵심 요소들을 포함해야 합니다:

1. **강력한 인증 메커니즘**:
   - **다중 인증(Multi-Factor Authentication, MFA)**: 사용자 인증 과정에 비밀번호 외에도 OTP(일회용 비밀번호), 생체 인식(지문, 얼굴 인식 등), 또는 하드웨어 토큰을 추가하여 보안을 강화합니다.
",crosslingual,sharegpt,ko
338,beomi/EXAONE-3.5-2.4B-Instruct-Llamafied,"Cisco 네트워크 엣지 디바이스의 보안 정책은 조직의 데이터와 리소스를 보호하기 위해 매우 중요하며, 다음과 같은 핵심 요소들을 포함해야 합니다:

1. **강력한 인증 메커니즘**:
   - **다중 인증(Multi-Factor Authentication, MFA)**: 사용자 인증 과정에 비밀번호 외에도 OTP(일회용 비밀번호), 생체 인식(지문, 얼굴 인식 등), 또는 하드웨어 토큰을 추가하여 보안을 강화합니다.
",crosslingual,sharegpt,ko
339,beomi/EXAONE-3.5-2.4B-Instruct-Llamafied,"글로벌화의 경제적 측면에서 핵심 개념들을 한국어로 설명드리겠습니다:

1. **자유무역 (Free Trade)**:
   - 국가 간에 관세와 무역 장벽을 최소화하여 상품과 서비스의 자유로운 이동을 촉진하는 것을 의미합니다. 이는 기업들이 더 넓은 시장에 진출할 수 있게 하여 경쟁을 촉진하고 효율성을 높입니다.

2. **투자 자유화 (Foreign Direct Investment, FDI",crosslingual,sharegpt,ko
340,beomi/EXAONE-3.5-2.4B-Instruct-Llamafied,"글로벌화의 경제적 차원에서 핵심 개념들을 한국어로 설명해 드리겠습니다:

1. **자유무역 (Free Trade)**:
   - 국가 간에 관세와 무역 장벽을 최소화하여 상품과 서비스의 자유로운 이동을 촉진하는 것을 의미합니다. 이는 기업들이 더 넓은 시장에 진출할 수 있게 하여 경쟁을 촉진하고 효율성을 높이는 역할을 합니다.

2. **투자 자유화 (Foreign",crosslingual,sharegpt,ko
341,beomi/EXAONE-3.5-2.4B-Instruct-Llamafied,"딥러닝(Deep Learning), 기계학습(Machine Learning), 그리고 인공지능(Artificial Intelligence, AI)은 모두 컴퓨터 과학과 공학 분야에서 중요한 개념이지만, 각각의 범위와 적용 방식에는 명확한 차이가 있습니다:

1. **인공지능 (AI, Artificial Intelligence)**:
   - **정의**: 인공지능은 컴퓨터 시스템이 인간의 지능을 모방하고 특정 작업을 수행할 수 있도록 설계된 기술의 총체입니다. 이는",crosslingual,sharegpt,ko
342,beomi/EXAONE-3.5-2.4B-Instruct-Llamafied,"딥러닝, 기계학습, 그리고 인공지능은 모두 컴퓨터 과학과 인공지능 분야에서 중요한 개념이지만, 그 범위와 적용 방식에는 차이가 있습니다:

1. **인공지능 (AI, Artificial Intelligence)**:
   - **정의**: 인간의 지능을 모방하여 문제를 해결하거나 작업을 수행할 수 있도록 설계된 시스템 전체를 의미합니다.
   - **범위**: 매우 광범위하며, 추론, 학습, 문제 해결",crosslingual,sharegpt,ko
343,beomi/EXAONE-3.5-2.4B-Instruct-Llamafied,"클러스터링 기법은 복잡한 유전체학적(transcriptomic)과 단백질체학적(proteomic) 데이터에서 질병 관련 바이오마커를 찾는 데 매우 유용합니다. 간단하게 설명하면 다음과 같습니다:

1. **데이터 수집**: 먼저, 다양한 환자 그룹의 유전자 발현 수준(transcriptomic data)과 단백질 수준(proteomic data)을 측정합니다. 이 데이터는 각 환자의 생물학적 상태를 반영",crosslingual,sharegpt,ko
344,beomi/EXAONE-3.5-2.4B-Instruct-Llamafied,"## 유전체학 및 단백질체 데이터에서 질병 관련 바이오마커 찾기: 군집화 기법 설명

**질병 관련 바이오마커**란 특정 질병을 앓고 있는지 여부를 알려주는 유전자나 단백질의 특징입니다. 마치 질병의 '신호등'과 같죠!

**군집화 기법**은 마치 수많은 데이터 포인트들을 그룹으로 묶어주는 마법 같은 도구입니다. 이 기법을 사용하면 유전체학 데이터(전",crosslingual,sharegpt,ko
345,beomi/EXAONE-3.5-2.4B-Instruct-Llamafied,"전사체와 프로테믹스 데이터에서 질병 관련 바이오마커를 식별하는 데 클러스터링 기법이 어떻게 활용되는지 간단하게 설명드리겠습니다:

1. **데이터 수집**: 먼저, 다양한 환자 그룹의 전사체(DNA나 RNA의 발현 패턴)와 단백질체(세포나 조직에서 생성되는 단백질들의 종류와 양) 데이터를 수집합니다. 각 환자는 여러 바이오마커에 대한 정보를 포함할 수 있습니다.",crosslingual,sharegpt,ko
346,beomi/EXAONE-3.5-2.4B-Instruct-Llamafied,"### 과학적 계측기 판매 회사 CRM 요구사항 문서

#### **1. 개요**
본 문서는 과학적 계측기를 판매하는 기업의 고객 관계 관리(CRM) 시스템 구축을 위한 요구사항을 상세히 기술합니다. 목표는 고객 정보 관리의 효율성 향상, 판매 프로세스 최적화, 그리고 고객 만족도 증대를 통해 기업의 경쟁력을 강화하는 것입니다.

#### **2. 요구사항 정의**

##### **2.1 시스템 기능**",crosslingual,sharegpt,ko
347,beomi/EXAONE-3.5-2.4B-Instruct-Llamafied,"### 과학적 계측기기 판매 회사 CRM 요구사항 문서

#### 1. **개요**
이 문서는 과학적 계측기기를 판매하는 기업의 고객 관계 관리(CRM) 시스템 구축을 위한 요구사항을 상세히 기술합니다. 목표는 고객 데이터의 효과적인 관리와 상호작용 향상을 통해 비즈니스 성과를 극대화하는 것입니다.

#### 2. **요구사항 요약**
- **고객 정보 관리**: 정확하고",crosslingual,sharegpt,ko
348,beomi/EXAONE-3.5-2.4B-Instruct-Llamafied,"미래에 제 식습관은 건강에 더 초점을 맞출 것 같습니다. 더 많은 신선한 채소와 과일 섭취를 늘리고, 균형 잡힌 식단을 유지하려고 노력할 것입니다. 또한, 가공식품 섭취를 줄이고, 집에서 직접 요리하는 시간을 늘려 영양소를 더 잘 관리하려고 합니다. 운동도 꾸준히 병행하여 전반적인 건강을 개선하려고 합니다. 개인적인 식사 습관은 개인의 생활 패턴과 건강 목표에 따라 조금씩 달라질",crosslingual,sharegpt,ko
349,beomi/EXAONE-3.5-2.4B-Instruct-Llamafied,"미래의 식습관에 대해 이야기하자면, 기술의 발전과 지속 가능성에 대한 관심 증가로 인해 다음과 같은 변화가 예상됩니다:

1. **건강 중심**: 개인화된 영양 조언과 맞춤형 식단 계획이 더욱 발전하여, 개인의 건강 상태, 활동 수준, 그리고 특정 건강 목표에 맞춘 식사가 보편화될 것입니다.

2. **지속 가능성**: 환경 친화적인 식품 선택이 중요해질 것입니다",crosslingual,sharegpt,ko
350,beomi/EXAONE-3.5-2.4B-Instruct-Llamafied,"## 범죄과학의 정의

**범죄과학**은 범죄 현장에서 수집된 증거를 분석하고 해석하여 범죄의 진실을 밝히는 과학적 방법론을 말합니다. 

**핵심 요소는 다음과 같습니다:**

* **과학적 방법론:** 객관적이고 재현 가능한 증거 수집 및 분석 기법을 사용합니다.
* **다양한 분야의 융합:** 물리학, 화학, 생물학, 컴퓨터 과학 등 다양한 과학 분야를 통합하여",crosslingual,sharegpt,ko
351,beomi/EXAONE-3.5-2.4B-Instruct-Llamafied,"범죄과학(Forensic Science)은 과학적 방법론을 활용하여 범죄 현장에서 수집된 증거를 분석하고 해석함으로써 법적 절차에서 중요한 역할을 하는 학문 분야입니다. 이 분야는 범죄 해결, 범인 식별, 사건의 진실 규명 등에 필요한 전문 지식과 기술을 제공하며, 주로 다음과 같은 분야로 나뉩니다:

1. **물리적 증거 분석**: 지문, footprints, DNA 분석 등 물리적 증거를 통해 범죄",crosslingual,sharegpt,ko
352,beomi/EXAONE-3.5-2.4B-Instruct-Llamafied,"AI는 오염, 기후 변화, 생태계 파괴와 같은 복잡한 글로벌 이슈들을 해결하는 데 다양한 방법으로 기여할 수 있습니다. 다음은 몇 가지 주요 방안입니다:

1. **환경 모니터링 및 예측**:
   - **센서 네트워크 활용**: AI를 통해 다양한 센서 네트워크를 통합하여 대기 오염 수준, 수질 상태, 온도 변화 등을 실시간으로 모니터링합니다. 이를 통해 오염원을 빠르게 식별하고 예측 모델을 구축",crosslingual,sharegpt,ko
353,beomi/EXAONE-3.5-2.4B-Instruct-Llamafied,"AI는 오염, 기후 변화, 생태계 파괴와 같은 복잡한 글로벌 이슈들을 해결하는 데 다양한 방법으로 기여할 수 있습니다. 다음은 몇 가지 주요 사례입니다:

1. **환경 모니터링 및 예측**:
   - **대기 및 수질 모니터링**: AI 기반 센서 네트워크와 이미지 인식 기술을 활용해 실시간으로 대기 오염 수준과 수질 상태를 모니터링하고 예측할 수 있습니다. 이를 통해 오염원을 신속하게 식별하고 대응",crosslingual,sharegpt,ko
354,beomi/EXAONE-3.5-2.4B-Instruct-Llamafied,"양자 컴퓨팅은 전통적인 컴퓨터와는 다른 방식으로 정보를 처리하는 혁신적인 기술입니다. 쉽게 말해:

**전통 컴퓨터**는 정보를 **0** 또는 **1** 두 가지 상태 중 하나로만 표현합니다. 마치 빛이 켜져 있거나 꺼져 있는 전구처럼요.

**양자 컴퓨터**는 **큐빗**이라는 특별한 단위를 사용합니다. 큐빗은 **0**, **1** **",crosslingual,sharegpt,ko
355,beomi/EXAONE-3.5-2.4B-Instruct-Llamafied,"양자 컴퓨팅은 고전 컴퓨터와는 다른 방식으로 정보를 처리하는 혁신적인 컴퓨팅 기술입니다. 쉽게 말해:

**고전 컴퓨터**는 정보를 **비트**라는 작은 단위로 처리합니다. 비트는 마치 **0** 또는 **1** 두 가지 상태 중 하나만 가질 수 있습니다. 예를 들어, 컴퓨터에서 글자나 숫자를 저장할 때 사용하죠.

**양자 컴퓨터**는 **큐비트**라는",crosslingual,sharegpt,ko
356,beomi/EXAONE-3.5-2.4B-Instruct-Llamafied,공산주의를 경제 발전의 방식으로 처음으로 채택한 나라는 소련(현재의 러시아)입니다. 소련은 1917년 볼셰비키 혁명 이후 공산주의 체제를 도입하였습니다.,crosslingual,sharegpt,ko
357,beomi/EXAONE-3.5-2.4B-Instruct-Llamafied,공산주의를 경제 개발의 방식으로 처음으로 채택한 나라는 소련(현재의 러시아)입니다. 소련은 1917년 볼셰비키 혁명 이후 레닌의 지도 아래 공산주의 체제를 구축하고 실행하기 시작했습니다. 이는 세계 역사상 공산주의 국가의 탄생과 함께 중요한 전환점이 되었습니다.,crosslingual,sharegpt,ko
358,beomi/EXAONE-3.5-2.4B-Instruct-Llamafied,"질문에 대한 한국어 답변은 다음과 같을 수 있습니다:

""제가 원하는 사용 사례나 새로운 플러그인의 종류는 다음과 같습니다:

1. **개인화된 학습 경험**: 사용자의 학습 스타일과 진도에 맞춰 맞춤형 학습 콘텐츠와 피드백을 제공하는 플러그인을 원합니다. 예를 들어, AI 기반의 적응형 학습 경로 제안 기능이 포함될 수 있습니다.

2. **커뮤니티 및 협업 도구**:",crosslingual,sharegpt,ko
359,beomi/EXAONE-3.5-2.4B-Instruct-Llamafied,"이 질문에 답하기 위해서는 다음과 같은 방향으로 접근할 수 있습니다:

1. **현재 기능 분석**: 현재 사용 가능한 플러그인이나 기능들을 살펴보고 어떤 부분이 부족하거나 개선될 여지가 있는지 파악합니다.

2. **사용자 요구 파악**: 실제 사용자들의 피드백이나 설문조사 결과를 통해 어떤 기능이나 사용 사례가 가장 필요하다고 느끼는지 확인합니다. 예를 들어, 특정 분야의 전문가",crosslingual,sharegpt,ko
360,beomi/EXAONE-3.5-2.4B-Instruct-Llamafied,"CRM (Customer Relationship Management) 에이전시는 고객 관계 관리를 중심으로 다양한 컨설팅 및 전략 개발 서비스를 제공합니다. 주요 서비스들은 다음과 같습니다:

1. **전략 컨설팅**:
   - **시장 분석**: 경쟁사 분석, 시장 트렌드 파악 등을 통해 기업의 위치와 기회를 명확히 합니다.
   - **고객 이해 강화**: 고객 세그먼트 분석, 고객 여정 맵핑 등을 통해 고객의 니즈와 행동 패턴",crosslingual,sharegpt,ko
361,beomi/EXAONE-3.5-2.4B-Instruct-Llamafied,"CRM (Customer Relationship Management) 에이전시는 고객 관계 관리 전략 개발 및 컨설팅을 위해 다양한 서비스를 제공합니다:

1. **전략 컨설팅**:
   - **시장 분석**: 경쟁사 분석, 타겟 시장 이해, 고객 세그먼트 분석 등을 통해 효과적인 CRM 전략 수립을 지원합니다.
   - **목표 설정**: 기업의 비즈니스 목표와 연계된 구체적인 CRM 목표 설정을 돕습니다.
   - **전",crosslingual,sharegpt,ko
362,beomi/EXAONE-3.5-2.4B-Instruct-Llamafied,"스프링 스테이트 머신과 워크플로우를 함께 사용하는 것은 기술적으로 가능하며, 특정 상황에서는 매우 효과적일 수 있습니다. 다음과 같은 점들을 고려해 볼 수 있습니다:

1. **상태 관리와 프로세스 정의**: 스프링 스테이트 머신은 복잡한 상태 전환 로직을 관리하는 데 탁월합니다. 반면에 워크플로우는 비즈니스 프로세스를 단계별로 정의하고 자동화하는 데 유용합니다. 따라서 스테이트 머신의",crosslingual,sharegpt,ko
363,beomi/EXAONE-3.5-2.4B-Instruct-Llamafied,"스프링 스테이트 머신과 워크플로우를 함께 사용하는 것이 가능하며, 이 접근법이 정당화될 수 있습니다. 하지만 몇 가지 고려사항이 있습니다:

### 가능성과 정당성
1. **상태 머신의 역할**: 스프링 스테이트 머신은 주로 시스템 내에서 다양한 상태 간의 전환을 관리하는 데 사용됩니다. 예를 들어, 주문 처리 프로세스에서 주문 상태(예: 접수, 처리 중, 배송 준비,",crosslingual,sharegpt,ko
364,beomi/EXAONE-3.5-2.4B-Instruct-Llamafied,"유럽에서 온라인으로 Interior Design을 공부하고 1년 이내의 인증 기간을 가진 프로그램을 찾으시는 경우 다음과 같은 옵션들이 있습니다:

1. **Coursera ( Coursera Korea )**
   - **프로그램 예시**: 
     - **""Interior Design Specialization""** by **University of Pennsylvania**: 이 프로그램은 이론과 실습을 포함하며, 온라인으로 진행됩니다. 전체 과정이 약 6",crosslingual,sharegpt,ko
365,beomi/EXAONE-3.5-2.4B-Instruct-Llamafied,"유럽에서 온라인으로 Interior Design을 공부하고 1년 이내의 인증 기간을 가진 프로그램을 찾고 계신다면 다음과 같은 옵션들을 추천드립니다:

1. **Coursera ( Coursera Korea )**
   - **프로그램 예시**: 
     - **""Interior Design Fundamentals""** by **University of Pennsylvania**
     - **""Design Thinking for Interior Designers""** by **University of California, Irvine**
   -",crosslingual,sharegpt,ko
366,beomi/EXAONE-3.5-2.4B-Instruct-Llamafied,"## Notion Enterprise: Native Data Visualization Feature Roadmap

As your product manager at Notion, I see this as a fantastic opportunity to elevate our platform and solidify our position as the leading enterprise workspace tool. Here's a roadmap for developing native data visualization capabilities within Notion:

**Phase 1: Foundation & Core Functionality (Q1-Q2)**

* **Data Extraction & Structuring:**
    * **Develop robust data extraction APIs:",crosslingual,sharegpt,ko
367,beomi/EXAONE-3.5-2.4B-Instruct-Llamafied,"Notion의 제품 매니저로서, 엔터프라이즈 고객들의 데이터베이스 시각화 요구를 충족시키기 위해 네이티브 기능 개발 계획을 다음과 같이 제안드립니다:

### 1. **사용자 요구 분석 및 우선순위 설정**
   - **고객 인터뷰 및 설문조사**: 엔터프라이즈 고객들과의 심층 인터뷰 및 설문조사를 통해 구체적인 요구사항을 파악합니다. 어떤 종류의 데이터를 어떻게 시각화하고 싶어하는지, 기존 시스템과",crosslingual,sharegpt,ko
368,beomi/EXAONE-3.5-2.4B-Instruct-Llamafied,"연구 논문을 쓰시려는 주제, 즉 **사람들이 도덕에 대해 어떻게 의견이 갈리는지**에 대해 다양한 학문 분야와 분야들이 관련 연구를 진행하고 있습니다. 다음은 주요 분야들입니다:

### 1. **철학 (Philosophy)**
   - **윤리학 (Ethics)**: 도덕 철학은 도덕적 가치와 원칙에 대한 근본적인 질문을 탐구합니다. 특히 다음과 같은 주제들이 중요합니다:",crosslingual,sharegpt,ko
369,beomi/EXAONE-3.5-2.4B-Instruct-Llamafied,"연구 논문을 쓰시려는 주제, 즉 사람들이 도덕에 대해 왜 의견이 다른지에 대한 연구는 매우 포괄적이고 다학제적 접근이 필요한 주제입니다. 다양한 학문 분야와 분야에서 관련 연구가 이루어지고 있습니다. 다음은 주요 분야들입니다:

1. **철학 (Philosophy)**
   - **윤리학 (Ethics)**: 도덕 철학은 도덕적 가치와 원칙에 대한 근본적인 질문을",crosslingual,sharegpt,ko
370,beomi/EXAONE-3.5-2.4B-Instruct-Llamafied,"오컴의 면도날(Occam's Razor) 원칙에 따르면 가장 간단한 설명이 가장 가능성이 높다는 주장은 매우 흥미로운 질문을 던집니다. 양자물리학 이론들이 현재로서는 매우 정교하고 복잡해 보이지만, 몇 가지 관점에서 생각해볼 수 있습니다:

1. **현재의 복잡성과 근본적 한계**: 양자물리학은 미시 세계의 현상을 설명하는 데 있어 이미 놀라운 정확성을 보여",crosslingual,sharegpt,ko
371,beomi/EXAONE-3.5-2.4B-Instruct-Llamafied,"오컴의 면도날(Occam's Razor) 원칙에 따르면 가장 간단한 설명이 가장 가능성이 높다는 주장은 양자물리학 이론들이 결국 더 단순한 이론으로 대체될 가능성에 대해 흥미로운 질문을 던집니다. 이에 대한 제 생각은 다음과 같습니다:

1. **가능성과 한계**: 양자물리학은 현재까지 관찰된 현상을 매우 정교하게 설명하는 데 성공했습니다. 그러나 이는 동시",crosslingual,sharegpt,ko
372,beomi/EXAONE-3.5-2.4B-Instruct-Llamafied,"다음 10년 동안 학술 도서관의 미래에 대해 몇 가지 생각을 나누어 보겠습니다:

1. **디지털 전환 가속화**: 기술의 발전에 따라 디지털 자료와 서비스의 중요성이 더욱 커질 것입니다. 학술 도서관은 온라인 데이터베이스 접근성 향상, 디지털 자료의 보존 및 공유 시스템 강화, 그리고 가상 현실(VR)이나 증강 현실(AR)을 통한 학습 경험 제공 등으로 디지털 전환을 가속화할 것으로 예상됩니다.

",crosslingual,sharegpt,ko
373,beomi/EXAONE-3.5-2.4B-Instruct-Llamafied,"다음 10년 동안 학술 도서관의 미래에 대해 몇 가지 생각을 한국어로 나누어 말씀드리겠습니다:

1. **디지털 전환 가속화**: 기술의 발전에 따라 디지털 자료의 접근성이 더욱 향상될 것입니다. 온라인 데이터베이스, 디지털 아카이브, 그리고 인공지능 기반의 추천 시스템이 더욱 보편화되어 이용자들이 정보를 찾는 방식이 크게 변화할 것으로 예상됩니다. 이로 인해 물리적인 도서관 방문이 줄어들 수",crosslingual,sharegpt,ko
374,beomi/EXAONE-3.5-2.4B-Instruct-Llamafied,"인피니언의 센서 포트폴리오는 다양한 분야에서 활용 가능한 포괄적인 기술을 제공합니다. 주요 구성 요소는 다음과 같습니다:

1. **압력 센서**: 다양한 환경 조건에서 압력을 측정하며, 자동차 엔진 관리 시스템부터 산업용 공정 제어까지 폭넓게 사용됩니다.
2. **온도 센서**: 열전쌍, 저항 온도 검출기(RTD), 반도체 기반 온도 센서 등으로 온도 변화를 정밀하게 감지",crosslingual,sharegpt,ko
375,beomi/EXAONE-3.5-2.4B-Instruct-Llamafied,"인피니언의 센서 포트폴리오는 다양한 산업 분야에서 요구되는 고도화된 감지 기술을 포괄하고 있습니다. 주요 센서 제품군은 다음과 같습니다:

1. **압력 센서**: 다양한 환경 조건에서 압력을 측정하는 데 사용되며, 자동차 엔진 관리 시스템부터 산업용 공정 제어까지 폭넓게 적용됩니다.

2. **온도 센서**: 열전쌍, 저항 온도 검출기(RTD), 반도체 기반 온도 센서",crosslingual,sharegpt,ko
376,beomi/EXAONE-3.5-2.4B-Instruct-Llamafied,"안정적인 확산(Stable Diffusion)은 주로 이미지 생성 및 변형에 사용되는 딥러닝 기반의 기술로, 특히 생성적 적대 네트워크(GANs, Generative Adversarial Networks)의 한 형태인 안정적인 생성 모델(Stable Diffusion Models)을 가리킵니다. 이 기술의 핵심 원리는 다음과 같습니다:

1. **생성 모델과 판별 모델의 상호작용**:
   - **생성 모델**: 이 모델",crosslingual,sharegpt,ko
377,beomi/EXAONE-3.5-2.4B-Instruct-Llamafied,"## 안정적 확산 모델의 작동 원리 (Working Principle Behind Stable Diffusion)

안정적 확산 모델은 딥러닝 기반의 이미지 생성 모델로, **기존 이미지에서 특징을 추출하고 새로운 이미지를 생성하는 과정**을 통해 작동합니다. 핵심 개념은 다음과 같습니다:

**1. 사전 훈련된 모델 활용:**

* 안정적 확산 모델은 **사전에 이미지 데이터로 훈련된 큰 규모의 컨볼루션 신경망 (CNN)**",crosslingual,sharegpt,ko
378,beomi/EXAONE-3.5-2.4B-Instruct-Llamafied,"안정적인 확산(Stable Diffusion)은 주로 이미지 생성 및 변형에 사용되는 딥러닝 기반의 기술로, 특히 생성적 적대 네트워크(GANs)와 유사한 접근법을 취하면서도 몇 가지 핵심적인 차이점이 있습니다. 다음은 그 작동 원리를 한국어로 설명한 것입니다:

### 1. **기본 개념**
안정적인 확산은 이미지 생성 모델이 주어진 노이즈 패턴을 점진적으로 정제하여 원하는 이미지를 생성",crosslingual,sharegpt,ko
379,beomi/EXAONE-3.5-2.4B-Instruct-Llamafied,"기업용 소프트웨어 회사에 대한 실사 과정에서 수행할 수 있는 최고의 분석들은 다음과 같습니다:

1. **기술적 분석 (Technical Due Diligence)**
   - **기술 스택 및 아키텍처 평가**: 사용 중인 기술 스택, 소프트웨어 아키텍처의 복잡성 및 안정성 평가.
   - **코드 품질 및 유지보수성**: 코드 리뷰, 버그 추적 기록, 테스트 커버리지 분석 등을 통해 소프트웨어의 품질과",crosslingual,sharegpt,ko
380,beomi/EXAONE-3.5-2.4B-Instruct-Llamafied,"기업용 소프트웨어 회사에 대한 실사 과정에서 수행해야 할 최고의 분석 방법들은 다음과 같습니다:

1. **기술적 분석 (Technical Due Diligence)**
   - **기술 스택 및 아키텍처 평가**: 사용 중인 기술 스택, 소프트웨어 아키텍처의 복잡성과 안정성을 검토합니다. 오픈 소스와 상용 소프트웨어의 혼합 사용 여부도 중요합니다.
   - **코드 품질 및 유지보수**: 코드베이스의 가독성,",crosslingual,sharegpt,ko
381,beomi/EXAONE-3.5-2.4B-Instruct-Llamafied,"소셜 사이언스에서 알고리즘 기반의 통치 방식을 분석하는 방식은 다음과 같이 다양하게 나타날 수 있습니다:

1. **기술적 맥락 분석**:
   - **알고리즘 설계와 작동 원리**: 어떤 알고리즘이 어떻게 설계되었는지, 그 내부 로직과 데이터 처리 방식을 깊이 있게 살펴봅니다. 이를 통해 알고리즘이 어떻게 특정 사회적 결과를 도출하는지 이해할 수 있습니다.
   - **기술 인프라**: 알고리즘",crosslingual,sharegpt,ko
382,beomi/EXAONE-3.5-2.4B-Instruct-Llamafied,"소셜 사이언스를 통해 알고리즘 기반의 통치 방식을 분석하는 접근법은 다음과 같이 구체화될 수 있습니다:

1. **기술적 맥락 분석**:
   - **알고리즘 설계와 목적**: 알고리즘이 어떻게 설계되었는지, 그 목표와 가치 체계를 탐구합니다. 이는 데이터 수집 방식, 편향성, 그리고 결과에 미치는 영향을 포함합니다.
   - **기술 인프라**: 알고리즘이 작동하는 디지털 인프라",crosslingual,sharegpt,ko
383,beomi/EXAONE-3.5-2.4B-Instruct-Llamafied,"보험 언더라이터가 조사하는 주요 주제들은 다음과 같습니다:

1. **건강 상태**:
   - 현재 및 과거의 건강 기록
   - 만성 질환 여부 (당뇨병, 고혈압 등)
   - 가족력에 따른 유전적 위험 요인

2. **생활 습관**:
   - 흡연 여부 및 기간
   - 음주 습관
   - 운동 빈도 및 종류
   - 식습관 및 비만 여부

3. **직업 및 환경",crosslingual,sharegpt,ko
384,beomi/EXAONE-3.5-2.4B-Instruct-Llamafied,"보험 언더라이터가 조사하는 주요 주제들은 다음과 같습니다:

1. **건강 상태**: 신청자의 전반적인 건강 상태, 특히 만성 질환 여부, 가족력 등을 평가합니다. 이는 보험료 결정에 중요한 역할을 합니다.

2. **생활 습관**: 흡연 여부, 음주 습관, 운동 빈도 등 개인의 생활 습관을 분석합니다. 건강 위험 요인을 파악하는 데 활용됩니다.

3. **직업 위험",crosslingual,sharegpt,ko
385,beomi/EXAONE-3.5-2.4B-Instruct-Llamafied,"온타리오 주에서 주거용, 상업용, 그리고 기관용 건설 회사들이 준수해야 하는 건강 및 안전 요구사항은 다음과 같습니다:

### 1. **주거용 건설 회사**
- **건축물 안전 기준 준수**:
  - **OCEDE (Ontario Building Code)**: 주거 건물의 설계와 시공은 온타리오 건축법규(OCEDE)에 따라 이루어져야 합니다. 이는 구조 안전성, 화재 안전",crosslingual,sharegpt,ko
386,beomi/EXAONE-3.5-2.4B-Instruct-Llamafied,"온타리오 주에서 주거용, 상업용, 그리고 기관용 건설 회사들이 준수해야 할 건강 및 안전 요구사항은 다음과 같습니다:

### 1. **주거용 건설 회사**
- **건축법 준수**: 주거용 건물의 설계와 시공은 온타리오 건축법 및 관련 안전 기준을 엄격히 준수해야 합니다. 이는 구조 안전성, 화재 안전, 환기 시스템 등에 대한 규정을 포함합니다.
- **작업자 안전 교육**",crosslingual,sharegpt,ko
387,beomi/EXAONE-3.5-2.4B-Instruct-Llamafied,"### 프로젝트 제안서: 지속가능한 발전 목표(SDGs)의 도시 계획 실천 평가: 도전과 기회

#### 1. 서론
지속가능한 발전 목표(SDGs)는 유엔이 제시한 글로벌 비전으로, 경제적 번영, 사회적 공정성, 환경 보호를 통합적으로 추구합니다. 도시 계획 분야에서는 이러한 목표들이 구체적으로 어떻게 구현되고 있는지 평가하는 것이 중요합니다. 본 프로젝트는 도시 계획 실천에서 SDGs의 구현",crosslingual,sharegpt,ko
388,beomi/EXAONE-3.5-2.4B-Instruct-Llamafied,"### 프로젝트 제안서: 지속가능한 발전 목표의 도시 계획 실천 평가: 도전과 기회

#### 1. 서론
- **목적**: 본 프로젝트는 도시 계획 분야에서 지속가능한 발전 목표(SDGs)의 구현 현황을 체계적으로 평가하고자 합니다. 특히, 현재 도시 계획 실천 과정에서 직면한 주요 도전과 이를 극복할 수 있는 기회를 식별하여 실질적인 개선 방안을 제시하는 것을 목표로 합니다.
- **배경",crosslingual,sharegpt,ko
389,beomi/EXAONE-3.5-2.4B-Instruct-Llamafied,"### 프로젝트 제안서: 지속가능한 발전 목표(SDGs)의 도시 계획 실천 평가: 도전과 기회

#### 1. 개요
본 프로젝트는 **지속가능한 발전 목표(SDGs)**가 현대 도시 계획 및 개발 과정에서 어떻게 구현되고 있는지를 체계적으로 평가하는 것을 목표로 합니다. 특히, 도시 계획 분야에서 SDGs의 적용 과정에서 직면하는 주요 도전 과제와 이를 극복할 수 있는 혁신적인 기회들",crosslingual,sharegpt,ko
390,beomi/EXAONE-3.5-2.4B-Instruct-Llamafied,"## 데이터베이스 샤딩 (Database Sharding) 설명 (한국어)

**데이터베이스 샤딩**은 거대한 데이터베이스를 여러 개의 **작은 조각**으로 나누어 관리하는 기술입니다. 마치 큰 상자를 여러 개의 작은 상자로 나누는 것과 비슷합니다. 이렇게 하면 다음과 같은 이점을 얻을 수 있습니다.

**1. 성능 향상:**

* **병렬 처리:** 데이터를 여러 샤드에 분산하여",crosslingual,sharegpt,ko
391,beomi/EXAONE-3.5-2.4B-Instruct-Llamafied,"데이터베이스 샤딩(Sharding)은 대규모 데이터베이스 시스템에서 성능 향상과 관리 효율성을 높이기 위해 사용되는 기술입니다. 주요 개념과 특징은 다음과 같습니다:

### 1. **정의**
샤딩은 전체 데이터베이스를 여러 개의 작은, 관리 가능한 부분(샤드 또는 샤드 그룹)으로 나누는 방법입니다. 각 샤드는 독립적인 데이터베이스 서버나 데이터베이스 클러스터에 저장되며, 특정 데이터 집합을",crosslingual,sharegpt,ko
392,beomi/EXAONE-3.5-2.4B-Instruct-Llamafied,"""깊이 정렬된 컨볼루션 신경망을 이용한 골격 기반 동작 인식 및 분할""이라는 논문에서 제시된 건축 설계는 다음과 같은 핵심 요소들을 포함하고 있습니다:

1. **깊이 정렬 컨볼루션 계층**:
   - **특징 추출**: 네트워크는 깊이 방향으로 컨볼루션 연산을 통해 시간적 변화를 효과적으로 포착합니다. 이는 동작의 동적 특성을 더 정밀하게 학습할 수 있게 합니다.
   ",crosslingual,sharegpt,ko
393,beomi/EXAONE-3.5-2.4B-Instruct-Llamafied,"""깊이 정렬된 컨볼루션 신경망을 이용한 골격 기반 동작 인식 및 분할""이라는 제목의 논문에서 다루는 건축 설계는 주로 다음과 같은 핵심 요소들을 포함하고 있습니다:

### 요약:
1. **깊이 정렬된 컨볼루션 신경망 (Deeply Aligned Convolutional Neural Network, DACNN)**:
   - **목적**: 골격 데이터를 기반으로 한 동작 인식과 분할을 향상시키기 위해 설계되었",crosslingual,sharegpt,ko
394,beomi/EXAONE-3.5-2.4B-Instruct-Llamafied,"## 딥 얼라인드 컨볼루션 신경망을 이용한 골격 기반 동작 인식 및 분할: 아키텍처 설계 요약

**""Deep-Aligned Convolutional Neural Network for Skeleton-Based Action Recognition and Segmentation""** 논문에서 제시된 딥 얼라인드 컨볼루션 신경망(Deep-Aligned Convolutional Neural Network, DACNN)은 골격 데이터를 활용하여 동작 인식과 분할을 동시에 수행하는 혁신적인 접근 방식을 제시합니다. 

**",crosslingual,sharegpt,ko
395,beomi/EXAONE-3.5-2.4B-Instruct-Llamafied,"기업집단으로 성장하기 위한 주요 단계들은 다음과 같습니다:

1. **비전 및 전략 수립**:
   - **비전 설정**: 장기적인 비전과 목표를 명확히 설정합니다. 기업의 핵심 가치와 미래 지향적인 방향성을 정의합니다.
   - **전략 개발**: 시장 분석을 통해 경쟁 우위를 확보할 수 있는 전략을 개발합니다. 다각화 전략이나 특정 산업 분야에 대한 집중 등 다양한 접근",crosslingual,sharegpt,ko
396,beomi/EXAONE-3.5-2.4B-Instruct-Llamafied,"대기업으로 성장하기 위한 주요 단계들을 한국어로 설명해 드리겠습니다:

1. **기초 다지기**:
   - **교육 및 자격증**: 관련 분야에서의 고등 교육을 받거나 필요한 자격증을 취득합니다. 전문 지식과 기술을 갖추는 것이 중요합니다.
   - **비즈니스 계획 수립**: 초기 비즈니스 모델과 목표를 명확히 정의하고, 시장 분석과 경쟁 우위를 파악합니다.

2. **창업 준비",crosslingual,sharegpt,ko
397,beomi/EXAONE-3.5-2.4B-Instruct-Llamafied,"meal replacement 제품의 다음 해 판매량을 예측하는 가장 효과적인 방법은 다음과 같습니다:

1. **시장 조사 및 분석**:
   - **경쟁사 분석**: 현재 시장에서 경쟁 제품들의 판매량과 트렌드를 분석합니다. 경쟁사의 제품 출시 계획, 가격 정책, 마케팅 전략 등을 파악합니다.
   - **소비자 행동 연구**: 타겟 고객의 구매 패턴, 선호도, 소비 트렌드를 조사합니다. 설문조사, 포커스",crosslingual,sharegpt,ko
398,beomi/EXAONE-3.5-2.4B-Instruct-Llamafied,"meal replacement 제품의 다음 해 판매량을 예측하는 가장 효과적인 방법은 다음과 같습니다:

1. **시장 조사 및 경쟁사 분석**:
   - **현재 시장 동향 파악**: 최근 판매 데이터와 시장 성장률을 분석하여 현재 시장의 추세를 이해합니다.
   - **경쟁사 분석**: 주요 경쟁사들의 제품 전략, 가격 정책, 마케팅 활동 등을 면밀히 살펴봅니다. 이를 통해 시장 점유율 변화와 잠재적인 기회를",crosslingual,sharegpt,ko
