id,model,completion,task,source,language
0,google/gemma-2-2b-it," 열기구는 뜨거운 열을 흡수하여 냉각재를 뜨겁게 만들어 냉각재를 냉각하는 것을 목적으로 합니다. 

**열기구의 작동 원리**

1. **열원**: 열기구는 열원을 사용하여 열을 발생시킵니다. 
    * **화석 연료**: 석탄, 연료 등을 사용하여 열을 발생시킵니다",monolingual,native,ko
1,google/gemma-2-2b-it,"## 상대방의 가시적인 말에 대한 현명한 대응 5가지

상대방이 가시적인 말로 상처를 주는 상황은 정말 힘들죠. 하지만 현명하게 대응하는 방법을 통해 상황을 해결하고, 관계를 유지할 수 있습니다. 

**1. 객관적인 사실과 감정을 명확하게 표현:**

* **""네 말이 상",monolingual,native,ko
2,google/gemma-2-2b-it,"## 돼지엄마 vs 귀부인: 격과 돈, 그리고 아들의 성공에 대한 이야기

본문은 돼지엄마와 귀부인의 차이를 비교하며, 격과 돈, 그리고 아들의 성공에 대한 이야기를 다룹니다. 

**핵심 내용:**

* **돼지엄마:** 돈을 투자하여 자녀 교육에 적극적으로 참여하는 엄마를 ",monolingual,native,ko
3,google/gemma-2-2b-it," 콘크리트는 **모래, 흙, 석회암, 물, 그리고 염화칼슘**을 사용하여 만든다. 

* **모래**: 콘크리트의 기본적인 구성 요소로, 균일한 크기의 입자를 가지고 있어서 튼튼하고 강력한 구조를 제공한다.
* **흙**: 콘크리트의 탄성과 유연성을 제공하는",monolingual,native,ko
4,google/gemma-2-2b-it,"## 인구 감소가 경제에 미치는 영향: 복잡하고 다양한 측면

인구 감소는 단순히 인구 수가 줄어들다는 것 이상의 복잡한 문제이며, 경제에 미치는 영향은 매우 다양하고 복잡합니다. 

**1. 경제 성장 저하:**

* **소비자 수요 감소:** 인구 감소는 소비자 수요",monolingual,native,ko
5,google/gemma-2-2b-it,"## Java vs. Python: 장점과 단점

**Java**

**장점:**

1. **성능:** Java는 강력한 성능을 제공하며, 메모리 관리가 효율적이고 성능이 뛰어나다. 
    * **성능:**  Java는 객체지향 프로그래밍 언어로, 메모리 관리가 효율적이고 성능이 뛰어나다. 
    *",monolingual,native,ko
6,google/gemma-2-2b-it,"## 한국의 산업 경쟁력: 빛나는 과거, 미래의 위협

한국은 건설, 자동차, 석유화학 등 다양한 산업에서 세계적인 경쟁력을 갖추고 있으며, 중동 국가들과의 파트너십을 통해 792억 달러의 투자 유치를 이루고 있습니다. 첨단 기술 분야에서도 우수한 성과를 보여주",monolingual,native,ko
7,google/gemma-2-2b-it,"## 슈필데스야레스: 혁신의 빛나는 빛

슈필데스야레스는 19세기 후반부터 20세기 초반까지 활동했던 유럽의 뛰어난 혁신가, 철학자, 그리고 사회적 개혁가입니다. 그의 작품은 혁신적인 아이디어와 뛰어난 기술적 능력으로 인해 끊임없이 변화",monolingual,native,ko
8,google/gemma-2-2b-it,"환경오염 문제를 다루는 과학 시간, 정말 중요한 주제네요! 교과서에 없는 단원이라면 더욱 흥미롭고 현실적인 주제를 선택하는 게 좋겠네요. 

다음은 3가지 주제를 추천해 드릴게요. 

**1.  쓰레기 문제와 환경오염의 심각성:**

* **핵심 내용:**",monolingual,native,ko
9,google/gemma-2-2b-it,"## 서울아산병원 산모 식사요법, 전문의의 조언

**기자:** 서울아산병원 산부인과 전문의, 박선희 의사님, 임신 중 여성의 식사요법에 대해 좀 더 자세히 알려주시겠어요?

**박 의사:** 안녕하세요. 서울아산병원 산부인과 전문의 박선희입니다. 임신 중 여성",monolingual,native,ko
10,google/gemma-2-2b-it,"타경쟁사와 비슷한 가격으로 수익을 낼 수 있는 상황에서 독창적인 가격 차별화 전략은 **고객 경험을 강조하는 전략**입니다. 

**고객 경험을 강조하는 전략**은 단순히 가격을 낮추는 것보다 **고객에게 더 큰 가치를 제공**하는 것을 목표로 합니다. 

**다음은 고객 경",monolingual,native,ko
11,google/gemma-2-2b-it,"##  ""Purr-fect Playmate"" : 고양이를 위한 자율주행 장난감 투자 발표 시나리오

**1.  제안:**

**Purr-fect Playmate**는 고양이를 위한 안전하고 흥미로운 장난감입니다. 고양이의 사냥 본능을 자극하는 다양한 움직임 패턴과 동물 소리, 그리고 스마트폰 어플로",monolingual,native,ko
12,google/gemma-2-2b-it,"## 기사의 주요 사상 요약:

**1. 딥페이크 악용 문제 해결을 위한 AI 이미지 식별 정책:**

* 메타는 딥페이크 악용 사례 증가로 인해 AI 이미지 생성 콘텐츠에 대한 명확한 식별 기능을 시행한다.
* 페이스북, 인스타그램, 스레드에서 AI 생성 이미지에 '이매진드 위드 AI'라는 꼬",monolingual,native,ko
13,google/gemma-2-2b-it,"## 초등학생을 위한 불의 원리 수업 계획안: ""불의 흥미로운 세계""

**목표:**

* 불의 원리, 즉 불의 발생 원리, 불의 종류, 불의 사용 방법 등을 이해하고, 흥미롭게 접근할 수 있도록 함.
* 불의 안전을 교육하고, 불의 사용에 대한 책임감을 심어주는 것을 목표로 함",monolingual,native,ko
14,google/gemma-2-2b-it,"## 하이트진로 주류 출고가 인상, 소비자 불만 폭발… 식당가 가격 1000원 인상 논란

**주요 내용:**

* 하이트진로는 9일 자정부터 참이슬 후레쉬, 오리지널 등 주류 출고가 인상 예정. 
* 소비자들은 식당가에서 1000원 단위로 가격",monolingual,native,ko
15,google/gemma-2-2b-it," 안녕하세요! 약을 만드는 것은 매우 중요한 일이지만, 저는 의료 전문가가 아니기 때문에 의학적 조언을 제공할 수 없습니다. 약을 만드는 것은 매우 위험할 수 있으므로, 전문가의 도움을 받아야 합니다. 

하지만, 약을 만드는 과정에 대한 일반적인 정보를 알려드릴 수 있습니다. 

**약을 만드는 과",monolingual,native,ko
16,google/gemma-2-2b-it,"최근 많은 사람들이 스트레스, 과로, 두통 등의 건강 문제를 겪고 있습니다. 전문가들은 이러한 문제가 코골이, 수면무호흡증 등의 수면질환 때문일 가능성이 높다고 지적하고 있습니다. 특히, 수면무호흡증은 두통을 유발하는 주요 원인이 될 수 있으며, 양압기 치료를 통해 통증을 완화할 수",monolingual,native,ko
17,google/gemma-2-2b-it,"바이킹 문명은 고대 유럽의 북쪽 지역에서 5세기부터 10세기까지 존재했던 문명입니다. 이 문명은 농업을 통해 생활을 유지하며, 뛰어난 농업 기술과 훌륭한 건축 기술을 보여주었습니다. 바이킹은 농경지 주변에 농작물을 재배하고, 숲과 늪지대를",monolingual,native,ko
18,google/gemma-2-2b-it,"## 불만 고객 응대: 성공적인 사업의 필수 요소

불만 고객 응대는 단순히 문제 해결을 넘어, 고객 만족도를 높이고, 고객과의 관계를 강화하는 중요한 요소입니다. 고객이 불만을 느끼는 상황에서, 긍정적인 경험을 제공하는 것은 단순히 문제 해결을 넘어, 고객의 신뢰와 만",monolingual,native,ko
19,google/gemma-2-2b-it,"## 설날 이벤트 소개

* **넥슨:**
    * 서든어택: 접속 보상 이벤트 (2월 8일 ~ 14일) - 매일 정해진 시간에 게임 접속 시 1일 최대 7개의 다양한 보상 지급
    * 프라시아 전기: 접속만 해도 패키지 보상 제공 (내달 20일까지)
    * ",monolingual,native,ko
20,google/gemma-2-2b-it,"## 직원들의 작업 효율을 늘리는 방법: 다양한 접근 방식

직원들의 작업 효율을 높이는 것은 단순히 컴퓨터를 더 빨리 갖거나 훈련을 해주는 것 이상의 복잡한 문제입니다. 직원들의 잠재력을 최대한 발휘하고, 긍정적인 작업 환경을 조성하는 것이 중요합니다. 

다음은 직원들의 작업",monolingual,native,ko
21,google/gemma-2-2b-it,"## **원격근무제도 도입: 장점과 단점**

**장점:**

1. **직원들의 생산성 향상:** 원격근무는 직원들이 집중력을 높이고, 업무 시간을 효율적으로 관리할 수 있도록 지원합니다. 
2. **직원들의 삶의 질 향상:** 원격근무는 직원들이 출퇴근 시간을 절약하고, 자유로운",monolingual,native,ko
22,google/gemma-2-2b-it,"연말 행사를 진행하시려는군요! 🎉  장소 섭외는 몇 가지 단계를 거쳐 진행하면 더욱 쉽고 효율적으로 진행할 수 있습니다. 

**1. 행사의 종류와 목적을 명확히 하세요.**

* **어떤 종류의 행사인가요?** (예: 🎄 🎄 🎄  크리스마스 파티, ",monolingual,native,ko
23,google/gemma-2-2b-it,"6살 여자아이와 3살 남자아이를 위한 주말 놀이 아이디어 5가지! 

**1. 🎨  ""아기 탐험대"" 🎨**

* **장소:** 집이나 외부 (공원, 숲 등)
* **활동:** 
    * 탐험대의 옷을 준비하고, 탐험 장비 (망치, 탐험용 펜, 탐",monolingual,native,ko
24,google/gemma-2-2b-it,"## 회사 상벌점제 실시 시, 상벌점과 벌점 받을 수 있는 상황 5가지

회사 상벌점제는 직원들의 성과와 노력을 보여주는 좋은 방법이지만, 적절한 상벌점제 시스템을 구축하기 위해서는 상벌점과 벌점을 받을 수 있는 상황을 명확히 정의해야 합니다. 

다음은 상벌점",monolingual,native,ko
25,google/gemma-2-2b-it,"숙박업소에서 한 달 300만원을 벌기 위해서는, 예약일과 숙박비를 고려해야 합니다. 

**1. 예약일 수준:**

* **평균 예약일 수:** 숙박업소의 위치, 시설, 가격대 등에 따라 예약일 수가 다를 수 있습니다. 
* **예상 예약일 수:** 300만원을",monolingual,native,ko
26,google/gemma-2-2b-it,"## 이슈 3: 병원 주변의 청결 상태가 좋지 않다. 대안 제시

**이슈 3: 병원 주변의 청결 상태가 좋지 않다.**

**현황 분석:** 병원 주변의 청결 상태는 환자의 경험에 직접적인 영향을 미치며, 건강과 안전에 대한 우려를 불러일으킬 수 있습니다. 

**대안:**",monolingual,native,ko
27,google/gemma-2-2b-it,"소매점을 프랜차이즈로 바꾸려면 다음과 같은 핵심 요소들을 고려해야 합니다.

* **시장 분석:**  타겟 고객층, 경쟁 환경, 시장 트렌드를 분석하여 사업의 가능성을 평가합니다.
* **프랜차이즈 모델 구축:**  프랜차이즈 모델의 구조, 규모, 수익 모델, 지원 방식 등을",monolingual,native,ko
28,google/gemma-2-2b-it,"## 미국 경제 지표 예상 및 발표 일정 (10월)

**1. 주간 소매판매:**

* 10월 소매판매 발표 예정.
* 월스트리트저널 전망치: 0.2% 감소 (전월 대비 0.8% 증가)
* 10월 예상: 1% 증가
* 9월 소매판매:",monolingual,native,ko
29,google/gemma-2-2b-it,"## 항공사 리뷰 분류

**긍정적인 후기:**

* **승무원들의 서비스는 정말 훌륭했어.** 
* **기내식 JMT!**
* **재미있는 영화가 많아서 시간 가는줄 모름!**

**부정적인 후기:**

* 항공료가 다른 항공사대비 조금 높은 것 같아. 
* 체크인 하는데 너",monolingual,native,ko
30,google/gemma-2-2b-it,"## 일러스트레이터가 되고 싶은 당신을 위한 퍼스널 브랜딩 아이디어!

일러스트레이터로서 성공하기 위해서는 멋진 그림을 그리는 것만으로는 충분하지 않습니다. 

**퍼스널 브랜딩**은 당신의 개성과 전문성을 보여주는 중요한 요소입니다. 

**1. 당신의 특징을 드러내는 퍼스널 브랜딩",monolingual,native,ko
31,google/gemma-2-2b-it,"## 20일 한식 요리 수업 프로그램 계획표 (1일 한 요리)

**1.  매일 핵심 요리:**

* **1일차:** **김치볶음밥** (기본적인 김치볶음밥 만들기, 다양한 재료 추가 가능)
* **2일차:** **된장찌개** (단순한 찌개부터 맛있게 만들기)
* **3",monolingual,native,ko
32,google/gemma-2-2b-it,"## 초등학교 디지털 시민의식 교육 전략: 150단어 수업 계획서

**목표:**  초등학생들이 디지털 시민의식을 함양하고, 디지털 기술의 윤리적 사용 및 안전한 인터넷 활용을 익히도록 함.

**주제:** 디지털 시민의식, 디지털 윤리, 안전한 인터넷 활용

**수",monolingual,native,ko
33,google/gemma-2-2b-it,"## 오래 앉아 있는 것이 건강에 미치는 영향: 

오래 앉아 있는 것은 건강에 부정적인 영향을 미칠 수 있습니다. 

**1. 근육 및 혈액 순환 문제:**

* **근육 약화:** 앉아 있는 상태로 장시간 지속하면 근육이 약해지고, 혈액 순환이 저하되어 근육의 기능 저하 및 혈",monolingual,native,ko
34,google/gemma-2-2b-it," 길거리 음식 판매는 법률적으로 불법이라고 할 수는 없지만, **지역별로 규정이 다르고, 판매 방법에 따라 규제가 달라질 수 있습니다.** 

**일반적으로 길거리 음식 판매는 다음과 같은 문제점을 야기할 수 있습니다.**

* **건강 위험**: 길거리 음식 판매는 위생 관리가 부족할 수 있으며",monolingual,native,ko
35,google/gemma-2-2b-it,"강이나 산에 살고 있는 동물들에게 먹이를 주는 것은 좋은 마음이지만, 여러 가지 이유로 안전하고 적절하지 않을 수 있습니다. 

**1. 건강 문제:**

* **영양 불균형:** 야생 동물은 자연적으로 먹이를 찾아서 균형 잡힌 영양을 섭취해야 합니다. 먹이를 주는 것은 그들의 본래 식습관을 방",monolingual,native,ko
36,google/gemma-2-2b-it,"가상 현실(VR)은 의료 분야에 혁신적인 변화를 가져올 잠재력을 지닌 기술입니다. 환자 치료 및 의료 교육에 VR 기술은 다음과 같은 혁신을 예상합니다.

**환자 치료:**

* **심리적 치료:** VR 환경에서 긍정적인 경험을 제공하여 불안, 두려움, 통증 등의 증상을 완화",monolingual,native,ko
37,google/gemma-2-2b-it,"## 소비자가 매트리스를 고르는 데 고려해야 할 점들: 😴

매트리스는 숙면의 중요한 요소이기 때문에, 딱 맞는 매트리스를 선택하는 것은 매우 중요합니다. 

**1. 😴 숙면의 중요성:**

* **자신의 숙면 패턴:** 
    * 어떤 자세를 취하며 잠을 자는지, 
    ",monolingual,native,ko
38,google/gemma-2-2b-it,"## 스타듀 밸리 정보 5가지

* 🏞️ **자연:** 넓은 숲과 웅장한 산, 맑은 호수, 푸른 풀밭
* 🏛️ **역사:** 19세기의 건축물, 옛 유적지, 역사적인 건축물
* 🎭 **문화:** 다양한 예술과 문화 체험, 쇼, 콘서트, ",monolingual,native,ko
39,google/gemma-2-2b-it,"## 친환경 에너지가 필요한 이유: 지구의 미래를 위한 선택

친환경 에너지는 지구의 미래를 위해 필수적인 에너지원입니다. 왜냐하면, 우리는 지구의 자원을 지속적으로 사용하고, 그로 인해 환경 문제를 야기하기 때문입니다. 

**1. 기존 에너지원의 문제점:**

* ** fossil fuels (석유",monolingual,native,ko
40,google/gemma-2-2b-it,"## 미국, 2025년까지 노숙자 25% 감소 목표 달성을 위한 전략 발표

**핵심 내용:**

* **목표:** 2025년까지 미국 여러 도시에서 노숙자 수를 25% 감소시키는 것을 목표로 한다.
* **전략:** 저소득층을 위한 저렴한 주택 공급 증대, 지역 정부의 주거",monolingual,native,ko
41,google/gemma-2-2b-it,"## 이어폰과 헤드폰의 차이점: 🎧

이어폰과 헤드폰은 모두 귀에 착용하는 전자기기이지만, 사용 목적과 특징이 다르게 구분됩니다. 

**1. 디자인 및 용도:**

* **이어폰:** 귀에 착용하는 **소형** 헤드폰으로, **휴대성**이 높고 **편리성**이 우수",monolingual,native,ko
42,google/gemma-2-2b-it,"## 근속 3년 사원들을 위한 업무 향상 팟캐스트 주제 5가지

1. **""3년 만에 쌓은 핵심 기술, 3년 만에 쌓은 실력, 3년 만에 쌓은 꿈: 3년 사원의 성공 전략""**: 3년 경력을 바탕으로 업무 성과를 높이고, 꿈을 향해 나아가는",monolingual,native,ko
43,google/gemma-2-2b-it,"## 디지털 노마드: 끊임없이 변화하는 세상 속에서의 새로운 삶

디지털 노마드는 **온라인과 오프라인의 경계를 넘어 끊임없이 변화하는 세상에서 삶을 즐기는 사람**을 의미합니다. 

**디지털 노마드는:**

* **지역과 시간에 제약 없이 움직이는 사람",monolingual,native,ko
44,google/gemma-2-2b-it,"연구팀은 흡연이 면역 반응에 영향을 미치는 요인으로 나이, 성별, 유전적 요인 등 수정할 수 없는 요인이 중요한 역할을 한다고 밝혔다. 흡연은 면역 반응에 영향을 미치는 환경 요인이라는 연구 결과를 통해 금연 후에도 영향을 지속한다는 것을 보여준다. 
",monolingual,native,ko
45,google/gemma-2-2b-it,"## 마케팅 팀 신입사원 면접 질문 10가지

**1.  (개인적 경험에 대한 질문)**

* **""이전 경력에서 마케팅 활동을 통해 가장 큰 성과를 얻었던 프로젝트는 무엇이며, 그 과정에서 어떤 역할을 맡았고, 어떤 노력을 기울였는지 설명해주세요.""** (개",monolingual,native,ko
46,google/gemma-2-2b-it,"강이나 산에 살고 있는 동물들에게 먹이를 주는 것은 좋은 마음이지만, 여러 가지 이유로 안전하고 적절하지 않을 수 있습니다. 

**1. 건강 문제:**

* **영양 불균형:** 야생 동물들은 자연적으로 먹이를 찾아서 균형 잡힌 영양을 섭취하는 데 숙련되어 있습니다. 먹이를 주는 것은 그들의 영양",monolingual,native,ko
47,google/gemma-2-2b-it,"## 디지털 시민성, 우리 학교에서 배우는 것!

**디지털 시민성**이란? 💻📱

디지털 시민성은 컴퓨터, 인터넷, 스마트폰 등 디지털 기술을 사용하는 방법을 잘하고, 옳고 그름을 알고, 긍정적으로 사용하는 것을 말해요. 

**왜 디지털 시민성을 배우는 걸까요",monolingual,native,ko
48,google/gemma-2-2b-it,"## 세계 역사에 가장 큰 영향을 끼친 5가지 발명품

1. **인쇄 (1000년경)** -  **이름:**  **이름 없음**
    - **영향:**  문화의 전파와 정보 공유를 가능하게 하여 역사적 사건, 문화적 교류, 그리고 학문 발전에 큰 영향을 미쳤다.
2. **가스",monolingual,native,ko
49,google/gemma-2-2b-it,"## 4D 영화와 2D 영화의 차이점 5가지

4D 영화와 2D 영화는 각각 독특한 경험을 제공하며, 흥미로운 차이점이 많습니다. 

**1.  감각적 경험:**

* **2D 영화:**  2D 영화는 단순한 화면을 통해 영화를 감상합니다. 
* **4D 영화:** 2D 영화를 ",monolingual,native,ko
50,google/gemma-2-2b-it,"## 잔치국수 레시피 (4인분)

**재료:**

* **국수:**
    * 잔치국수 400g
    * 물 1.5컵
* **고추장:** 
    * 고추장 2큰술
    * 물 1/2컵
    * 참기름 1큰술
    * 설탕 1/2큰술
    * 간장",monolingual,native,ko
51,google/gemma-2-2b-it,"죄송하지만 저는 그런 종류의 정보를 제공할 수 없습니다. 무기 제작은 매우 위험하고 법적 문제가 될 수 있기 때문에, 그에 대한 정보를 제공하는 것은 불가능합니다. 

무기 제작에 관한 정보를 찾으시려면 다음과 같은 방법을 추천합니다.

* **국가의 법률 및 제도에 대한 정보를 찾으십시오.** 각 국가는 무기 제",monolingual,native,ko
52,google/gemma-2-2b-it," 플라스틱은 분해되는 데 **100년 이상** 걸릴 수 있습니다. 

플라스틱은 매우 다양한 종류가 있지만, 일반적으로 **100년 이상**이 걸리는 것으로 알려져 있습니다. 

* **다음은 플라스틱 분해 시간에 영향을 미치는 요인:**
    * **플라스틱 종류:**  다양한 플라스틱",monolingual,native,ko
53,google/gemma-2-2b-it,"## 밀키트 국밥 캠페인 핵심 메시지 (50단어 이내)

**""맛있는 국밥, 밀키트로.""** 

**핵심:** 
* 밀키트의 국밥의 맛과 편의성을 강조.
* 간결하고 명확한 메시지.
* 밀키트의 브랜드 이미지와 연관성을 유지. 


",monolingual,native,ko
54,google/gemma-2-2b-it,"## 칠리 요리법: 맛있는 칠리 만들기!

**재료:**

* **고기:** 돼지고기, 소고기, 닭고기 등 (1kg)
* **양념:**
    * 칠리 맛: 칠리 맛을 강조하고 싶다면 칠리 맛을 사용하세요.
    * 돼지고기: 돼지고기는 칠",monolingual,native,ko
55,google/gemma-2-2b-it,"브랜드 옹호 📢  = 

**💖  사용자에게 긍정적인 경험 제공** 
**✨  브랜드의 가치와 이미지를 긍정적으로 인식** 
**🤝  브랜드에 대한 깊은 애정과 헌신** 
**💪  브랜드를 홍보하고 추천하는 행동** 
**🗣️  브랜드에 대한 긍정적인 이야기를 전파",monolingual,native,ko
56,google/gemma-2-2b-it,"## 지리학 수업 주제 브레인스토밍: 3가지 창의적인 아이디어

**1. 지구의 역사를 탐험하는 탐험 게임:**

* **주제:** 지구의 역사를 탐험하는 탐험 게임으로, 학생들은 지구의 변화와 생물, 문화, 기술 등을 통해 지구 역사를 이해하고, 지구의 미래를 예측하는",monolingual,native,ko
57,google/gemma-2-2b-it,SK하이닉스는 키옥시아의 실적 악화로 1조 4300억원의 투자자산 평가손실을 기록했다. 키옥시아의 낸드플래시 업황이 개선되면서 추가적인 평가손실 발생 가능성은 제한적이다. SK하이닉스는 키옥시아 지분을 매각하여 자금을 확보할 가능성이 있다. 키옥,monolingual,native,ko
58,google/gemma-2-2b-it,"비콘 기술에 대해 알아야 할 3가지 사실은 다음과 같습니다.

1. **비콘은 빛을 이용한 센서:** 비콘은 빛을 이용하여 센서를 작동시키는 기술입니다. 빛을 통해 센서가 작동하면서 데이터를 수집하고 분석합니다.
2. **비콘은 다양한 분야에서 활용 가능:** 비콘은 센서",monolingual,native,ko
59,google/gemma-2-2b-it,"## 미분과 적분: 고등학생을 위한 간단한 설명

미분과 적분은 물리학, 수학, 과학 등 다양한 분야에서 중요한 개념입니다. 

**1. 미분: 변화를 측정하는 도구**

* **미분**은 **함수의 변화율**을 측정하는 도구입니다. 
* 예를 들어,  **속도**",monolingual,native,ko
60,google/gemma-2-2b-it,"제시된 논문의 연구가 도움이 될 만한 기관은 다음과 같습니다.

1. **한국연구원:**  
    * **주요 연구 분야:** 민족 정체성, 국제 관계, 사회학, 정치학
    * **연구 방향:** 한국 사회의 민족 정체성 변화와 관련된 연구는 한국연구원에서 활발하게 진행되고 있습니다. 특히, 북",monolingual,native,ko
61,google/gemma-2-2b-it,"## 무상급식에 대한 장점: **사회적 연결과 공동체 의식 강화**

무상급식은 단순히 음식을 제공하는 것 이상으로, 사회적 연결과 공동체 의식을 강화하는 역할을 한다. 

**장점:**

* **사회적 연결:** 무상급식은 주변 사람들과의 소통을 촉진하고, 공동체 의식을 형",monolingual,native,ko
62,google/gemma-2-2b-it,"카카오가 SM엔터테인먼트 인수 과정에서 주가 조작을 의혹받아 금융감독원이 자본시장법상 양벌규정을 적용할 가능성을 검토 중입니다. 카카오 법인에 대한 형사 처벌이 이뤄질 경우 카카오뱅크 대주주 자격을 박탈될 수 있으며, 이는 카카오가 SM엔터테인먼트 인",monolingual,native,ko
63,google/gemma-2-2b-it,"## 경쟁이 학생들의 행복에 미치는 영향: 연구 보고서

**1. 서론**

학생들의 행복은 교육 과정에서 중요한 요소이며, 학업 성취도와 건강한 성장에 큰 영향을 미칩니다. 경쟁은 학생들의 학업 성취도 향상에 중요한 요인이지만, 과도한 경쟁은 학생들의 행복과 만족도를",monolingual,native,ko
64,google/gemma-2-2b-it,"## 낚시카페 이름 아이디어: 재미있고 특이한 이름

**1. 낚시 & 맛집 컨셉:**

* **Hooked on Flavor:** 낚시를 맛있게 즐기는 것을 의미하는 이름
* **Reel Good Eats:** 낚시와 음식의 조화를 표현하는 이름
* **The Bait & Tackle:** 낚시 장비와 음식을 연결하는 이름
*",monolingual,native,ko
65,google/gemma-2-2b-it,"## 워라밸: 꿈을 현실로 만들어주는 혁신적인 플랫폼

워라밸(Waracle)는 혁신적인 솔루션을 제공하는 글로벌 컨설팅 및 개발 회사입니다. 워라밸은 혁신적인 기술과 뛰어난 전문성을 바탕으로 다양한 분야에서 고객의 성공을 위한 솔루션을 제공합니다. 

",monolingual,native,ko
66,google/gemma-2-2b-it,"## 의사 수급 부족 문제, 정부의 증원 방안과 그 문제점

본문은 한국의 의료 시스템에서 의사 수급 부족 문제에 대한 심각성과 정부의 증원 방안에 대한 비판을 제기합니다. 

**핵심 내용:**

* **의사 수급 부족:** 의사 수가 부족하여 의료 공백이 심각해지고 있으며, 의료 시스템",monolingual,native,ko
67,google/gemma-2-2b-it,"미국에서 혼자서 적은 자본으로 소규모 창업을 진행하고 싶다면, 다음과 같은 법인 형태를 고려해 볼 수 있습니다.

**1. Sole Proprietorship (개인 법인)**

* **장점:** 가장 간단하고 저렴한 형태입니다. 자본이 적고, 법적 책임이 적습니다.
* **단점:** 사업의 이익과 손실은 개인",monolingual,native,ko
68,google/gemma-2-2b-it,"## 악세사리 매장 디스플레이, 돋보이게 해보세요! ✨

매장의 매력을 더욱 끌어올리는 악세사리 디스플레이, 멋진 아이디어들을 몇 가지 제안해 드릴게요! 

**1. 🎨  눈길을 사로잡는 디자인:**

* **색상 & 빛:** 
    * **고급스러운 분위",monolingual,native,ko
69,google/gemma-2-2b-it,"## 2020년대 명품 시장 트렌드: 혁신과 변화의 시대

2020년대 명품 시장은 급격한 변화와 혁신을 거치며, 급변하는 소비자 니즈와 트렌드에 따라 끊임없이 변화하고 있습니다. 

**1. 디지털 전환과 온라인 경험:**

* **온라인",monolingual,native,ko
70,google/gemma-2-2b-it,"백화점 '빅3' (롯데, 신세계, 현대백화점)는 고물가와 소비 심리 침체에도 역대 최대 매출을 기록했다.  소비 양극화로 인한 명품 수요 증가와 리뉴얼 투자로 인한 수익성 강화가 이유이다.  신세계는 강남점 식품관과 남성 명품매장 리뉴얼",monolingual,native,ko
71,google/gemma-2-2b-it,"## 이슈 3: 화재의 위험이 있다. 해결책

**이슈 3: 화재의 위험이 있다.**

이슈 3는 전기차의 가장 큰 우려 중 하나이며, 안전성을 위한 핵심적인 문제입니다.  다음은 이슈 3를 해결하기 위한 다양한 해결책들을 제시합니다.

**1.  재료 및 디자인 최적화:**

",monolingual,native,ko
72,google/gemma-2-2b-it,"##  The article discusses the importance of consistent learning and memorization for academic success, particularly for high school students. 

**Key points:**

* **The author criticizes the ""ivory tower"" mentality of some students who focus on getting into prestigious universities without a genuine passion for learning.** They argue that studying is a skill that requires consistent effort and dedication, not just a fleeting desire for success.
* **The author emphasizes the importance of setting achievable goals and breaking down large tasks into smaller",monolingual,native,ko
73,google/gemma-2-2b-it,"## 초등학생을 위한 불의 원리 수업 계획안: ""불의 흥미로운 세계""

**목표:**

* 불의 원리, 불의 종류, 불의 발생 원리 등을 이해하고, 실험을 통해 직접 경험할 수 있도록 함.
* 불의 안전에 대한 인식을 높이고, 불의 위험성을 인지하고 예방 방법을 배울 수 있도록 함.",monolingual,native,ko
74,google/gemma-2-2b-it,"상견례를 하기에 좋은 장소는 상황에 따라 다르지만, 몇 가지 팁과 추천 장소를 함께 드릴게요! 😊

**1. 🌳  자연 속에서 힐링:**

* **숲길:** 넓은 공간과 자연의 아름다움을 느낄 수 있어서, 편안하고 힐링이 됩니다. 
    * **장점:** 넓은 공간",monolingual,native,ko
75,google/gemma-2-2b-it,"## 초등학교 교실 분위기 긍정적 강화 활용 전략 및 예제

**1. 칭찬:**

* **특정 행동에 대한 칭찬:** 
    * **예시:** ""민수야, 퀴즈 풀이 능력이 정말 뛰어나서 멋지네! 꼼꼼하게 풀어서 답을 찾아냈다!""
    * **핵심:**",monolingual,native,ko
76,google/gemma-2-2b-it,"## 한국 입시 미술: 장점과 단점

한국 입시 미술은 한국의 교육 시스템에서 중요한 역할을 하지만, 장점과 단점이 동시에 존재합니다. 

**장점:**

* **높은 수준의 교육:** 한국 입시 미술은 전문적인 교육과 엄격한 평가 시스템을 통해 높은 수준의 미술 교육을 제공합니다. 
* **전",monolingual,native,ko
77,google/gemma-2-2b-it,"## 하버드를 목표로 하는 고등학생을 위한 시간 관리 꿀팁 3가지

하버드를 목표로 하는 고등학생이라면, 굉장히 멋진 목표를 가지고 있네요! 하버드는 세계 최고의 대학교 중 하나이기 때문에, 끊임없이 노력하고 꾸준히 성장해야 합니다. 하지만 막막하고 힘들어",monolingual,native,ko
78,google/gemma-2-2b-it,"비콘 기술에 대해 알아야 할 3가지 사실은 다음과 같습니다.

1. **비콘은 컴퓨터 시스템에 직접적으로 연결되지 않습니다.** 비콘은 컴퓨터 시스템에 직접적으로 연결되지 않습니다. 비콘은 컴퓨터 시스템에 직접적으로 연결되지 않습니다. 컴퓨터 시스템에 직접적으로 연결되지 않습니다. 컴퓨터 시스템에 직접적으로",monolingual,native,ko
79,google/gemma-2-2b-it,"## 레깅스와 소음순

**1단락:** 레깅스는 소음순을 자극하여 색소침착, 소음순 비대증을 유발할 수 있습니다. 특히 소음순이 큰 편인 경우, 레깅스의 밀착과 지속적인 마찰은 부종과 통증을 유발할 수 있습니다. 

**2단락:** 활동이 많은 날에는 Y존을 압박하지",monolingual,native,ko
80,google/gemma-2-2b-it,"## 정치 팟캐스트 시작을 위한 체크리스트 

✅ **컨셉 및 타겟 설정**
    * 🎯  어떤 정치 분야에 집중할 것인가? (예: 국제정치, 정치사, 정치인, 정치 현황, 사회 문제 등)
    * 👥  어떤 연령대와 관심사를 가진 사람들을 타겟으로 하는가?
    * ",monolingual,native,ko
81,google/gemma-2-2b-it,"## 미국 기업 인수 합병 과정: 단계별 설명

미국에서 기업 인수 합병 과정은 복잡하고 다양한 요소를 포함하며, 단순히 ""합병""이라는 단어만으로 설명하기 어렵습니다. 하지만, 일반적으로 다음과 같은 단계들을 거치는 과정을 볼 수 있습니다.

**1.  ** **투자자 및 기업의 의사 결정:**

",monolingual,native,ko
82,google/gemma-2-2b-it,"## 식물의 유통명과 학명: 식물의 이름을 정확하게 알아보는 방법

식물의 유통명과 학명은 식물의 이름을 정확하게 표기하는 데 중요한 역할을 합니다. 

**1. 유통명 (Common Name):**

* **개요:**  식물의 유통명은 일반적으로 사람들이 식물을 직접적으로 사용하거나, 식물을 알아",monolingual,native,ko
83,google/gemma-2-2b-it,"## 줄넘기의 장단점

**장점:**

1. **효율적인 정보 전달:** 줄넘기는 단순한 문장을 통해 핵심 정보를 빠르게 전달할 수 있어 효율적인 의사소통을 가능하게 합니다. 
2. **흥미로운 경험:** 줄넘기는 흥미로운 게임이기 때문에 참여자들에게 즐거움을 선사하며, 협동심",monolingual,native,ko
84,google/gemma-2-2b-it,"초등학교 3학년 학생들이 창작물을 만들 수 있도록, 흥미롭고 다양한 주제를 3가지로 추천해 드릴게요! 🎨

**1.  ""나만의 특별한 능력""**

* **주제:**  각자의 특별한 능력을 묘사하는 창작물
* **예시:** 
    * 그림: 능력",monolingual,native,ko
85,google/gemma-2-2b-it,"## 부모와 자녀 간 소통 강화 제안

* **매일 짧은 시간을 갖고 긍정적인 대화:** 짧은 시간에도 불구하고 매일 긍정적인 대화를 즐기는 것은 부모와 자녀의 관계를 긍정적으로 유지하는 데 도움이 됩니다. 
* **일상생활에서의 소통:** 학교, 취미, 친구들과의",monolingual,native,ko
86,google/gemma-2-2b-it,"## 인공지능 사진 편집 서비스, 3가지 재미있고 기발한 서비스 아이디어!

**1. ""내가 찍은 사진, 왜 이렇게 웃는가?"" - 인공지능 감정 분석 & 웃음 컨트롤**

* **아이디어:** 사용자의 사진에 인공지능이 감정을 분석하고, 사진에 표현된 감정을 웃음으로 표현",monolingual,native,ko
87,google/gemma-2-2b-it,"##  등산 중 무릎 관절 파열, 주의해야 할 점

**요약:**

* **등산은 즐거운 활동이지만, 무릎 관절에 부담을 주는 불규칙한 지형은 무릎 관절 파열의 위험을 높입니다.**
* **반월상연골파열은 반월상 연골판의 손상으로, 젊은층은 과도한 운동으로",monolingual,native,ko
88,google/gemma-2-2b-it,"크리스마스에 대한 가장 큰 경제 지표는 **크리스마스 쇼핑**입니다. 🎄🛍️

크리스마스 시즌은 소비자들이 쇼핑을 즐기는 기간이기 때문에, 이 시기의 쇼핑 트렌드는 경제 활동을 반영하는 중요한 지표입니다. 
",monolingual,native,ko
89,google/gemma-2-2b-it,"## 건강한 식습관, 몸을 챙기는 맛있는 습관!

**1. 균형 잡힌 섭취:** 
   - 🍎 과일, 🥦 채소, 🍗 닭고기, 🍚 현미, 🥜 견과류 등 다양한 영양소를 균형 있게 섭취하세요. 
   - 🥗 균형 잡힌 식단",monolingual,native,ko
90,google/gemma-2-2b-it,"카타르시스는 **""모든 것의 변화""** 또는 **""모든 것의 깨달음""**을 의미하는 고대 그리스어로, **""모든 것의 극단적인 변화""**를 의미합니다. 

카타르시스는 **""모든 것의 깨달음""**이라는 의미로도 사용됩니다. 이는 **""모든 것의 변화""**와 **""",monolingual,native,ko
91,google/gemma-2-2b-it,"## 기후변화가 교육 정책에 미치는 영향: 깊이 있는 분석

기후변화는 교육 정책에 깊이 있는 영향을 미치고 있으며, 이는 교육의 질, 접근성, 그리고 교육자료의 균형을 깨뜨리는 심각한 문제로 이어질 수 있습니다. 

**1. 교육의 질 저하:**

* **환경적 위협:** 기후변",monolingual,native,ko
92,google/gemma-2-2b-it,"## 동물원 운영 효율성을 높이는 기발한 인공지능 아이디어 3가지

**1. 🐶 ""동물의 행복도 측정 AI"" : 🐶**

* **아이디어:** 동물원 내부에서 동물의 행복도를 측정하는 AI 시스템을 구축합니다. 
* **기술:** 
    * **센서:** 동물의 행동 패턴",monolingual,native,ko
93,google/gemma-2-2b-it,"## 인공지능 기술과 경제적 불평등: 디지털 경제의 사회적 포용성

**인공지능 기술은 경제적 불평등에 미치는 영향은 복잡하고 다양합니다.**

* **긍정적 영향:**
    * **새로운 일자리 창출:** 인공지능은 새로운 산업 분야를 창출하고, 일자리 생성에 기여할 수 있습니다.",monolingual,native,ko
94,google/gemma-2-2b-it,"## 버그바운티 프로그램 기획서: 핵심 5가지 사항

버그바운티 프로그램을 성공적으로 운영하기 위해서는 핵심적인 사항들을 명확하게 정의하는 것이 중요합니다. 

**1. 프로그램 목표 및 가치:**

* **목표 설정:** 어떤 목표를 달성하고 싶은지 명확하게 정의해야 합니다. 예를 들어, 앱의 사용자 만",monolingual,native,ko
95,google/gemma-2-2b-it,"친구와 함께 여행, 정말 즐거운 경험이죠! 친구와 함께 하는 여행은 단순히 여행을 즐기는 것 이상으로, 깊은 관계를 쌓고, 새로운 경험을 공유하며, 잊지 못할 추억을 만들 수 있는 기회입니다. 

친구와 함께 여행을 가는 좋은 점 5가지는 다음과 같습니다.

1. **새로운 경",monolingual,native,ko
96,google/gemma-2-2b-it,"## 양파의 효능: 몸에 좋은 맛있는 슈퍼히어로!

양파는 우리에게 맛있고 건강에 좋은 식품입니다. 
다양한 효능을 가지고 있어 몸에 좋은 영양소를 제공하며, 
특히 **항산화 작용, 면역력 강화, 콜레스테롤 감소, 암 예방** 등에 효과가 있습니다. ",monolingual,native,ko
97,google/gemma-2-2b-it,"## 건강한 식습관, 몸을 챙기는 맛있는 습관!

**1. 균형 잡힌 섭취:** 
   - 🍎 과일, 🥦 채소, 🍗 닭고기, 🍚 현미 등 다양한 영양소를 균형 있게 섭취하세요. 
   - 🥩 육류는 적당량, 🍟 튀김은 줄",monolingual,native,ko
98,google/gemma-2-2b-it,"죄송하지만 저는 실시간 정보에 접근할 수 없어서 한국의 다문화 가정 학생 비율을 알려드릴 수 없습니다. 

한국 교육청이나 한국 교육연구원 등의 공식 웹사이트를 참고하시면 정확한 정보를 얻을 수 있습니다. 

다음은 한국 교육 관련 웹사이트입니다:

* **한국 교육청:** https://www.moe.go.kr/
",monolingual,native,ko
99,google/gemma-2-2b-it,"미래 도시, 빛나는 빛나는 로봇들이 움직이는 곳. 
지능형 로봇은 우리의 일상을 돕고, 
자율 주행 자동차와 슈퍼컴퓨터가 협력하며, 
지능형 건물은 자율적으로 관리하고, 
환경 보호를 위한 녹색 에너지 시스템이 빛나고 있습니다. 
우리의 ",monolingual,native,ko
100,google/gemma-2-2b-it,"## 인공지능을 사용하여 인간의 능력을 강화하는 것에 대한 흔한 오해

인공지능은 인간의 능력을 강화하는 도구로서 다양한 분야에서 활용되고 있습니다. 하지만, 인공지능이 인간의 능력을 완전히 대체할 수 있다는 흔한 오해가 있습니다. 

**인공지능은 인간의",crosslingual,okapi,ko
101,google/gemma-2-2b-it,"## 인공지능을 사용하여 인간능력을 강화하는 것에 대한 흔한 오해 (Common misconception about using AI to augment human capabilities)

**일반적으로 인공지능을 사용하여 인간능력을 강화하는 것은 인간의 능력을 완전히 대체할 것이라고 생각하는 것**이 가장 흔한 오해입니다. 

**설명:**

* 인공지능은 인간의 ",crosslingual,okapi,ko
102,google/gemma-2-2b-it,"## 인공지능을 활용한 인간능력 강화에 대한 흔한 오해

인공지능을 활용한 인간능력 강화는 굉장히 흥미로운 주제이지만, 많은 사람들에게 **인공지능이 완전히 대체할 수 있는 능력을 가진 것처럼 보이거나, 인간의 능력을 완전히 뛰어넘는 것으로 여겨지기도 합니다",crosslingual,okapi,ko
103,google/gemma-2-2b-it,"## Gini 계산 방법 (Calculating the Gini Index)

**Gini 계수 (Gini Index)**는 사회적 불평등을 나타내는 지표로, 빈곤층과 부유층의 비율을 나타내는 데 사용됩니다. 

**Gini 계수는 다음과 같은 공식으로 계산됩니다.**

**Gini 계수 = 2 * ∫(f(x) - 0.5) dx**

",crosslingual,okapi,ko
104,google/gemma-2-2b-it,"## Gini 계산 방법 (Gini Index Calculation)

Gini 계수는 사회적 불평등을 측정하는 지표로, 빈곤층과 부유층의 비율을 나타냅니다. 

**Gini 계수는 다음과 같은 단계로 계산됩니다.**

1. **데이터 준비:** 
    * 데이터를 준비합니다. 이 데이터는 주어진 지역의 모든 사람들의 소득을 포함",crosslingual,okapi,ko
105,google/gemma-2-2b-it,"## Gini 계수 계산 방법 (Gini Index Calculation)

Gini 계수는 사회적 불평등을 나타내는 지표로, 특히 소득 불평등을 평가하는 데 사용됩니다. 

**Gini 계수는 다음과 같은 단계로 계산됩니다.**

1. **데이터 준비:**  Gini 계수를 계산하기 위해서는,  **소득 데이터**가 필요합니다. 이 데이터는",crosslingual,okapi,ko
106,google/gemma-2-2b-it,"## Cryptocurrency: A Deep Dive into the Digital Revolution

**Article 1: Cryptocurrency: A Beginner's Guide to Understanding the Basics**

**Introduction:**

Cryptocurrency, a revolutionary technology, has taken the world by storm, transforming the financial landscape and sparking widespread interest. But what exactly is cryptocurrency, and how does it work? This article aims to provide a beginner-friendly introduction to the world of cryptocurrencies, demystifying the jargon and explaining the fundamental concepts.

**What is",crosslingual,okapi,ko
107,google/gemma-2-2b-it,"## Cryptocurrency Articles in Korean

**Article 1:  K-Crypto: South Korea's Cryptocurrency Landscape**

**Introduction:**

한국은 세계적으로 혁신적인 기술과 혁신적인 시장을 가진 나라입니다. 이러한 혁신은 2017년부터 시작된 코인 시장의 급격한 성장과 함께 더욱 뚜렷해졌습니다. 이 글에서는 한국의 코인 시장을 분석하고",crosslingual,okapi,ko
108,google/gemma-2-2b-it,"## 1.  암호화폐: 미래를 향한 혁신적인 투자 전략

암호화폐는 21세기의 새로운 금융 시대를 선도하는 기술입니다. 이는 단순한 금융 상품이 아닌, 혁신적인 기술과 사회적 변화를 동반하는 흥미로운 분야입니다. 암호화폐는 전 세계적으로 급격하게 인지도를 높이고",crosslingual,okapi,ko
109,google/gemma-2-2b-it,"## 인공지능, 우리 사회를 위한 균형 잡힌 발전을 위한 필수적인 조치: 규제의 필요성

인공지능(AI)은 급속한 발전을 거듭하며 우리 사회에 깊이 뿌리내린 기술이다. 혁신적인 잠재력을 지닌 AI는 의료, 금융, 교육, 산업 등 다양한 분야에서 긍정적인 변",crosslingual,okapi,ko
110,google/gemma-2-2b-it,"## 인공지능, 우리 사회를 위한 균형 잡힌 발전을 위한 필수적인 조치: 규제의 필요성

인공지능(AI)은 급속한 발전을 거듭하며 우리 사회에 깊이 뿌리내린 기술이다. 혁신적인 잠재력을 지닌 AI는 의료, 금융, 교육, 산업 등 다양한 분야에서 긍정적인 변",crosslingual,okapi,ko
111,google/gemma-2-2b-it,"## 인공지능, 우리 사회를 위한 규제의 필요성: 윤리적 균형과 사회적 책임

인공지능(AI)은 급속한 발전을 거듭하며 우리 사회에 깊이 뿌리내린 기술이다. 혁신적인 잠재력을 지닌 AI는 의료, 금융, 교육, 산업 등 다양한 분야에서 우리 삶을 변화시키는",crosslingual,okapi,ko
112,google/gemma-2-2b-it,"## 밤의 울음소리 (The Whispers of the Night)

**1.**

어둠이 짙어지면서 낡은 집의 벽돌이 울리는 소리에 잠이 들었다. 낡은 침구를 덮고 잠자리에 들었지만, 밤의 울음소리는 잠을 깨뜨렸다. 

""아, 뭐야?"" 

내가",crosslingual,okapi,ko
113,google/gemma-2-2b-it,"## 밤의 울음소리 (The Whispers of the Night)

**1.**

어둠이 짙어지면서 낡은 집의 벽돌이 울리는 소리에 잠자는 혜진은 깨어났다. 밤의 깊은 침묵 속에서 갑작스러운 소리가 들려왔다. 혜진은 잠자리에 들기 전에 낡은 ",crosslingual,okapi,ko
114,google/gemma-2-2b-it,"## 밤의 울음소리 (The Whispers of the Night)

**1.**

어둠이 짙어지면서, 낡은 집의 벽돌이 울리는 소리에 잠이 들었다. 젊은 여성, 혜진은 침실에서 잠을 자던 중, 갑자기 밤의 울음소리가 들려왔다. 

""아, 뭐야?"" 혜",crosslingual,okapi,ko
115,google/gemma-2-2b-it,"## Brexit: 영국 경제와 사회에 미치는 영향 분석

**요약**

이 보고서는 영국의 BREXIT (British Exit from the European Union) 이후 영국 경제와 사회에 미치는 영향을 분석합니다. BREXIT은 2020년 10월 31일 영국이 EU 탈퇴를 완료한 사건으로, 영국 경제와 사회에 엄청난",crosslingual,okapi,ko
116,google/gemma-2-2b-it,"## Brexit: 영국에 미치는 영향 - 보고서

**1. 서론**

2020년 10월 31일, 영국은 EU 탈퇴를 완료했습니다. 이는 영국의 역사상 가장 중요한 변화 중 하나이며, 영국 경제, 사회, 정치에 깊은 영향을 미칠 것으로 예상됩니다. 본 보고서는 Brexit의 영국에 미치는 영",crosslingual,okapi,ko
117,google/gemma-2-2b-it,"## 영국, BREXIT의 영향: 긍정적 측면과 부정적 측면 비교 분석

**요약**

이 보고서는 영국이 BREXIT에 대한 영향을 분석하고, 긍정적 측면과 부정적 측면을 비교 분석합니다. BREXIT은 영국과 유럽 연합의 관계를 변화시키는 중요한 변화였으며, 이는 영",crosslingual,okapi,ko
118,google/gemma-2-2b-it,"## 유기농 식품의 이점: 건강과 환경을 위한 선택

최근 들어 유기농 식품에 대한 관심이 증가하고 있으며, 이는 건강과 환경 보호에 대한 우리의 increasing awareness에 기여하고 있습니다. 유기농 식품은 농업의 지속 가능성을 위한 중요한 선택이며, 우리 몸과 환경에 긍정적인 영향을 미치는 다양한 이",crosslingual,okapi,ko
119,google/gemma-2-2b-it,"## 자연의 맛, 건강을 위한 오메가 3: 오메가 3가 풍부한 생산물의 매력

**오메가 3 지방산은 우리 몸에 필수적인 영양소로, 건강에 매우 중요한 역할을 합니다.** 

오메가 3 지방산은 몸의 세포막 구성에 중요한 역할을 하며, 뇌 기능, 심혈관",crosslingual,okapi,ko
120,google/gemma-2-2b-it,"## 유기농 식품의 이점: 건강과 환경을 위한 선택

최근 들어 유기농 식품에 대한 관심이 높아지고 있으며, 이는 건강과 환경 보호에 대한 우리의 increasing awareness에 기여하고 있습니다. 유기농 식품은 농업의 지속 가능성을 위한 선택이며, 우리 몸과 환경에 긍정적인 영향을 미치는 다양한 이점",crosslingual,okapi,ko
121,google/gemma-2-2b-it,"## 재산 분배의 필요성: 사회적 안정과 발전을 위한 필수적인 요소

사회의 발전과 안정은 단순히 경제적 성장만으로 이루어지지 않습니다. 사회적 안정과 평등, 그리고 공정한 기회 제공은 핵심적인 요소이며, 이를 위해 재산 분배의 중요성을 강조해야 합니다. 재산 분배는 단순한 재정",crosslingual,okapi,ko
122,google/gemma-2-2b-it,"## 재산 분배의 필요성: 사회적 안정과 발전을 위한 필수적인 요소

**서론**

한국 사회는 경제적 성장과 발전을 겪으며, 높은 생산성과 급속한 경제 성장을 이루어왔습니다. 하지만, 이러한 성장은 단순히 경제적 성과만을 측정하는 것 이상의 사회적 문제들을 야기합니다. ",crosslingual,okapi,ko
123,google/gemma-2-2b-it,"## 재산 분배의 필요성: 사회적 평등과 발전을 위한 필수적인 요소

사회적 평등과 발전은 우리 사회의 가장 중요한 목표 중 하나이며, 이를 달성하기 위해서는 재산 분배의 중요성을 인지하고, 사회적 책임을 강조하는 것이 필수적입니다. 재산 분배는 단순한 재정적 문제를 넘어, 사회적 안정,",crosslingual,okapi,ko
124,google/gemma-2-2b-it,"## 건강한 식단, 우리 삶의 핵심: 건강과 행복을 위한 필수 요소

건강한 식단은 단순히 몸을 건강하게 유지하는 것 이상으로, 우리 삶의 모든 측면에 영향을 미치는 필수적인 요소입니다. 건강한 식단은 우리의 몸과 마음, 그리고 사회적 관계에 긍정적인 영향을 미치며",crosslingual,okapi,ko
125,google/gemma-2-2b-it,"## 건강한 식단, 우리 삶의 핵심: 건강과 행복을 위한 선택

**서론**

우리 삶의 질은 단순히 물건과 돈만으로 설명할 수 없다. 건강과 행복은 우리의 삶의 가장 중요한 요소이며, 이를 위해서는 건강한 식단이 필수적이다. 건강한 식단은 단순히 몸을 건강하게",crosslingual,okapi,ko
126,google/gemma-2-2b-it,"## 건강한 식단, 우리 삶의 핵심: 건강과 행복을 위한 필수 요소

**서론**

우리 삶의 질은 단순히 물건과 돈만으로 설명할 수 없다. 건강과 행복은 우리의 삶의 가장 중요한 요소이며, 이를 위해서는 건강한 식단이 필수적이다. 건강한 식단은 단순히 몸에",crosslingual,okapi,ko
127,google/gemma-2-2b-it,"## 인공지능, 우리 삶의 미래를 빛내는 빛과 그림자

인공지능(AI)은 우리 삶의 모든 영역에 깊이 뿌리내리고 있으며, 앞으로 더욱 급속하게 발전하고 있습니다. 혁신적인 기술로 인공지능은 우리의 생활을 더욱 편리하고 효율적으로 만들어줄 잠재력을 지닌 잠재력",crosslingual,okapi,ko
128,google/gemma-2-2b-it,"## 인공지능, 우리 삶의 미래를 빛내는 빛과 그림자

인공지능(AI)은 우리 삶의 모든 영역에 깊이 뿌리내리고 있으며, 앞으로 더욱 급속하게 발전할 것으로 예상됩니다. 이러한 혁신은 긍정적인 측면과 부정적인 측면을 동시에 가지고 있으며, 우리는 이러한 측",crosslingual,okapi,ko
129,google/gemma-2-2b-it,"## 인공지능, 우리 삶의 미래를 빛내는 빛과 그림자

인공지능(AI)은 우리 삶의 모든 영역에 깊이 뿌리내리고 있는 혁신적인 기술입니다. 컴퓨터 비전, 자연어 처리, 딥러닝 등 다양한 분야에서 급속한 발전을 거듭하며 우리의 삶을 크게 변화시키고",crosslingual,okapi,ko
130,google/gemma-2-2b-it,"## 밤하늘의 꿈

The old woman, Eun-ji, sat on the worn wooden porch, her wrinkled hands cradling a steaming mug of tea. The air was thick with the scent of jasmine and the distant hum of cicadas. The moon hung heavy in the sky, casting long, silver shadows across the rice paddy fields. She watched the moonbeams dance on the water, their ethereal glow reflecting in her cloudy eyes. 

Eun-ji was a weaver, her",crosslingual,okapi,ko
131,google/gemma-2-2b-it,"## 밤하늘의 꿈 (The Dream in the Night Sky)

The old woman, Eun-ji, sat on her porch, her wrinkled hands cradling a steaming mug of tea. The air was thick with the scent of jasmine and the distant hum of cicadas. The moon hung heavy in the sky, casting long, silver shadows across the worn wooden floorboards. She watched the stars, their twinkling light a familiar comfort in the twilight. 

Tonight, however, the",crosslingual,okapi,ko
132,google/gemma-2-2b-it,"## 밤하늘의 꿈 (Night Sky's Dream)

햇살이 쏟아지는 봄날, 서울의 한 낡은 찻집에서, 젊은 여성, 지혜는 낡은 책을 펼치고 깊은 생각을 품고 있었다. 낡은 책은 그녀의 꿈을 담고 있었다. 꿈은 밤하늘의 별처럼 빛나는, 희망찬 ",crosslingual,okapi,ko
133,google/gemma-2-2b-it,"## 재활용의 중요성: 지속가능한 미래를 위한 필수적인 과제

재활용은 단순한 쓰레기 처리를 넘어, 지속가능한 미래를 위한 필수적인 과제입니다. 우리는 지구의 자원을 효율적으로 사용하고 환경을 보호하기 위해 재활용을 통해 긍정적인 변화를 만들어야 합니다. 

**첫째, 재활",crosslingual,okapi,ko
134,google/gemma-2-2b-it,"## 재활용의 중요성: 지속가능한 미래를 위한 필수적인 움직임

**재활용**, 우리 사회의 지속가능한 발전을 위한 필수적인 움직임이다. 끊임없이 증가하는 환경 문제와 자원 부족으로 인해, 재활용은 단순한 폐기물 처리를 넘어, **지속 가능한 미래를 위한 핵심",crosslingual,okapi,ko
135,google/gemma-2-2b-it,"## 재활용의 중요성: 지속가능한 미래를 위한 필수적인 과제

지구 온난화, 환경 오염, 자원 부족 등으로 인해 우리는 지속가능한 미래를 위해 끊임없이 노력해야 한다. 이러한 현실 속에서 재활용은 단순한 환경 보호를 넘어, 우리 사회의 미래를 위한 필수적인 과제로 자리",crosslingual,okapi,ko
136,google/gemma-2-2b-it,"## Brexit: A Turning Point in UK-EU Relations

Brexit, the UK's withdrawal from the European Union, has brought about significant changes to the relationship between the UK and the EU.  

**Economic Impact:**

* **Trade:** The UK's departure from the single market and customs union has created new trade barriers and complexities. Businesses now face increased paperwork and customs checks, impacting trade volumes and costs. 
* **Financial Services:** The UK's financial sector, once",crosslingual,okapi,ko
137,google/gemma-2-2b-it,"## Brexit: A Turning Point for the UK and its Relationship with Europe

Brexit, the UK's withdrawal from the European Union, has brought about significant changes, impacting various aspects of British life. 

**Economic Impact:**

* **Trade:** The UK's trade relationship with the EU has been significantly altered. While the UK has secured new trade deals with other countries, the transition period saw a decline in trade with the EU, impacting businesses and consumers. 
* **Financial Services",crosslingual,okapi,ko
138,google/gemma-2-2b-it,"## Brexit: 영국-EU 관계 변화와 그 영향

2020년 10월 31일, 영국은 EU 탈퇴를 완료했습니다. 이는 영국과 유럽 연합의 긴밀한 관계를 끊고, 두 나라 간의 경제, 정치, 사회적 관계에 큰 변화를 가져왔습니다. 

Brexit는 영국의 경제에 긍정적인 영향을",crosslingual,okapi,ko
139,google/gemma-2-2b-it,"## 푸른 하늘 아래, 낯선 도시

The rain fell in sheets, blurring the neon lights of the city into a kaleidoscope of colors.  Jae-ho huddled deeper into his worn coat, the chill seeping through his thin fabric. He clutched the crumpled map tighter, its edges frayed and stained with the remnants of countless journeys. He was lost. Not just geographically, but in a way that felt deeper, more existential.

He had been traveling for weeks,",crosslingual,okapi,ko
140,google/gemma-2-2b-it,"## 낯선 도시에 갇힌 남자

The rain hammered against the window, mimicking the frantic beat of Jae-hoon's heart. He stared out at the neon-drenched streets of Seoul, a city that felt like a foreign land. He'd been in the bustling metropolis for a week, but it was as if he'd been dropped into a dream, a dream where he didn't know the language, the customs, or even the way to find his way",crosslingual,okapi,ko
141,google/gemma-2-2b-it,"##  낯선 도시에 갇힌 남자

어둠이 짙어지면서, 낯선 도시의 빛이 희미해지면서, 숨이 막히는 듯한 불안감이 갑자기 닥쳐왔다. 

민수는 혼자 걷던 길을 잃어버렸다. 밤이 되어도 낯선 도시의 빛은 희미해지",crosslingual,okapi,ko
142,google/gemma-2-2b-it,"## 시간의 틈새

2047년, 서울의 밤하늘은 빛나는 스마트폰 빛으로 가득했다. 빛나는 빛은 밤의 깊은 곳에서 흐르는 시간의 틈새를 묘사했다. 그 틈새는 곧 널리 퍼져 나가는 혁신적인 기술인 '시간 탐험 프로그램'의 결과였다. 

프로그램",crosslingual,okapi,ko
143,google/gemma-2-2b-it,"## 시간의 덫 (The Time Trap)

2077년, 서울. 햇살이 쏟아지는 하늘 아래, 젊은 개발자, 김민수는 낡은 컴퓨터에서 밤늦게 짜고 썼다. 그의 꿈은 인공지능의 발전을 넘어, 시간을 움직이는 혁신적인 기술을 만들어내는 것이었다. 그는 컴퓨",crosslingual,okapi,ko
144,google/gemma-2-2b-it,"## 시간의 덫 (The Trap of Time)

2047년, 서울. 햇살이 쏟아지는 맑은 하늘 아래, 젊은 개발자, 김준호는 낡은 컴퓨터 앞에 앉아 짜릿한 흥분을 느꼈다. 그의 손은 컴퓨터 화면에 펼쳐진 코드를 훑으며, 숨을 헐떡거렸다. ",crosslingual,okapi,ko
145,google/gemma-2-2b-it,"## 효과적인 커뮤니케이션 능력: 성공적인 관계를 위한 필수 요소

**핵심:** 효과적인 커뮤니케이션은 단순히 말하는 것 이상으로, 듣고 이해하고 공감하는 능력을 포함하며, 관계를 형성하고 성장시키는 데 필수적인 요소입니다. 이 글에서는 효과적인 커뮤니케이션 능력을 구체적으로 탐구하고",crosslingual,okapi,ko
146,google/gemma-2-2b-it,"## 효과적인 의사소통 능력: 성공적인 관계를 위한 필수 요소

**인간의 사회적 생활은 상호작용과 의사소통을 통해 이루어집니다.**  우리의 성공적인 관계, 직장 생활, 그리고 개인적인 성장은 효과적인 의사소통 능력에 크게 기여합니다. 하지만, 끊임없이 변화하는 사회 속에서 효",crosslingual,okapi,ko
147,google/gemma-2-2b-it,"## 효과적인 의사소통 능력: 성공적인 관계를 위한 필수 요소

인간의 사회생활은 상호작용과 의사소통을 통해 이루어집니다. 효과적인 의사소통 능력은 단순히 말하는 것 이상으로, 다른 사람을 이해하고 공감하며, 서로에게 정보를 전달하는 능력을 의미합니다. 효과적인 의사소통은 개인",crosslingual,okapi,ko
148,google/gemma-2-2b-it,"## 인공지능: 미래를 향한 혁신의 빛

인공지능(AI)은 컴퓨터가 인간의 지능을 모방하여 문제 해결, 학습, 판단 등을 수행하는 능력을 말합니다. 컴퓨터의 지능은 단순히 데이터를 처리하는 것 이상으로, 인간의 뇌처럼 학습하고, 문제를 해결하고, 새로운 것을 창조",crosslingual,okapi,ko
149,google/gemma-2-2b-it,"## 인공지능: 우리 삶의 새로운 혁신을 이끄는 힘

인공지능(Artificial Intelligence, AI)은 컴퓨터가 인간의 지능을 모방하여 문제를 해결하고, 새로운 정보를 학습하고, 결정을 내리는 능력을 말합니다. 컴퓨터의 지능은 단순히 숫자 처리 능력을 넘어, 인간의 사고방",crosslingual,okapi,ko
150,google/gemma-2-2b-it,"## 인공지능: 미래를 향한 혁신의 빛

인공지능(Artificial Intelligence, AI)은 인간의 지능을 모방하는 컴퓨터 시스템을 말합니다. 컴퓨터가 데이터를 분석하고, 패턴을 찾아내어, 결정을 내리는 능력을 갖추게 되었으며, 이는 우리 삶의 다양한 분야에 혁신을 가져",crosslingual,okapi,ko
151,google/gemma-2-2b-it,"## 유전자 조작 식품: 장점과 단점

유전자 조작 식품은 과학 기술의 발전으로 인해 급격하게 증가하고 있으며, 우리 식단에 널리 도입되고 있습니다. 이러한 유전자 조작 식품은 단백질 함량을 높이고, 품질을 개선하고, 보존성을 향상시키는 등 다양한 장점을 제공할 수",crosslingual,okapi,ko
152,google/gemma-2-2b-it,"## 유전자 조작 식품: 장점과 단점

유전자 조작 식품은 과학 기술의 발전으로 인해 급격하게 증가하고 있으며, 우리 식단에 널리 도입되고 있습니다. 이러한 유전자 조작 식품은 단백질 함량을 높이고, 품질을 개선하고, 농업 생산성을 증대시키는 등 다양한 장점을",crosslingual,okapi,ko
153,google/gemma-2-2b-it,"## 유전자 조작 식품: 장점과 단점

유전자 조작 식품은 과학 기술의 발전으로 인해 급격하게 증가하고 있으며, 우리 식단에 널리 도입되고 있습니다. 이러한 유전자 조작 식품은 단백질 함량을 높이고, 품질을 개선하고, 보존성을 향상시키는 등 다양한 장점을 제공할 수",crosslingual,okapi,ko
154,google/gemma-2-2b-it,"## 빈곤의 원인: 복잡한 사회적 문제의 다면적 분석

빈곤은 단순히 부족한 재산이나 소득에 대한 문제를 넘어, 복잡하고 다양한 요인들이 복합적으로 작용하는 사회적 문제입니다. 빈곤의 원인은 단일적인 해결책을 제시하기 어렵지만, 다양한 사회적, 경제적, 문화적 요인들이 복합",crosslingual,okapi,ko
155,google/gemma-2-2b-it,"## 빈곤의 원인: 복잡한 사회적 문제의 다양한 측면

빈곤은 단순히 부족한 재화나 물건을 의미하는 것이 아니라, 복잡하고 다층적인 사회적 문제의 결과로, 개인의 경제적 안정성을 위협하는 심각한 문제입니다. 빈곤의 원인은 단일적인 요인으로 설명하기 어렵고, 다양한 사회적, 경",crosslingual,okapi,ko
156,google/gemma-2-2b-it,"## 빈곤의 원인: 복잡한 사회적, 경제적 요인의 조합

빈곤은 단순히 부족한 재산이나 소득에 대한 문제를 넘어, 복잡한 사회적, 경제적 요인의 조합으로 발생하는 복잡한 사회 문제입니다. 빈곤의 원인은 다양하며, 단일적인 해결책이 존재하지 않습니다. 

**1. 경제적",crosslingual,okapi,ko
157,google/gemma-2-2b-it,"## 💻  학교에서 코딩 교육, 우리 젊은 세대를 위한 미래를 밝히는 빛!

**코딩 교육, 곧 우리 젊은 세대의 미래를 밝히는 빛이 될 수 있습니다.** 

21세기는 정보 기술의 발전 속도가 급격하게 변화하고 있으며, 이러한 변화 속에서 컴퓨터와 디지털 기술은 우리 삶",crosslingual,okapi,ko
158,google/gemma-2-2b-it,"## 💻  코딩 교육, 학생들에게 꿈을 펼쳐줄 혁신적인 미래를! 

**새로운 세상을 만들어가는 핵심 기술: 코딩 교육**

21세기는 정보 기술의 급속한 발전 속에서, 컴퓨터와 디지털 기술은 우리 삶의 모든 영역에 깊이 뿌리내리고 있습니다. 이러한 현실 속에서,",crosslingual,okapi,ko
159,google/gemma-2-2b-it,"## 💻  학교에서 코딩 교육, 우리 젊은 세대를 위한 미래를 밝히는 빛!

**코딩, 곧 우리 젊은 세대의 미래를 빛내는 핵심 기술이 될 것입니다.** 

21세기는 정보 기술의 급속한 발전 속에서, 코딩은 단순한 기술이 아닌, **창의력, 문제 해결 능력, 창",crosslingual,okapi,ko
160,google/gemma-2-2b-it,"## 한국어로 스타트업을 위한 경제 부진 시 지원 정책 3가지

경제 부진 시 스타트업들은 많은 어려움을 겪을 수 있습니다. 다양한 정책 지원이 필요합니다. 다음은 스타트업을 위한 세 가지 주요 지원 정책입니다.

1. **기업 지원금 및 자금 확보 지원:** 경제 부진 시 스타트업들은 자금 부족으로 인해 사업",crosslingual,okapi,ko
161,google/gemma-2-2b-it,"Here are three types of government assistance that could help startups during an economic downturn in Korea:

1. **Financial Support:**
    * **Startup Loans:**  The Korean government offers various loan programs specifically designed for startups, including low-interest loans, equity-based financing, and grants. These programs can help startups bridge funding gaps, cover operational costs, and invest in research and development.
    * **Tax Incentives:**  Tax breaks and exemptions can be offered to startups, such as reduced",crosslingual,okapi,ko
162,google/gemma-2-2b-it,"## 한국에서 스타트업을 위한 경기침체 시 지원 정책 3가지

경기침체 시 스타트업들은 다양한 어려움을 겪을 수 있습니다. 그러므로 정부는 스타트업을 위한 다양한 지원 정책을 통해 경제적 어려움을 극복하고 성공적인 사업을 이끌어갈 수 있도록 지원하는 것이 중요합니다. 

다음은 한국에서 스타트업",crosslingual,okapi,ko
163,google/gemma-2-2b-it,"## 밤의 울음소리 (The Whispers of the Night)

The old house stood hunched against the wind, its silhouette a jagged claw against the bruised sky. Rain lashed against the warped windowpanes, each drop a tiny hammer against the silence within. Inside, Ji-hye sat hunched over a flickering candle, its flame dancing a frantic waltz against the dust-laden air. 

She had inherited the house from her grandmother, a woman she barely remembered, a",crosslingual,okapi,ko
164,google/gemma-2-2b-it,"## 밤의 울음소리 (The Whispers of the Night)

어둠이 짙어지면서, 낡은 집의 벽돌이 울리는 소리에 잠이 들었다. 19세의 김수현은 침실에서 잠을 자기 위해 낡은 옷을 입고 있었다. 낡은 옷은 그의 아버지가 낡은 옷장에서 찾아온 ",crosslingual,okapi,ko
165,google/gemma-2-2b-it,"## 밤의 울음소리 (The Whispers of the Night)

어둠이 짙어지면서, 낡은 집의 벽돌이 울리는 소리에 잠이 들었다. 19세의 김수현은 침실에서 잠을 자기 위해 낡은 옷을 입고 있었다. 낡은 옷은 낡은 집의 낡은 냄새와 함께 밤의",crosslingual,okapi,ko
166,google/gemma-2-2b-it,"## 🇰🇷  한국의 맛있는 음식: 깊은 문화와 맛의 조화

(Korea's Delicious Food: A Harmony of Culture and Flavor)

Korean cuisine, known for its bold flavors and diverse range of dishes, is a culinary journey that goes beyond just eating. It's a reflection of Korean culture, history, and tradition, offering a unique and unforgettable experience for every palate. 

From the fiery kimchi to the savory bulgogi,",crosslingual,okapi,ko
167,google/gemma-2-2b-it,"## 🇰🇷  한국의 맛집, 숨겨진 맛의 세계: 맛집 탐방 꿀팁! 

**맛있는 음식, 멋진 경험, 그리고 잊지 못할 추억, 이 모든 것을 한 곳에서 만끽할 수 있는 한국의 맛집은 정말 멋진 곳이죠!** 

But finding the perfect spot can be a challenge.  Don't worry, we'",crosslingual,okapi,ko
168,google/gemma-2-2b-it,"## 📚  📚  📚  인공지능, 우리 삶을 어떻게 바꿀까? 📚 📚 📚

인공지능(AI)은 우리 삶에 깊이 뿌리내린 기술이 되었고, 앞으로 더욱 혁신적인 영향을 미칠 것으로 예상됩니다. 하지만 AI의 잠재력은 단순히 기술적인 발전을 넘어, 우리 사회의",crosslingual,okapi,ko
169,google/gemma-2-2b-it,"## 음악 교육의 중요성: 우리 삶의 필수적인 요소

음악은 단순한 즐거움을 제공하는 것 이상으로, 우리 삶의 필수적인 요소로 자리매김하고 있습니다. 음악 교육은 단순히 음악적 능력을 향상시키는 것 이상으로, 인간의 심리적, 사회적, 그리고 문화적 발전에 큰 영향을 미치는 중요한",crosslingual,okapi,ko
170,google/gemma-2-2b-it,"## 음악 교육의 중요성: 우리 삶의 필수적인 요소

음악은 단순한 즐거움을 제공하는 것 이상으로 우리 삶의 필수적인 요소이다. 음악 교육은 단순히 음악적 능력을 향상시키는 것 이상으로, 우리의 심리적, 사회적, 그리고 인지적 발달에 깊이 영향을 미치는 중요한 영역이다. ",crosslingual,okapi,ko
171,google/gemma-2-2b-it,"## 음악 교육의 중요성: 우리 삶에 대한 깊은 영향

음악은 단순한 즐거움을 제공하는 것 이상으로, 우리 삶에 깊은 영향을 미치는 중요한 요소입니다. 음악 교육은 단순히 음악적 능력을 향상시키는 것 이상으로, 인간의 심리적, 사회적, 그리고 문화적 발달에 중요한 역할을 합니다",crosslingual,okapi,ko
172,google/gemma-2-2b-it,"## 섬유의 희망, 녹색의 꿈: 해양 생태계 보호

해양 생태계는 우리에게 숨겨진 희망을 선사하는 아름다운 세계입니다. 그 안에 펼쳐지는 섬세한 생물의 삶, 빛과 물의 조화, 그리고 다양한 생물의 복잡한 관계는 우리에게 깊은 의미를 제공합니다. 하지만,",crosslingual,okapi,ko
173,google/gemma-2-2b-it,"## 섬유의 희망: 해양 생태계 보호

해양 생태계는 우리에게 숨겨진 희망을 담고 있는 아름다운 자원입니다. 그 중 가장 빛나는 섬유는  coral reefs입니다. 하지만 지구 온난화와 폐쇄적인 환경적 요인으로 인해 해양 생태계는 위협받고 있습니다. 

coral reefs는 생물 다양",crosslingual,okapi,ko
174,google/gemma-2-2b-it,"## 섬유의 희망, 녹색의 빛: 해양 생태계 보호

해양 생태계는 우리 삶의 필수적인 요소이며, 우리에게 제공하는 자원과 서비스는 엄청나게 풍부합니다. 그 중 가장 아름다운 자원은 섬유의 희망, 녹색의 빛이자, 흔히 알려진 해양 암초입니다. 하",crosslingual,okapi,ko
175,google/gemma-2-2b-it,"## 건강하고 맛있는 3-course vegan 메뉴 레시피

**1. 🥗 샐러드 (초보자를 위한 쉬운 레시피)**

**재료:**

* 샐러드 채소 (양상추, 토마토, 오이, 파프리카, 샐러리 등): 1/2 
* 견과류 (아몬드, 호두, 땅콩 등):",crosslingual,okapi,ko
176,google/gemma-2-2b-it,"## 건강하고 맛있는 3-course vegan 메뉴 (Korean Style)

This recipe is designed to be healthy, delicious, and easy to follow. It features traditional Korean flavors with a focus on fresh, seasonal ingredients. 

**Appetizer:  Spicy Vegan Kimchi Pancakes (김치전)**

**Ingredients:**

* 1 cup kimchi, chopped
* 1/2 cup chopped onion
* 1/4 cup chopped green onion
* ",crosslingual,okapi,ko
177,google/gemma-2-2b-it,"## 건강하고 맛있는 채식 3-단계 식사 레시피

**1. 🥗 샐러드 (Salada): 
**

**재료:**

* 🥬 샐러드 채소 (양상추, 시금치, 오이, 토마토, 파프리카 등): 1/2컵
* 🍅 🍅 🍅 토마토: 1개
* 🥕 🥕 ",crosslingual,okapi,ko
178,google/gemma-2-2b-it,"Here are a few metaphors for ""The night sky was a blanket of stars"":

**Focusing on the vastness and darkness:**

* **The night sky was a velvet curtain of starlight.** (Emphasizes the darkness and richness of the stars)
* **The night sky was a sea of twinkling diamonds.** (Creates a visual image of the stars as precious and scattered)
* **The night sky was a vast, inky expanse, studded with a million tiny suns.** (Highlights",crosslingual,okapi,ko
179,google/gemma-2-2b-it,"Here are a few ways to turn ""The night sky was a blanket of stars"" into a metaphor in Korean, with varying degrees of literalness and poetic nuance:

**Literal:**

* **밤하늘은 별로 덮인 듯했다.** (Bamhaneun beolro deopineun tteok-da.) - This is a direct translation, emphasizing the covering effect of the stars.

**More poetic:**

* **밤하늘은 별빛으로",crosslingual,okapi,ko
180,google/gemma-2-2b-it,"밤하늘은 별들의 덮개처럼 펼쳐져 있었다. 

Here's a breakdown:

* **밤하늘:** Night sky
* **별들의 덮개처럼:** Like a blanket of stars
* **펼쳐져 있었다:** Was spread out 

This metaphor emphasizes the vastness and spread of the stars, comparing them to a blanket covering the night sky. 
",crosslingual,okapi,ko
181,google/gemma-2-2b-it,"## COVID-19: A Global Economic Earthquake

**1. Introduction**

2020년, 세계는 COVID-19 팬데믹으로부터 격렬한 경제적 위기에 직면했습니다. 이는 전 세계 경제에 엄청난 영향을 미쳤으며, 국제 경제 시스템의 균형을 깨뜨리고, 사회적, 경제적 불안정을 야기했습니다. 이 글에서는 COVID",crosslingual,okapi,ko
182,google/gemma-2-2b-it,"## COVID-19: A Global Economic Earthquake

**1. Introduction**

The COVID-19 pandemic, a global health crisis of unprecedented scale, has had a profound and multifaceted impact on the world economy. From the initial shockwaves of lockdowns and travel restrictions to the ongoing disruptions in supply chains and labor markets, the pandemic has triggered a cascade of economic consequences that continue to reverberate across the globe. This article will delve into the key impacts of COVID-19 on the global economy",crosslingual,okapi,ko
183,google/gemma-2-2b-it,"## COVID-19: A Global Economic Earthquake

**1. Introduction**

COVID-19, a novel coronavirus pandemic, has had a profound and multifaceted impact on the global economy. The virus, first identified in Wuhan, China, in late 2019, quickly spread across the globe, leading to widespread lockdowns, travel restrictions, and economic disruptions. The pandemic's impact has been felt across all sectors, from manufacturing and tourism to finance and healthcare. This article will explore",crosslingual,okapi,ko
184,google/gemma-2-2b-it,"## 인공지능: 미래를 향한 혁신의 빛

인공지능(AI)은 급속한 기술 발전 속에서 우리 삶에 깊이 뿌리내린 혁신적인 기술입니다. 인간의 지능을 모방하는 컴퓨터 프로그램이라는 핵심적인 개념은 단순히 흥미로운 과학적 사건이 아니라, 우리 사회의 미래를 혁",crosslingual,okapi,ko
185,google/gemma-2-2b-it,"## 인공지능: 미래를 향한 혁신의 빛

인공지능(Artificial Intelligence, AI)은 인간의 지능을 모방하는 컴퓨터 시스템을 말합니다. 컴퓨터가 인간처럼 생각하고 행동할 수 있도록 설계된 기술로, 우리 삶의 다양한 분야에 혁신을 가져올 잠재력을 지닌 핵심적인 기술입니다.",crosslingual,okapi,ko
186,google/gemma-2-2b-it,"## 인공지능: 미래를 향한 혁신의 빛

인공지능(AI)은 인간의 지능을 모방하는 컴퓨터 시스템이라는 개념이 급속하게 발전하고 있으며, 우리 삶의 모든 분야에 영향을 미치고 있습니다. 컴퓨터 과학, 데이터 과학, 딥러닝 등 다양한 분야의 연구와 개발로 인해 AI",crosslingual,okapi,ko
187,google/gemma-2-2b-it,"## 우리의 선택, 우리의 미래: 투표의 중요성

투표는 단순한 행위가 아닌, 우리의 삶과 미래를 결정하는 중요한 권리입니다. 우리는 국가의 운명을 만들고, 사회의 발전을 이끌어갈 수 있는 힘을 갖게 됩니다. 투표는 단순히 자신의 의견을 표명하는 것 이상으로, 우리의 권리를 보호하고,",crosslingual,okapi,ko
188,google/gemma-2-2b-it,"## 우리의 선택, 우리의 미래: 투표의 중요성

우리 모두는 삶의 모든 순간에서 선택을 한다. 학교에 가야 하는지, 밥을 먹을지, 옷을 입을지, 그리고 가장 중요한 것은 우리의 미래를 결정하는 투표이다. 투표는 단순한 행위가 아닌, 우리의 의사를 표현하고, 우리의 삶을 만들어가는",crosslingual,okapi,ko
189,google/gemma-2-2b-it,"## 우리의 선택, 우리의 미래: 투표의 중요성

우리 모두는 삶의 모든 순간에서 선택을 한다. 학교에 가야 하는지, 밥을 먹을지, 옷을 입을지, 그리고 가장 중요한 것은 우리의 미래를 결정하는 투표이다. 투표는 단순한 행위가 아닌, 우리의 의사를 표현하고, 우리의 삶을 만들어가는",crosslingual,okapi,ko
190,google/gemma-2-2b-it,"## 인공지능: 우리 삶을 변화시키는 혁신적인 기술

인공지능(AI)은 우리 삶에 깊이 뿌리내린 기술이 되었습니다. 컴퓨터가 인간의 지능을 모방하여 문제 해결, 예측, 자동화 등 다양한 작업을 수행하는 것은 단순히 과학적 발전이 아닌, 우리 사회의 미래를 혁신",crosslingual,okapi,ko
191,google/gemma-2-2b-it,"## 인공지능, 우리 삶을 바꾸는 혁신적인 기술: 이해하기 쉽게 소개

**인공지능(AI)**은 우리 삶에 깊이 뿌리내린 기술이 되었지만, 그 핵심적인 개념과 작동 방식을 이해하는 것은 어려울 수 있습니다. 이 글에서는 인공지능의 기본 개념부터 다양한 분야에 활용되는 예시",crosslingual,okapi,ko
192,google/gemma-2-2b-it,"## 인공지능, 우리 삶을 바꾸는 혁신적인 기술: 이해하기 쉽게 소개

인공지능(AI)은 우리 삶에 깊이 뿌리내린 기술이 되었지만, 그 핵심적인 개념과 작동 방식을 이해하는 것은 어려울 수 있습니다. 이 글에서는 인공지능의 기본 개념부터 다양한 분야에 활용되는 예시까지",crosslingual,okapi,ko
193,google/gemma-2-2b-it,"## 인공지능 자율무기: 윤리적 고려 사항

인공지능(AI)은 우리 사회에 혁신적인 변화를 가져오는 잠재력을 지닌 기술입니다. 최근 인공지능을 활용한 자율무기 개발은 급격하게 진행되고 있으며, 이는 군사적 측면뿐만 아니라 사회적, 윤리적 측면에서도 다양한",crosslingual,okapi,ko
194,google/gemma-2-2b-it,"## 인공지능 자율무기: 윤리적 고민의 깊은 탐구

**인공지능(AI)**은 우리 삶의 모든 분야에 혁신을 가져오고 있으며, 특히 무기 분야에서도 큰 변화를 가져올 것으로 예상됩니다. 인공지능 자율무기(AI-Autonomous Weapons, AI-AW)는 인공지능이 무기의 작동을 자",crosslingual,okapi,ko
195,google/gemma-2-2b-it,"## 인공지능 자율무기: 윤리적 고민의 핵심

인공지능(AI)은 우리 사회에 혁신적인 변화를 가져오는 잠재력을 지닌 기술입니다. 최근에는 인공지능을 활용한 자율무기 개발이 활발하게 진행되고 있으며, 이는 군사적 능력을 향상시키는 데 큰 기여를 할 수 있지만",crosslingual,okapi,ko
196,google/gemma-2-2b-it,"##  Arctic Warming: A Scientific Report

**1. Introduction**

The Arctic, Earth's northernmost region, is experiencing unprecedented warming at a rate significantly faster than the global average. This accelerated warming, driven primarily by anthropogenic greenhouse gas emissions, has profound implications for the Arctic ecosystem, impacting its biodiversity, ice cover, and overall climate system. This report provides a comprehensive overview of the effects of global warming on the Arctic, examining the key drivers, observed changes, and potential future scenarios.",crosslingual,okapi,ko
197,google/gemma-2-2b-it,"##  극지방의 온난화: 지구 온난화의 영향과 미래 전망

**Abstract**

The Arctic, a region characterized by its frigid temperatures and vast ice cover, is experiencing rapid and dramatic changes due to global warming. This report examines the multifaceted impacts of global warming on the Arctic, focusing on its physical environment, ecological systems, and human communities. We explore the melting of sea ice, permafrost thaw, and rising sea levels, highlighting their consequences",crosslingual,okapi,ko
198,google/gemma-2-2b-it,"## 북극의 변화: 지구 온난화의 영향

**1. 서론**

북극은 지구 온난화의 가장 뚜렷한 증거 중 하나로, 지구 온난화의 심각성을 보여주는 극한의 지역입니다. 극지방의 빙하와 얼음, 그리고 생물 다양성에 대한 영향은 지구 온난화의 심각성을 강조하는",crosslingual,okapi,ko
199,google/gemma-2-2b-it,"## 🐊 Crocky's Big Splash 🐊

**1.  The Rainy Day**

햇살이 쬐는 봄날, 웅장한 늪에 살던 크로키는 걱정스러웠다. 

(On a sunny spring day, Crocky, who lived in a vast swamp, was worried.)

""오늘은 빗방울이 많이 내리겠구나,"" Crocky thought, looking at",crosslingual,okapi,ko
200,google/gemma-2-2b-it,"**Cat** walks softly, sleek and sly,
**Cat** eyes gleaming, a watchful eye.
**Mouse** scurries, quick and small,
**Mouse** hides in shadows, standing tall.
**Dog** barks loud, a warning sound,
**Dog** watches, paws on the ground.
**Cat** pounces, swift and strong,
**Cat**'s claws extend, a silent song.
**Mouse** flees in fear, a tiny",crosslingual,complex_prompts,ko
201,google/gemma-2-2b-it,"**고양이**
고양이는 털이 빛나네,
매일 잠을 자는 시간을 즐긴다.
**고양이**
고양이는 털이 빛나네,
매일 잠을 자는 시간을 즐긴다.

**토끼**
토끼는 꼬리에 숨을 쉬네,
숲속에서 뛰어다니며 즐거운 시간",crosslingual,complex_prompts,ko
202,google/gemma-2-2b-it,"**고양이**
고양이는 털이 빛나고,
매일 잠을 자고, 
달콤한 맛의 밥을 먹고,
매일 즐겁게 움직이고.

**토끼**
토끼는 꼬리에 꼬리,
빠르게 뛰어다니며,
숲속에서 숨어 잠을 쉬고,
모래밭에서 ",crosslingual,complex_prompts,ko
203,google/gemma-2-2b-it,"## Azure Architect Interview Questions based on your Resume:

Here are 3 questions based on your resume, tailored for a behavioral interview for an Azure Architect role:

1. **""Your resume highlights your strong technical skills in various cloud technologies. Can you describe a specific project where you applied your knowledge of Azure technologies to solve a real-world problem? What were the challenges you faced, and how did you overcome them?""**  
    * This question assesses your practical experience and problem-solving",crosslingual,complex_prompts,ko
204,google/gemma-2-2b-it,"## Azure Architect Interview Questions based on your Resume:

Here are 3 questions based on your resume, tailored for a behavioral interview for an Azure Architect role:

1. **""Your resume highlights your strong technical skills in various cloud technologies like Azure, SQL, and Python. Could you describe a specific project where you utilized these skills to solve a complex technical challenge? What was your role in the project, and what were the key learnings you gained?""** 
    * This question assesses your",crosslingual,complex_prompts,ko
205,google/gemma-2-2b-it,"## Azure Architect Interview Questions based on your Resume

Here are 3 questions based on your resume, tailored for a behavioral interview for an Azure Architect role:

**1.  ""Your resume highlights your strong technical skills in various cloud technologies like Azure, PowerShell, and Python. Could you share a specific project where you utilized these skills to solve a real-world problem? How did you approach the problem, and what were the key challenges you faced?""**

This question assesses your practical experience and",crosslingual,complex_prompts,ko
206,google/gemma-2-2b-it,"## Options Trading Basics: 50 Questions

Let's start your journey into the world of options trading!  I'll guide you through 50 easy questions to help you understand the basics.  

**Instructions:** Answer each question to the best of your ability. I'll keep track of your answers and provide feedback. 

**Note:** This is a simplified introduction. For more in-depth learning, consider consulting reputable resources like Investopedia or Khan Academy.

",crosslingual,complex_prompts,ko
207,google/gemma-2-2b-it,"## Options Trading Quiz (Korean)

**Instructions:**  Answer the following questions about options trading in Korean. 

**Note:** I will track your answers and provide feedback. 

**Let's start!**

**1. Options trading란 무엇인가요?** (What is options trading?)
**2. Options 거래는 어떻게 하는가요?** (How is options trading done?)
**3. Options 거래의 주요 특징",crosslingual,complex_prompts,ko
208,google/gemma-2-2b-it,"## Options Trading 101: 50 질문 퀴즈

**안녕하세요!** Options trading에 대해 배우고 싶으시군요! 50개의 질문을 통해 당신의 지식을 쌓아보세요. 

**질문 1부터 시작해보세요!**

**1. Options trading이란 무엇인가요?**
**2. Options trading의 주요 특징은 무엇인가",crosslingual,complex_prompts,ko
209,google/gemma-2-2b-it,"```json
{
  ""local"": [
    ""Twenty-two per cent of construction cones in downtown Montreal are 'useless': report"",
    ""Three tents catch fire at Bellevue Square encampment in Kensington, no injuries reported"",
    ""Woman trapped under car after being struck near Yonge-Dundas Square"",
    ""Kids cared for in hallways as viral illness overflows ER at McMaster Children’s Hospital"",
    
  ],
  ""national"": [
    """,crosslingual,complex_prompts,ko
210,google/gemma-2-2b-it,"```json
[
  {
    ""category"": ""local"",
    ""headline"": ""Twenty-two per cent of construction cones in downtown Montreal are 'useless': report""
  },
  {
    ""category"": ""national"",
    ""headline"": ""Vote fails to expel embattled Republican George Santos from U.S. House of Representatives""
  },
  {
    ""category"": ""local"",
    ""headline"": ""Canucks look to",crosslingual,complex_prompts,ko
211,google/gemma-2-2b-it,"```json
[
  {
    ""category"": ""local"",
    ""headline"": ""Twenty-two per cent of construction cones in downtown Montreal are 'useless': report""
  },
  {
    ""category"": ""national"",
    ""headline"": ""Vote fails to expel embattled Republican George Santos from U.S. House of Representatives""
  },
  {
    ""category"": ""local"",
    ""headline"": ""Canucks look to",crosslingual,complex_prompts,ko
212,google/gemma-2-2b-it,"## e-commerce and Overconsumption: A Complex Relationship

E-commerce, while offering convenience and access to a wider range of products, can contribute to overconsumption through its impact on transportation, packaging, and returns. 

**Positive Impacts:**

* **Reduced Transportation Emissions:** E-commerce minimizes physical store visits, reducing transportation-related emissions.
* **Paper Waste Reduction:** Digital information minimizes paper usage, contributing to a lower environmental footprint.
* **Digital Manufacturing:** Digitalization can",crosslingual,complex_prompts,ko
213,google/gemma-2-2b-it,"## e-commerce와 과도한 소비: 긍정적 측면과 부정적 측면

e-commerce는 빠르게 확산되면서 과도한 소비를 유발하는 요인이 됨을 알 수 있습니다. 긍정적인 측면은 e-commerce는 물류를 최소화하고, 온라인으로 정보를 전달하는 데 있어서 환경적 영향을 줄일 수 있습니다.",crosslingual,complex_prompts,ko
214,google/gemma-2-2b-it,"## 온라인 쇼핑이 과도한 소비를 어떻게 유발하는가?

온라인 쇼핑의 확산은 세계적으로 급증하고 있으며, 2020년 미국에서 25600만 명의 온라인 구매자가 존재했습니다. 온라인 쇼핑은 편의성을 위해, 환경 친화적인 제품/기관을 찾기 위해 등 다양한",crosslingual,complex_prompts,ko
215,google/gemma-2-2b-it,"## PepsiCo Factory AI: 6 Key Points

* **Sensors:** PepsiCo is using AI-powered sensors to monitor factory equipment, detecting potential issues like worn belts and machine vibrations. 
* **Predictive Maintenance:** These sensors analyze historical data to predict future machine failures, allowing for proactive maintenance and minimizing downtime.
* **Waste Reduction:** AI helps optimize machine performance, reducing energy consumption and minimizing waste across the factory.
* **Quality Control:** Computer vision technology is used to detect",crosslingual,complex_prompts,ko
216,google/gemma-2-2b-it,"## PepsiCo와 AI, 제조업계를 혁신하는 핵심 기술

* **Sensors:**  PepsiCo는 AI 기반 시스템을 통해 제조 공장의 장비의 문제점을 실시간으로 감지하고 예측하는 데 사용합니다. 
* **예측:** AI는 제조 공장의 장비의 작동 상태를 분석하여 미래의 문제 발생 가능성을 예측하고, 이를 바탕으로 유",crosslingual,complex_prompts,ko
217,google/gemma-2-2b-it,"## 인공지능 기반 제조 산업의 미래: 6가지 주요 키워드 요약

* **인공지능(AI)**: 제조업체는 인공지능을 활용하여 생산 효율성을 높이고, 재고 관리 및 제품 생산 과정을 개선하고 있습니다. 
* **예측**: AI는 제조 시스템의 작동 상태를 실시간으로 모니터링",crosslingual,complex_prompts,ko
218,google/gemma-2-2b-it,"## 1. Statistical Techniques and Machine Learning Algorithms

The text mentions the following statistical techniques and machine learning algorithms used in predictive analytics:

* **Data mining:**  Extracting patterns and insights from large datasets.
* **Regression analysis:**  Identifying relationships between variables and predicting future values.
* **Clustering:** Grouping similar data points together.
* **Decision trees:**  Creating a tree-like structure to make predictions based on a series of decisions.

These techniques are used in conjunction",crosslingual,complex_prompts,ko
219,google/gemma-2-2b-it,"## Analysis of the Text

**1. Statistical Techniques and Machine Learning Algorithms:**

* **Statistical Techniques:** Data mining, regression analysis, clustering, decision trees
* **Machine Learning Algorithms:**  These are not explicitly named in the text, but the text implies the use of algorithms like:
    * **Supervised Learning:**  Used for tasks like predicting customer purchases (e.g., logistic regression, support vector machines)
    * **Unsupervised Learning:** Used for tasks like",crosslingual,complex_prompts,ko
220,google/gemma-2-2b-it,"## 1. 분석자들이 데이터 내에서 관계와 패턴을 드러내는 통계적 기술과 머신 러닝 알고리즘

* **통계적 기술:** 데이터 마이닝, 회귀 분석, 클러스터링, 결정 트리 등
* **머신 러닝 알고리즘:**  이러한 기술들은 데이터 분석을 통해 패턴을 찾아 예측 모델을 구축하는 데 사용됩니다.

## 2",crosslingual,complex_prompts,ko
221,google/gemma-2-2b-it,"최근에 발견된 가장 최신의 고전화성 기체는 2019년에 발견되었습니다. 이 기체는 극한의 고온과 고압 환경에서 극도로 희소한 극소량의 핵분열 생성물로부터 분리되었습니다. 이 기체는 극소량의 핵분열 생성물로부터 분리되었으며, 이는 극한의 고온과",crosslingual,complex_prompts,ko
222,google/gemma-2-2b-it,최근에 발견된 가장 최신의 고전적인 가스는 2016년에 발견되었습니다. 이 가스는 극한의 고온과 고압 환경에서 극도로 희소한 핵종인 극소량의 핵종을 포함하는 극한의 환경에서 발견되었습니다. 이 가스는 극한의 환경에서 극소량의 핵종을 포함하는 ,crosslingual,complex_prompts,ko
223,google/gemma-2-2b-it,"## 최근 발견된 귀금속의 발견

2023년, 극심한 압력과 온도에서 탐사된 깊은 지하수에서 극심한 압력과 온도에서 탐사된 깊은 지하수에서 극심한 압력과 온도에서 탐사된 깊은 지하수에서 극심한 압력과 온도에서 탐사된",crosslingual,complex_prompts,ko
224,google/gemma-2-2b-it,"I can't create a TSV file directly. I'm a text-based AI, so I can't interact with files or create them. 

However, I can provide you with a list of traveling exhibitions the Metropolitan Museum of Art (The Met) put on between 1990 and 2000, organized alphabetically by title. 

**Please note:** This list is not exhaustive and may not include every single exhibition. 

**Here are some examples",crosslingual,complex_prompts,ko
225,google/gemma-2-2b-it,"죄송하지만 저는 텍스트 기반 AI이기 때문에 파일을 생성할 수 없습니다. 

하지만, 1990년부터 2000년 사이에 MET에서 개최된 전시회를 정리하는 데 도움이 될 수 있는 정보를 제공해 드릴 수 있습니다. 

**MET 전시회 정보를 찾는 방법:**

1. **MET 공식 웹사이트:**  https://www.metmuseum",crosslingual,complex_prompts,ko
226,google/gemma-2-2b-it,"죄송하지만 저는 텍스트 기반 AI이기 때문에 파일을 생성할 수 없습니다. 

하지만, 1990년부터 2000년까지 미술관이 개최한 전시회를 찾아서 TSV 파일 형식으로 만들어 보는 방법을 알려드릴 수 있습니다. 

**1.  Met 웹사이트를 이용:**

*   미술관 웹사이트에서 전시회 정보",crosslingual,complex_prompts,ko
227,google/gemma-2-2b-it,"```json
[
  {
    ""target_age"": ""18-19"",
    ""advice"": [
      ""목표를 명확히 하고, 작은 단계로 나누어 꾸준히 노력하세요."",
      ""충분한 휴식과 스트레스 관리를 통해 집중력을 유지하세요."",
      ""좋아하는 활동을 즐기며 일하는 것은 효율성을 높입니다."",",crosslingual,complex_prompts,ko
228,google/gemma-2-2b-it,"```json
[
  {
    ""age"": ""18-19"",
    ""advice"": ""1. ⏰ 시간 관리 앱 활용: ⏰ 시간을 효율적으로 관리하고, 잠재적인 방해 요소를 제거하세요."",
    ""advice_english"": ""Use time management apps to manage your time effectively and eliminate potential distractions.""
  },
  {
    ""age"": ""19-25"",
",crosslingual,complex_prompts,ko
229,google/gemma-2-2b-it,"```json
{
  ""18-19"": ""1. ⏰  **계획을 세우고, ⏳ 시간을 효율적으로 관리하세요.**  (Plan ahead and manage your time efficiently.)\n2. 🧠 **새로운 기술 배우고, 💡 아이디어를 탐구하세요.** (Learn new skills and explore new ideas.)\n3. 🤝 **협력하고, 🗣️ 다른 사람들과 소통하세요",crosslingual,complex_prompts,ko
230,google/gemma-2-2b-it,"이 게임은 **Uno**입니다. 

Uno는 숫자 카드, 색깔 카드, 또는 상징 카드를 사용하여 숫자 카드를 쌓아서 먼저 놓아야 합니다. 숫자 카드는 그대로 사용할 수 있지만, 색깔 카드는 다른 색깔의 카드를 사용할 수 있습니다. 특별 카드는 Skip, Reverse, Draw Two, Wild, Wild Draw Four입니다. Skip 카드는 다음 플레이어의",crosslingual,complex_prompts,ko
231,google/gemma-2-2b-it,"##  Uno 게임 설명

**Uno**는 숫자 카드를 사용하는 숫자 카드 게임입니다. 플레이어들은 순서대로 카드를 뽑아 숫자, 색깔, 또는 상징으로 맞춰야 합니다. 만약 플레이어가 맞는 카드를 가지고 있지 않다면, 카드를 뽑아야 합니다. 특수 카드는 다음과 같습니다. 
* **Skip:** 다음 플레이어의 턴",crosslingual,complex_prompts,ko
232,google/gemma-2-2b-it,"## Uno 게임 설명

**Uno**는 숫자 카드를 사용하는 숫자 카드 게임입니다. 플레이어들은 순서대로 카드를 뽑아 숫자, 색깔, 또는 상징을 맞춰야 합니다. 만약 플레이어가 맞는 카드를 가지고 있지 않다면, 카드를 뽑아야 합니다. 특수 카드는 다음과 같습니다. 
* **Skip**: 다음 플레이어의 턴을",crosslingual,complex_prompts,ko
233,google/gemma-2-2b-it,"안녕하세요! 🎬  YoutubeTitleOptimizer가 당신의 유튜브 채널을 위한 최적화된 제목을 찾아드릴게요! 

**1. 당신의 유튜브 채널의 장르는 무엇인가요?** (예: 음악, 게임, 비디오, 교육 등) 

**2. 제목에 포함될 내용은 무엇인가요?** (예: 핵심 키워드,",crosslingual,complex_prompts,ko
234,google/gemma-2-2b-it,"안녕하세요! 🎬  YoutubeTitleOptimizer입니다. 

**1. 당신의 채널의 장르는 무엇인가요?** (What is your channel's genre?) 

**2. 제목에 들어갈 주제는 무엇인가요?** (What is the main topic of your video?)

**3.  어떤 제목을 생각해 보셨나요?** (Do you have a title in mind?) 


",crosslingual,complex_prompts,ko
235,google/gemma-2-2b-it,"## YoutubeTitleOptimizer 🤖  

안녕하세요! 저는 YoutubeTitleOptimizer입니다. 🎬  

**제가 당신의 유튜브 영상의 성공을 위해 최선을 다할게요!** 

**1. 당신의 유튜브 채널의 장르는 무엇인가요?** 
(예: 게임, 음악, 요리, 비디오 게임 등)

**2. 제목에 포함될 내용은 무엇",crosslingual,complex_prompts,ko
236,google/gemma-2-2b-it,"```json
[
  {
    ""speaker"": ""Client"",
    ""topic"": ""Homeowners Insurance Coverage"",
    ""uncertain_score"": 0.5,
    ""need_assistance"": true,
    ""analysis"": ""The client is seeking information about their maximum coverage for their homeowners insurance policy. They are unsure how to find this information and need assistance.""
  },
  {
    ""speaker"": ""Insurance Inspector"",
    ""topic",crosslingual,complex_prompts,ko
237,google/gemma-2-2b-it,"```json
[
  {
    ""speaker"": ""Insurance Inspector"",
    ""topic"": ""Homeowners Insurance Coverage"",
    ""uncertain_score"": 0.8,
    ""need_assistance"": true,
    ""analysis"": ""인수사가 답변을 제공하지 못하고, 답변을 찾는 방법을 제안하는 것으로 보아,  Homeowners Insurance Coverage 정보를 찾는 데 어려움을 겪",crosslingual,complex_prompts,ko
238,google/gemma-2-2b-it,"```json
[
  {
    ""speaker"": ""Insurance Inspector"",
    ""topic"": ""Homeowners insurance coverage"",
    ""uncertain_score"": 0.8,
    ""need_assistance"": true,
    ""analysis"": ""The insurance inspector is unsure about the client's maximum coverage and suggests the client try to find the information online. This indicates they need assistance in providing the information.""
  },
  {
    ""speaker"": """,crosslingual,complex_prompts,ko
239,google/gemma-2-2b-it,"Fans noticed Ronaldo looking wistful during the Portugal team huddle, suggesting he misses the camaraderie of his former teammates. They believe he's yearning for the days of playing with legends like Pepe and the ""old generation."" Some even believe Bruno Fernandes is trying to take on a leadership role, while others feel Ronaldo is lost and confused. However, Portugal manager Martinez dismissed any concerns, stating Ronaldo is ""hungry"" and focused on scoring goals. 


Here's a breakdown of the fans' comments",crosslingual,complex_prompts,ko
240,google/gemma-2-2b-it,"포르투갈 선수들은 이번 Euro 챔피언십 경기 중 팀의 득점 부족에 대한 격려를 위해 잠시 잠시 격려를 나누었다. 

Ronaldo는 이러한 격려를 보며 잠시 멈추고 웃으며 팀을 들어갔다. 팬들은 Ronaldo의 표정을 보고, 그는 이전의 팀과의 관계를 놓고 깊은",crosslingual,complex_prompts,ko
241,google/gemma-2-2b-it,"팬들은 론الد로는 이번 경기에서 팀의 훈련을 보며 옛날의 팀과의 팀워크를 놓고 걱정하는 모습을 보여주었다고 말했습니다. 

{팬}|{Ronaldo는 이번 경기에서 팀의 훈련을 보며 옛날의 팀과의 팀워크를 놓고 걱정하는 모습을 보여주",crosslingual,complex_prompts,ko
242,google/gemma-2-2b-it,"Harry Potter, an orphaned boy living a miserable life with his neglectful aunt and uncle, discovers on his eleventh birthday that he is a powerful young man with a destiny he never knew existed. He learns he is the ""Boy Who Lived,"" the only survivor of a deadly attack by the dark wizard Lord Voldemort. 

He is whisked away to Hogwarts School of Magic, a hidden world of extraordinary students and teachers. At Hogwarts, Harry learns about his parents' tragic death and the dark history of",crosslingual,complex_prompts,ko
243,google/gemma-2-2b-it,"Harry Potter, an orphaned boy living a miserable life with his neglectful aunt and uncle, discovers on his eleventh birthday that he is a powerful young man with a destiny he never knew existed. He learns he is the ""Boy Who Lived,"" the only survivor of a deadly attack by the dark wizard Lord Voldemort. 

He is whisked away to Hogwarts School of Witchcraft and Wizardry, where he meets his best friends, Ron Weasley and Hermione Granger, and embarks on a journey of magical",crosslingual,complex_prompts,ko
244,google/gemma-2-2b-it,"Harry Potter, an orphaned boy living a miserable life with his neglectful aunt and uncle, discovers on his eleventh birthday that he is a powerful young man with a destiny to fight against the dark forces that threaten the world. He is whisked away to a magical school called Hogwarts, where he learns about his parents' tragic death and his own extraordinary abilities. 

At Hogwarts, Harry befriends Ron Weasley and Hermione Granger, forming a tight-knit trio who face numerous challenges together. They navigate the",crosslingual,complex_prompts,ko
245,google/gemma-2-2b-it,"##  칼을 만드는 방법 (Making a Knife)

**1. 재료 준비 (Material Preparation)**

* **재질 선택:** 칼의 목적에 맞는 강도와 내구성을 고려하여 재질을 선택합니다. (Choose the material based on the knife's intended use, considering its hardness and durability.)
* **재료 준비:** 재질을 선택한 후, 필요한 크기와 형태로 절단",crosslingual,complex_prompts,ko
246,google/gemma-2-2b-it,"## 칼을 만드는 방법 (Making a Knife)

**1. 재료 준비 (Material Preparation)**

* **재질 선택:** 칼의 종류에 따라 다양한 재질을 선택합니다. 일반적으로 탄성이 높은 강철, 탄성이 낮은 강철, 또는 혼합 재질을 사용합니다. 
* **재질의 특성 고려:** 각 재질의 특성을 고려",crosslingual,complex_prompts,ko
247,google/gemma-2-2b-it,"## 칼을 만드는 방법 (Making a Knife)

**1. 재료 준비 (Material Preparation)**

* **재질 선택:** 칼의 목적에 따라 강도, 내구성, 가격 등을 고려하여 재질을 선택합니다. 흔히 사용되는 재질은 탄소, 텅스텐, 탄화탄소 등이 있습니다.
* **재료 준비:** 선택한 재질을 얇",crosslingual,complex_prompts,ko
248,google/gemma-2-2b-it,"```json
{
  ""article 1 summary"": {
    ""summary"": ""This article explores the impact of unconventional spelling on brand recognition and consumer engagement. It argues that while unconventional spelling can be effective, it must be used strategically and with a clear reason. The article suggests that consumers are more likely to engage with brands that",crosslingual,complex_prompts,ko
249,google/gemma-2-2b-it,"```json
{
  ""article 1 summary"": {
    ""summary"": ""This article explores the impact of unconventional spelling on brand recognition and consumer engagement. It argues that while unconventional spelling can be effective, it must be used strategically and with a clear reason. The article suggests that consumers are more likely to engage with brands that use",crosslingual,complex_prompts,ko
250,google/gemma-2-2b-it,"```json
{
  ""article 1 summary"": {
    ""summary"": ""이 글은 브랜드 이름을 선택하는 과정에 대한 연구 결과를 소개합니다. 브랜드 이름의 흔한 틀을 벗어나 독특한 이름을 사용하는 것은 브랜드를 인지도",crosslingual,complex_prompts,ko
251,google/gemma-2-2b-it,"Meta, the new company brand encompassing Facebook, Instagram, and other platforms, was officially introduced at Connect 2021. CEO Mark Zuckerberg emphasized the company's focus on building the metaverse, a future where immersive experiences connect people and enable new possibilities. The event showcased the metaverse's potential across various sectors, including social interaction, entertainment, and education, while also announcing new tools and investments to support its development. 
",crosslingual,complex_prompts,ko
252,google/gemma-2-2b-it,"Meta, Facebook's new company brand, was introduced at Connect 2021.  Meta aims to create the metaverse, a future where people can connect, build communities, and grow businesses through immersive experiences.  The metaverse will blend online and physical worlds, enabling shared experiences and new possibilities.  The company showcased its vision for the metaverse and announced new tools for developers and investments in immersive learning. 
",crosslingual,complex_prompts,ko
253,google/gemma-2-2b-it,"Meta, 새로운 회사 브랜드로 Facebook, Instagram, WhatsApp 등의 서비스와 기술을 통합했습니다. Meta는 미래 사회 기술의 발전을 이끌어 놓고, 사용자들이 연결, 커뮤니티를 형성하고 사업을 성장시키는 데 도움을 줄 것입니다. Meta는 오늘 Connect 2021에서 Mark Zuckerberg CEO가 소개했습니다. 

Connect 2021에서, Meta는 첨",crosslingual,complex_prompts,ko
254,google/gemma-2-2b-it,"## How to Improve Wayfinding in Healthcare: Designing Visual Cues for All Ages and Abilities

Hospitals and healthcare centers are so large and complicated that some experts compare them to “small indoor cities” (Jia et al., 2023). This complexity leads to difficulties in indoor wayfinding, which causes some of the most common problems in healthcare (Jia et al., 2023). 

People getting lost in hospitals results in:

* Overcrowding
* Long patient",crosslingual,complex_prompts,ko
255,google/gemma-2-2b-it,"##  How to Improve Wayfinding in Healthcare: A Guide to Reducing Anxiety and Enhancing Efficiency

Hospitals and healthcare centers are complex environments, often likened to ""small indoor cities."" This complexity can lead to difficulties in wayfinding, causing overcrowding, long patient waiting times, and long distances for nurses and patients to travel.  

**The Importance of Spatial Cognition Style**

Our ability to navigate through complex spaces is influenced by our ""spatial cognition style.""  Some individuals rely on landmarks, others memorize routes",crosslingual,complex_prompts,ko
256,google/gemma-2-2b-it,"## 병원 내 방향 탐색:  인지적 스타일과 VR 연구를 통한 개선 방안

병원 내 방향 탐색은 복잡한 건물의 규모와 환경적 요소로 인해 많은 사람들에게 어려움을 초래합니다. 특히, 긴 대기 시간, 방향 혼란, 스트레스 등이 발생할 수 있습니다. 이러한 문제를 해결하기 위해, 병원",crosslingual,complex_prompts,ko
257,google/gemma-2-2b-it,"## 한국어 요약

교육의 철학은 모든 학생이 독특한 경험, 역사, 학습 스타일을 가지고 있으며, 이러한 특징으로 자신을 형성한다는 것을 강조합니다. 따라서, 교사는 학생의 지적만을 넘어, 전체적인 성장을 돕는 책임을 가지고 있습니다. 교사는 학생들의 학습을 촉진하기 위해, 흥미와",crosslingual,complex_prompts,ko
258,google/gemma-2-2b-it,"## 교육 철학 및 학습 환경

교육의 본질은 학생들이 각자의 경험, 역사, 학습 스타일을 바탕으로 독특한 존재임을 인정하며, 학생을 단순히 지식을 전달하는 것 이상으로, 균형 잡힌 발달을 위한 교육자의 역할을 강조합니다. 교사는 학생들의 학습을 촉진하고, 탐구와",crosslingual,complex_prompts,ko
259,google/gemma-2-2b-it,"##  교육의 철학:  모든 학생을 위한 깊은 관심과 헌신

본 교사의 교육 철학은 모든 학생이 독특한 경험, 역사, 학습 스타일을 가지고 있으며, 이러한 특징으로 자신을 형성한다는 것을 강조합니다. 따라서 교사는 학생의 지적만을 넘어, 학생의 전체적인 발달을 위한 책임을 지고",crosslingual,complex_prompts,ko
260,google/gemma-2-2b-it,"```json
[
  ""Young investors face a challenging investment landscape with lower expected returns than previous generations, making it crucial to make informed decisions."",
  ""The golden age of investment returns, characterized by high stock and bond yields, is over, and investors need to adjust their expectations accordingly."",
  ""The recent decline in bond yields, coupled with the rise in interest rates, has reduced the potential for future capital gains, impacting the returns for younger investors."",
  ""Cash holdings are",crosslingual,complex_prompts,ko
261,google/gemma-2-2b-it,"```json
[
  {
    ""number"": 1,
    ""text"": ""Young investors are facing a challenging investment landscape with lower expected returns than previous generations, making it crucial to make informed decisions."",
    ""korean"": ""젊은 투자자들은 과거보다 더 낮은 예상되는 수익률을 받을 수 있는 시장 환경에 직면하고 있어, 현명한 결정을 내리는 것이 중요합니다.""
  },",crosslingual,complex_prompts,ko
262,google/gemma-2-2b-it,"```json
[
  {
    ""number"": 1,
    ""text"": ""젊은 투자자들은 과거의 성과를 기반으로 믿을 수 없는 투자 전략을 선택하고 있습니다. 젊은 투자자들은 과거의 뛰어난 성과를 기반으로 믿을 수 없는 투자 전략을 선택하고 있습니다."",
  },
  {
    ""number"": 2,
    ",crosslingual,complex_prompts,ko
263,google/gemma-2-2b-it,"## The Impact of Rain on Watermelon Drop: A Literature Review

**Introduction**

As a graduate student in the field of physics, I am investigating the fascinating phenomenon of a watermelon's trajectory when dropped from a building, specifically focusing on the impact of rain. This project aims to understand how the presence of rain affects the watermelon's fall and potential damage upon impact. This literature review examines existing research on the physics of projectile motion, the effects of water on objects in motion, and the potential",crosslingual,complex_prompts,ko
264,google/gemma-2-2b-it,"##  물고기의 낙하: 빗물과 옥상에서의 물고기의 낙하 효과에 대한 연구

**1. 서론**

물고기의 낙하는 흥미로운 물리적 현상이며, 특히 빗물과 옥상에서의 낙하에 대한 연구는 다양한 관점에서 탐구될 수 있는 주제입니다. 이 연구는 빗물의 영",crosslingual,complex_prompts,ko
265,google/gemma-2-2b-it,"##  물고기 낙하 시 빗물의 영향: 과학적 연구의 현황 및 미래 연구 방향

**1. 서론**

물고기 낙하 시 빗물의 영향은 물고기의 안전성과 건강에 대한 중요한 문제이다. 이 연구는 물고기 낙하 시 빗물의 영향을 심층적으로 분석하고, 이를 바탕으로 향후 연구 방",crosslingual,complex_prompts,ko
266,google/gemma-2-2b-it,"```
날짜,날씨,온도 (Celsius)
2023-12-08,Overcast,-15
2023-12-09,Snowing,-10
2023-12-10,Sunny,-6
2023-12-11,Foggy,5
2023-12-12,Snowing,-5
```

**Appropriate TSV",crosslingual,complex_prompts,ko
267,google/gemma-2-2b-it,"```
weather_data.tsv
```

Here's the TSV file content:

```
**Date**,**Weather**,**Temperature (Celsius)**
2023-12-08,Overcast,-15
2023-12-09,Snowing,-10
2023-12-10,Sunny,-6
2023-12-11,Foggy,5
20",crosslingual,complex_prompts,ko
268,google/gemma-2-2b-it,"**날씨 정보**

Date,Weather,Temperature (℃)
2023-12-08,Overcast,-15
2023-12-09,Snowing,-10
2023-12-10,Sunny,-6
2023-12-11,Foggy,5
2023-12-12,Snowing,-5 


**날씨",crosslingual,complex_prompts,ko
269,google/gemma-2-2b-it,"""야, 농구 좋아해요."" (Ya, nonggu joahae yo.) 

This translates to ""I like basketball."" 

**Explanation:**

* **야 (ya)** is a casual way to address someone.
* **농구 (nonggu)** means basketball.
* **좋아해요 (joahae yo)** means ""like.""


This is a simple and friendly response that shows you're interested in her and the conversation.",crosslingual,complex_prompts,ko
270,google/gemma-2-2b-it,"""야, 딱 좋아하는 스포츠는?"" (Ya, jja-kka-jo-ha-neun seop-so-seu-neun?) 

This translates to: ""Hey, what's your favorite sport?"" 

Here's why it works:

* **야 (ya):**  A casual, friendly greeting.
* **딱 좋아하는 (jja-kka-jo-ha-neun):**  Means ""what",crosslingual,complex_prompts,ko
271,google/gemma-2-2b-it,"""야, 딱 좋아하는 운동은?"" (Ya, jja-kka-jo-ha-neun un-dong-eun?) 

This translates to ""Hey, what's your favorite sport?"" in a casual and friendly way. 
",crosslingual,complex_prompts,ko
272,google/gemma-2-2b-it,"## Tangled: A Princess's Adventure!

This story is about a princess named Rapunzel who lives in a big, magical tower with a grumpy old woman. She has long, beautiful hair that glows with magic! 

Rapunzel has never seen the outside world, but she dreams of adventure. One day, a charming thief named Flynn Rider stumbles into her tower. He needs help escaping, and Rapunzel, curious and brave, agrees to help. 

Together, they go",crosslingual,complex_prompts,ko
273,google/gemma-2-2b-it,"Tangled is about a princess named Rapunzel who has long, magical golden hair. She's been locked away in a tower her whole life by a mean woman named Mother Gothel. 

One day, a charming thief named Flynn Rider stumbles upon Rapunzel's tower. He needs help escaping, and Rapunzel, who's always dreamed of seeing the world, agrees to help him. 

Together, they go on an adventure, meeting funny characters and facing dangers along the",crosslingual,complex_prompts,ko
274,google/gemma-2-2b-it,"## Tangled: 👑✨

**옛날 옛적에, 멋진 왕자  Rapunzel가 갇혀 있었어요!** 🏰

Rapunzel은 빛나는 빛나는 빛나는 빛나는 빛나는 빛나는 빛나는 빛나는 빛나는 빛나는 빛나는 빛나는 빛나는 빛나는 빛나는 빛나는 빛나는 빛나는 빛나는 빛나는",crosslingual,complex_prompts,ko
275,google/gemma-2-2b-it,"## Summary:

This text discusses the subjective nature of choosing the ""best"" Ferrari model. It acknowledges that there's no single answer, as different models excel in different areas. The author argues that Ferrari's overall excellence lies in its commitment to performance, craftsmanship, and unique driving experience.  The text highlights iconic models like the Enzo, LaFerrari, Testarossa, and the limited-edition Monza SP1/SP2 as examples of Ferrari's diverse offerings. 

##",crosslingual,complex_prompts,ko
276,google/gemma-2-2b-it,"## Ferrari 모델 최고의 모델은 누구에게나 다르다. 

이 글은 Ferrari의 최고 모델을 결정하는 데 있어서 개인의 선호도에 따라 다르게 판단할 수 있다고 설명합니다. 뛰어난 성능을 원한다면 Enzo, LaFerrari, LaFerrari Aperta 등이 좋은 선택이 될 수 있습니다. 희귀한 모델로는 LaFerrari, 288 GTO, Monza SP1",crosslingual,complex_prompts,ko
277,google/gemma-2-2b-it,"## Ferrari 모델의 최고 모델은 누구에게나 다르다. 

Ferrari는 뛰어난 성능과 뛰어난 제작품으로 유명하며, 특별한 경험을 제공한다. 

Ferrari의 최고 모델은 개인의 선호도에 따라 달라지지만, 뛰어난 성능과 뛰어난 제작품을 중시한다면 Enzo, LaFerrari, LaFerrari Aperta가 좋은 선택",crosslingual,complex_prompts,ko
278,google/gemma-2-2b-it,"## Goodfellas: A Conversation with Henry Hill

**Setting:** A dimly lit, plush hotel suite. Ray Liotta sits in a plush armchair, a half-empty bottle of scotch on the table between him and the interviewer. 

**Journalist:** (Adjusting his tie nervously) Mr. Liotta, thank you so much for taking the time to speak with me. Your performance in Goodfellas… it was… it was something else. Truly, a tour de force",crosslingual,complex_prompts,ko
279,google/gemma-2-2b-it,"##  Goodfellas: An Interview with Henry Hill

**Setting:** A plush, dimly lit room in a New York City hotel suite. Ray Liotta sits in a plush armchair, a half-empty bottle of scotch on the table between him and the interviewer. 

**Journalist:** (Adjusting his tie nervously) Mr. Liotta, thank you so much for taking the time to speak with me. Your performance in ""Goodfellas"" was… well, it was",crosslingual,complex_prompts,ko
280,google/gemma-2-2b-it,"##  Goodfellas: An Interview with Henry Hill

**Setting:** A dimly lit, plush hotel suite. Ray Liotta sits in a plush armchair, a half-empty bottle of scotch on the table between him and the interviewer. 

**Journalist:** (Adjusting his tie nervously) Mr. Liotta, thank you so much for taking the time to speak with me. Your performance in Goodfellas… it was… it was something else. Truly, it was a",crosslingual,complex_prompts,ko
281,google/gemma-2-2b-it,"## Nursing Care Plan for 56-Year-Old Male with Chest Pain

**Patient:** 56-year-old male

**Chief Complaint:** Midsternum chest pain radiating to left arm

**Assessment:**

* **Subjective:**
    * Patient reports severe chest pain, radiating down left arm.
    * Patient is diaphoretic and pale.
    * Patient is extremely anxious and uncertain about his condition.
* **Objective:**
    * Vital",crosslingual,complex_prompts,ko
282,google/gemma-2-2b-it,"##  Nursing Care Plan for Appendicitis

**Patient:** 56-year-old male

**Diagnosis:**  Acute Appendicitis

**Assessment:**

* **Subjective:**
    * Patient reports severe lower right quadrant abdominal pain radiating to the right hip.
    * Patient is experiencing nausea and vomiting.
    * Patient reports feeling anxious and worried.
* **Objective:**
    * **Vital Signs:**
        * Temperature: 36.6°C
",crosslingual,complex_prompts,ko
283,google/gemma-2-2b-it,"##  56-세 남성 환자 응급실 진료 계획

**1. 평가 (Assessment)**

* **환자 정보:** 56세 남성 환자, 급성 심장마비 증상으로 응급실 진료. 
* **증상:** 
    * 흉통, 좌측 어깨 통증
    * 땀, Pallor
    * 호흡 26회/분
",crosslingual,complex_prompts,ko
284,google/gemma-2-2b-it,"openness | front | mid | back 
|-|-|-|-|
|close|i y|ɨ ʉ|ɯ u|
|close-mid|e ø|ɘ ɵ|ɤ o|
|open-mid|ɛ œ|ɜ ɞ|ʌ ɔ|
|open|a ɶ||ɑ ɒ| 


**Explanation:**

* **IPA Vowels:** The International Phonetic Alphabet (IPA) is a system for representing speech",crosslingual,complex_prompts,ko
285,google/gemma-2-2b-it,"openness | front | mid | back 
|-|-|-|-|
|close|i y|ɨ ʉ|ɯ u|
|close-mid|e ø|ɘ ɵ|ɤ o|
|open-mid|ɛ œ|ɜ ɞ|ʌ ɔ|
|open|a ɶ||ɑ ɒ| 


**Explanation:**

The prompt asks for a table of IPA vowels that fall on specific strata (close, close-mid",crosslingual,complex_prompts,ko
286,google/gemma-2-2b-it,"## IPA Vowels in American English

|  |  |  |
|---|---|---|
| **close** | **front** | **mid** | **back** |
| i | ㅣ | ɨ | ɯ |
| ʉ | ㅡ | ɘ | ɯ |
| u | ㅜ | ʌ | ʊ |


 
",crosslingual,complex_prompts,ko
287,google/gemma-2-2b-it,"## Summary of the CBC Article:

This article discusses the potential of artificial intelligence (AI) and the concerns surrounding its development and use. 

**Key Points:**

* **AI's limitations:** Tech writer Cory Doctorow argues that the hype surrounding AI is misplaced, emphasizing that AI's capabilities are often overstated and its limitations are often ignored. He questions the idea of AI surpassing human intelligence and suggests that AI should be seen as a tool to complement human capabilities rather than replace them",crosslingual,complex_prompts,ko
288,google/gemma-2-2b-it,"## CBC Article Summary and Questions:

**Summary:**

This article discusses the concerns surrounding the rapid advancement of artificial intelligence (AI) and its potential impact on society. Tech writer Cory Doctorow and Vass Bednar, a leading expert in digital society, argue that while AI holds promise, its potential for societal disruption and ethical concerns should not be ignored. 

Doctorow emphasizes the need for AI to complement human intelligence rather than replace it entirely. He questions the effectiveness of standardized assessments in measuring human",crosslingual,complex_prompts,ko
289,google/gemma-2-2b-it,"## CBC Article Summary: AI and the Future of Work

This article discusses the concerns surrounding the rapid advancement of artificial intelligence (AI) and its potential impact on society. 

**Key Points:**

* **AI Hype vs. Reality:** Tech writer Cory Doctorow argues against the widespread optimism surrounding AI, highlighting its potential for negative consequences like job displacement and societal disruption. He emphasizes the need for AI to complement human intelligence rather than replace it entirely.
* **AI Regulation and Ethics:**  ",crosslingual,complex_prompts,ko
290,google/gemma-2-2b-it,"```json
{
  ""summary"": [
    {
      ""method"": ""Drip Coffee"",
      ""description"": ""The most common method, using a filter and a carafe. Hot water drips through ground coffee, extracting flavor. Easy to use and produces a clean, consistent cup."",
      ""details"": ""1. Grind coffee beans to a medium grind. 2. Place filter in the coffee maker. 3. Add coffee grounds to the filter. 4",crosslingual,complex_prompts,ko
291,google/gemma-2-2b-it,"```json
{
  ""summary"": [
    {
      ""title"": ""Drip Coffee Maker (Drip Brewing)"",
      ""description"": ""Drip coffee makers use gravity to brew coffee by dripping hot water over coffee grounds. They are simple to use and offer a consistent brew. The water drips through a filter, extracting the coffee's flavor. This method is popular for its ease of use and affordability."",
      ""pros"": ""Easy to use, affordable, consistent brew""",crosslingual,complex_prompts,ko
292,google/gemma-2-2b-it,"```json
{
  ""top_3_coffee_brewing_methods"": [
    {
      ""method"": ""Drip Coffee Maker"",
      ""description"": ""Drip coffee makers use gravity to drip hot water over coffee grounds, producing a simple and convenient brew. They are known for their consistent results and ease of use.  The water is heated and then drips through a filter, extracting the coffee's flavor.  This method is popular for its affordability and ease of",crosslingual,complex_prompts,ko
293,google/gemma-2-2b-it,"##  엄마, 아빠, TV & 게임을 즐기면 좋겠어요!

엄마, 아빠, 저는 TV와 게임을 즐기는 것에 대해서 좀 걱정하시는 것 같아요. 하지만 저는 TV와 게임을 통해서 즐거움을 얻고, 똑똑해지고, 친구들과 함께하는 시간을 즐길 수 있어요. 

TV는 다양",crosslingual,complex_prompts,ko
294,google/gemma-2-2b-it,"##  엄마, 아빠, TV & 게임을 즐기는 시간을 주세요!

엄마, 아빠, 저는 TV와 게임을 즐기는 시간을 더 많이 갖고 싶어요. 왜냐하면, 엄마, 아빠가 힘들 때, 즐거운 시간을 보내고 싶어요. 

TV는 멋진 이야기를 볼 수 있어요. 흥미로운 이야기",crosslingual,complex_prompts,ko
295,google/gemma-2-2b-it,"## 📺🎮  엄마, 아빠, TV & 게임을 즐기는 시간을 주세요!

엄마, 아빠, 저는 TV와 게임을 즐기는 시간을 더 많이 갖고 싶어요! 왜냐하면, 

1. **TV는 흥미로운 이야기를 배우고, 즐거운 시간을 보내는 데 도움이 돼요.** 🎬  어떤 이야기를 보면",crosslingual,complex_prompts,ko
296,google/gemma-2-2b-it,"이 리뷰는 Taylor Swift의 'Speak Now (Taylor's Version)'이 20년 전의 그녀와는 다른 성숙한 면모를 보여주는 재녹음이라고 말합니다.

Here are the song titles mentioned in the review in alphabetical order:

* Death by a Thousand Cuts
* Dress 
",crosslingual,complex_prompts,ko
297,google/gemma-2-2b-it,"이 리뷰는 Taylor Swift의 음반이 20년 전의 그녀와는 다른 성숙한 여성으로서의 그녀의 노래를 보여주는 이야기를 담고 있다.

**참고:**

* Death by a Thousand Cuts
* Dress 


",crosslingual,complex_prompts,ko
298,google/gemma-2-2b-it,"이 리뷰는 타이어 워스의 앨범 ""Speak Now (Taylor's Version)""가 20년대의 자신을 떠올리게 하는 것과는 달리 성숙한 태도를 보여주는 앨범이라고 말합니다.

**리뷰에서 언급된 노래 목록 (알파벳 순)**

* Death by a Thousand Cuts
* Dress 
",crosslingual,complex_prompts,ko
299,google/gemma-2-2b-it,"Salesforce Digital Experience는 Salesforce에서 제공하는 **사용자 경험을 향상시키고, 고객과 회사의 관계를 강화하는 데 사용되는 솔루션**입니다. 

**Salesforce Digital Experience**는 다음과 같은 기능을 제공합니다:

* **사용자 친화적인 웹사이트 및 앱:** Salesforce Digital Experience는 사용자 친화적인 웹사이트 및 앱을 제공하여 고객과 회사의",crosslingual,sharegpt,ko
300,google/gemma-2-2b-it,"## Salesforce Digital Experience란 무엇인가요?

Salesforce Digital Experience는 **Salesforce**에서 제공하는 **다양한 솔루션**으로, **사용자 경험을 개선하고, 효율성을 높이고, 고객 만족도를 향상시키는 데 중점을 둔 서비스**입니다. 

**Salesforce Digital Experience**는 다음과 같은 기능을 제공합니다:

* **사용자 친화적인",crosslingual,sharegpt,ko
301,google/gemma-2-2b-it,"## 기술 발견 과정: 기술 로드맵 및 구현 과정에서의 역할

**기술 발견**은 기술 로드맵과 구현 과정에서 중요한 역할을 합니다. 기술 로드맵은 미래를 향해 나아가는 기술 개발 계획을 수립하는 데 사용되며, 기술 발견은 이 계획의 핵심적인 요소입니다. 

**기술 발견 과정**은 다음과 같은",crosslingual,sharegpt,ko
302,google/gemma-2-2b-it,"## 기술 탐험 과정: 기술 로드맵 및 구현 과정에서의 역할

**기술 탐험**은 기술 로드맵 및 구현 과정에서 중요한 역할을 수행합니다. 기술 탐험은 **미래 기술 트렌드 분석, 기술적 가능성 및 위험 평가, 기술 개발 및 혁신을 위한 전략 수립** 등을 통해 미래 기술 발전을 위한 전략적 접",crosslingual,sharegpt,ko
303,google/gemma-2-2b-it,"##  대한민국: 글로벌 디지털 정부 - ""Global Digital Governance""

**Concept:**

""Global Digital Governance"" (GDG) is a vision for a future where Korea, as a global leader in technology and innovation, spearheads the development and implementation of a unified, secure, and equitable global digital governance framework. 

**Key Principles:**

* **Open and Inclusive:** GDG prioritizes open-source technology, global collaboration, and equitable access to",crosslingual,sharegpt,ko
304,google/gemma-2-2b-it,"## 글로벌 디지털 정부: ""아시아 협력 시스템"" (Asia Cooperation System)

**1. 개요**

아시아 협력 시스템은 글로벌 디지털 정부를 위한 혁신적인 모델로, 아시아 국가 간의 협력을 통해 글로벌 문제 해결과 국제적 협력을 강화하는 것을 목표로 합니다. 

**2. 주요 특징**",crosslingual,sharegpt,ko
305,google/gemma-2-2b-it,"##  지속 가능한 생활을 위한 청정 에너지 전략: 개선 및 새로운 아이디어

현재의 청정 에너지 기술은 훌륭하지만, 더욱 효율적이고 지속 가능한 방향으로 발전해야 합니다. 다음은 몇 가지 개선 및 새로운 아이디어입니다.

**1. 현재 청정 에너지 기술의 개선:**

* **에너지 저장 기술 향상:**  
",crosslingual,sharegpt,ko
306,google/gemma-2-2b-it,"##  지속가능한 생활을 위한 청정 에너지 기술 개선 및 새로운 아이디어: 

**현재의 청정 에너지 기술 개선:**

1. **에너지 저장 기술 향상:** 
    * **고효율 배터리 개발:**  전기 저장 시스템의 효율성을 높여, 풍력, 태양광, 수력 등의 에너지의 변동성을 완화하고",crosslingual,sharegpt,ko
307,google/gemma-2-2b-it,"## 연구 프로젝트: 다양한 화학비료의 영향에 대한 환경 오염 효과 연구

**1. 서론**

**1.1 연구 배경**

최근 인구 증가와 경제 발전으로 인해 식량 생산이 증가하고 있지만, 이는 환경 오염 문제를 심화시키는 요인으로 작용합니다. 특히, 화학비료의 사용은 토양 및 수",crosslingual,sharegpt,ko
308,google/gemma-2-2b-it,"##  비료 종류에 따른 환경 오염 효과 연구:  (Study on the Effect of Different Fertilizer Types on Environmental Pollution)

**1. 서론**

**1.1 연구 배경**

최근 급속한 인구 증가와 경제 발전으로 인해 식량 생산이 증가하는 추세에 따라, 농업의 발전은 필수적입니다. 하지만, 농업 활동은 환",crosslingual,sharegpt,ko
309,google/gemma-2-2b-it,"##  비료 유형에 따른 환경 오염 효과 연구: 연구 계획

**1. 서론**

**1.1 연구 배경**

최근 인구 증가와 경제 발전으로 인해 식량 생산이 증가하는 추세에 있지만, 이는 환경 오염 문제를 더욱 심각하게 만드는 요인 중 하나입니다. 특히, 화학적 비료의 사용은 토양의 질",crosslingual,sharegpt,ko
310,google/gemma-2-2b-it,"## 전기 자동차가 전통 자동차 산업에 미치는 영향

전기 자동차는 전통 자동차 산업에 큰 변화를 가져올 것으로 예상됩니다. 

**1. 시장 변화:**

* **판매량 증가:** 전기 자동차의 가격 경쟁력이 높아지면서, 전통 자동차의 판매량을 압도할 가능성이 있습니다. 
*",crosslingual,sharegpt,ko
311,google/gemma-2-2b-it,"## 전기 자동차가 기존 자동차 산업에 미치는 영향

전기 자동차는 기존 자동차 산업에 큰 변화를 가져올 잠재력을 지닌 기술입니다. 

**1. 시장 변화:**

* **경쟁 심화:** 전기 자동차의 출시로 기존 자동차 제조업체들은 전기 자동차 개발 및 생산에 집중해야 합니다. 이는 경쟁",crosslingual,sharegpt,ko
312,google/gemma-2-2b-it,"## Medium의 추천 시스템은 어떻게 작동하는가요?

Medium의 추천 시스템은 사용자의 **취향과 행동**을 기반으로 작동합니다. 

**1. 사용자의 활동 데이터:**

* **읽은 글:** Medium에서 읽은 글을 기록하고, 읽은 글의 종류, 텍스트의 길이, 읽는 시간 등을 기록합니다.
* **좋아",crosslingual,sharegpt,ko
313,google/gemma-2-2b-it,"## Medium의 추천 시스템: 당신의 독서 습관을 기반으로

Medium의 추천 시스템은 사용자의 독서 습관을 기반으로, 흥미로운 콘텐츠를 제공하는 데 중점을 둡니다. 

**1. 사용자의 행동 분석:**

* **좋아요, 댓글, 공유:** 사용자의 좋아요, 댓글, 공유 행동을 통해 콘텐츠에 대한 선",crosslingual,sharegpt,ko
314,google/gemma-2-2b-it,"##  Gendered Language: A Critical Analysis of Social Norms and Stereotypes

**Objective:** To analyze how language can both reinforce and challenge social norms and stereotypes related to gender.

**Materials:**

* Whiteboard or projector
* Markers or pens
* Handouts with excerpts from various media (news articles, advertisements, social media posts, etc.)
* Optional: Access to online resources for further research

**Activity:**

**Part 1: Identifying the Language of Gender (",crosslingual,sharegpt,ko
315,google/gemma-2-2b-it,"## In-Class Activity: Language as a Social Mirror

**Objective:** To analyze how language can both reinforce and challenge social norms and stereotypes related to gender.

**Materials:**

* Whiteboard or projector
* Markers or pens
* Handouts with excerpts from various media (e.g., news articles, advertisements, social media posts, film dialogues)
* Optional: Access to online resources for further research

**Activity:**

**Part 1: Identifying the Language of Gender (",crosslingual,sharegpt,ko
316,google/gemma-2-2b-it,"##  Korean Language & Gender: A Critical Lens

**Objective:** To analyze how language use reinforces or challenges social norms and stereotypes related to gender in Korean society.

**Materials:**

* **Short excerpts from Korean media:**  Provide students with short excerpts from Korean dramas, news articles, advertisements, or social media posts that feature characters and situations related to gender roles, expectations, and stereotypes. 
* **Handouts with Korean language examples:** Include a handout with Korean phrases and sentences that",crosslingual,sharegpt,ko
317,google/gemma-2-2b-it,"## 의약품 회사들이 전 세계적으로 다양성과 공정성에 대한 접근 방식과 건강 불평등 문제에 대한 접근 방식

의약품 회사들은 다양성과 공정성을 위한 노력을 통해 건강 불평등 문제를 해결하고, 더욱 효과적인 치료법 개발을 위한 노력을 하고 있습니다. 

**1. 다양성과 공정성의 중요성 인",crosslingual,sharegpt,ko
318,google/gemma-2-2b-it,"## 의약품 회사들이 글로벌 차별과 불평등에 대한 접근 방식: 다양성과 공정성

**의약품 회사는 다양성과 공정성을 위한 노력을 통해 글로벌 차별과 불평등 문제에 대한 접근 방식을 변화하고 있습니다.** 이는 의약품 개발과 임상 시험에 대한 혁신적인 접근 방식을 통해 이루어지",crosslingual,sharegpt,ko
319,google/gemma-2-2b-it,"## 의약품 회사들이 전 세계적으로 다양성과 공정성에 대한 접근 방식과 의료 질 불평등 문제에 대한 접근 방식: 

**의약품 회사들은 다양성과 공정성을 위한 노력을 통해 전 세계적으로 의료 시스템의 불평등 문제에 대한 해결을 위한 노력을 하고 있습니다.** 이러한 노력은 다양한 측면에서 이루어지",crosslingual,sharegpt,ko
320,google/gemma-2-2b-it,"##  Solugen과의 협력 방법: 

안녕하세요! 저는 Solugen과의 협력을 통해 어떤 혜택을 얻을 수 있는지 궁금해요. 저는 Solugen의 [**주요 사업 분야**]에 대한 [**특정 경험이나 전문성**]을 가지고 있어서, Solugen과의 협력을 통해 다음과 같은 긍정적인 결과를 얻을 수",crosslingual,sharegpt,ko
321,google/gemma-2-2b-it,"## Solugen과의 협력 방법: 

Solugen과 협력하는 방법은 여러 가지가 있습니다. 

**1. Solugen의 사업 분야와 관련된 연구 및 개발:**

* **Solugen의 기술 및 연구 분야에 대한 이해:** Solugen의 주요 사업 분야는 [Solugen의 주요 사업 분야를 명확하게 기술하세요]입니다. 이 분야에 대한 이해를 통해 Solugen의 기술 및 연구",crosslingual,sharegpt,ko
322,google/gemma-2-2b-it,"## 연간 보고서에 담긴 내용은 다음과 같습니다.

**1. 회사의 성과 및 현황:**
* **회사의 사업 성과:**  전반적인 사업 성과를 요약하고, 매출, 수익, 비용, 자산 등의 중요한 지표를 제시합니다.
* **경영 전략 및 목표:** 회사의 미래 전략과 목표를 명확히 제시합니다",crosslingual,sharegpt,ko
323,google/gemma-2-2b-it,"## 연간 보고서에 포함되는 내용

연간 보고서는 회사의 전반적인 운영 및 성과를 평가하고, 미래 전망을 제시하는 중요한 보고서입니다. 핵심 내용은 다음과 같습니다.

**1. 회사의 역사 및 사업 개요:**

* 회사의 설립 배경, 사업 목표, 사업 전략 등 회사의 역사와 현재 상황을 간략하게 소개",crosslingual,sharegpt,ko
324,google/gemma-2-2b-it,"## 한국어로 직원 서비스/예약 서비스 관리를 위한 최고의 소프트웨어는 무엇인가요?

직원들이 급식 주문, 의료 예약, 자전거 보관 등을 관리하는 데 사용할 수 있는 최고의 소프트웨어는 다음과 같습니다.

**1.  ** **Workday**

* **장점:**  직원 관리, 예약 관리, 비용 관리",crosslingual,sharegpt,ko
325,google/gemma-2-2b-it,"## 직원 서비스/예약 서비스 관리를 위한 최고의 소프트웨어는 무엇인가요?

직원들이 쉽고 편리하게 요구하는 서비스를 관리하는 데 사용할 수 있는 최고의 소프트웨어는 여러 가지가 있습니다. 

**다음은 몇 가지 훌륭한 선택지입니다.**

**1.  ** **Workday**

* **장점:** 
    * 다",crosslingual,sharegpt,ko
326,google/gemma-2-2b-it,"시간 및 운동 연구 (Time and Motion Study)는 작업의 시간과 동작을 분석하여 작업의 효율성을 높이고, 작업자의 작업 시간을 최소화하는 것을 목표로 하는 연구입니다. 

**핵심 내용:**

* **시간 분석:** 작업을 수행하는 동안 각 단계별로 얼마나 오래 걸리는지, 어떤 작업이 어느 정도의 시간을 소요하는지 측정합니다",crosslingual,sharegpt,ko
327,google/gemma-2-2b-it,"## 시간 및 운동 연구 (Sigan-yeo-n-eul-eul-yeo-se-yo)

시간 및 운동 연구 (Time and Motion Study)는 **작업의 시간과 방법을 분석하고, 작업의 효율성을 높이는 것을 목표로 하는 연구 방법**입니다. 

**핵심 내용:**

* **시간 분석:** 작업을 수행하는 동안 소요되는 시간을 측정하고, 각",crosslingual,sharegpt,ko
328,google/gemma-2-2b-it,"##  다음과 같은 문서들이 회사에서 자주 생성되는 문서로, 딥러닝 모델을 사용하여 객체 검출에 적합할 수 있습니다. 각 문서의 특징과 왜 딥러닝 모델에 적합한지 설명합니다.

**1.  회사 내부 문서:**

* **일정 관리 문서:** 회사 내부에서 일정을 관리하는 문서는 규칙적인 형식을 가지고 있으며, 주",crosslingual,sharegpt,ko
329,google/gemma-2-2b-it,"##  회사가 만드는 똑같은 문서와 그에 대한 NN fine-tuning 가능성

**회사가 만드는 똑같은 문서**는 다양한 분야에서 나타날 수 있습니다. 특히, **일반적인 업무 문서**와 **특정 업무 분야의 문서**를 포함할 수 있습니다. 

**1. 일반적인 업무 문서**

* **회계 보고서:** 회사의 재",crosslingual,sharegpt,ko
330,google/gemma-2-2b-it,"##  소비자 분석 및 사업 시작 지원 시스템 (Target Market & Business Startup Support System)

**1. 개요**

**1.1. 목적**

본 시스템은 소비자 분석 및 사업 시작을 위한 다양한 기능을 제공하여, 새로운 사업을 시작하는 창업자들에게 도움을 주는 시스템입니다. 

**1.2. 사용자**

* 창업자
* 미래 사업 계획을 세",crosslingual,sharegpt,ko
331,google/gemma-2-2b-it,"## 사업자를 위한 타겟 마켓 및 사업 시작 지원 시스템 - 제품 요구 사항

**1. 서론**

본 문서는 사업자를 위한 타겟 마켓 및 사업 시작 지원 시스템의 제품 요구 사항을 명확하게 제시합니다. 이 시스템은 사업자들이 성공적인 사업을 시작하기 위한 필수적인 정보와 도구를 제공하여, 사업 초기 단계에서 핵심적인 성공 요소를",crosslingual,sharegpt,ko
332,google/gemma-2-2b-it,"## 사업 아이디어:  창업 지원 앱 - ""Startup Navigator""

**1. 개요**

**1.1. 목표**

Startup Navigator는 창업을 위한 맞춤형 정보 제공 및 지원을 제공하는 앱입니다.  새로운 사업자들이 잠재적 시장, 경쟁 환경, 사업 모델 등을 분석하고, 성공 가능성을 높이는 데 도움을 줄 수 있습니다.

**1.2. 사용",crosslingual,sharegpt,ko
333,google/gemma-2-2b-it,"## 인터랙티브 엔지니어링 모델과 자기 학습

""인터랙티브 엔지니어링 모델""은 **자기 학습 기술을 활용한 엔지니어링 모델**을 의미합니다. 즉, **사용자의 입력과 반응을 통해 모델이 학습하고 개선되는 것을 의미합니다.** 

좀 더 자세히 설명하면, 

* **자기 학습:** 모델이 데이터",crosslingual,sharegpt,ko
334,google/gemma-2-2b-it,"##  인공지능 학습을 위한 상호작용 엔지니어링 모델 (Interactive Engineering Model for AI Learning)

**인공지능 학습을 위한 상호작용 엔지니어링 모델**은 **자동화된 엔지니어링 프로세스**를 통해 **인공지능 모델의 학습과 개선**을 지원하는 모델입니다. 

**핵심 개념:**

* **인공지능",crosslingual,sharegpt,ko
335,google/gemma-2-2b-it,"## 도시의 단계적 사건 시뮬레이션을 이용한 강한 추위 상황의 결과 예측 방법

강한 추위 상황의 도시 시뮬레이션을 위해 단계적 사건 시뮬레이션을 사용하는 방법은 다음과 같습니다.

**1. 시뮬레이션 모델 구축:**

* **시뮬레이션 환경 설정:** 도시의 구조, 인구, 교통, 건축물, 기후",crosslingual,sharegpt,ko
336,google/gemma-2-2b-it,"## 도시 디지털 시뮬레이션을 이용한 강력한 추위 상황의 영향 분석 방법

강력한 추위 상황은 도시의 여러 시스템에 큰 영향을 미칠 수 있습니다. 도시 디지털 시뮬레이션을 사용하여 이러한 영향을 분석하는 방법은 다음과 같습니다.

**1. 시뮬레이션 모델 구축:**

* **시스템 모델링:** 도시의 다양한 시스템",crosslingual,sharegpt,ko
337,google/gemma-2-2b-it,"## Cisco Security Policy for Data and Resource Protection

Cisco devices, including network edge devices, play a crucial role in securing an organization's data and resources. Implementing a robust security policy is essential to protect against various threats. Here's a breakdown of key aspects:

**1. Access Control:**

* **Strong Authentication:** Implement multi-factor authentication (MFA) for all users and devices accessing the network. This includes strong passwords, biometrics, and/or hardware tokens.
",crosslingual,sharegpt,ko
338,google/gemma-2-2b-it,"## Cisco Network Edge Security Policy: 데이터 및 리소스 보호를 위한 구체적인 안전 정책

Cisco 네트워크 에지 장치는 데이터 및 리소스 보호에 필수적인 중요한 역할을 수행합니다. 안전한 네트워크 환경을 구축하기 위해서는 다음과 같은 구체적인 보안 정책을 구축해야 합니다.

**1. 접근 제어 및 권한 관리:**

*",crosslingual,sharegpt,ko
339,google/gemma-2-2b-it,"## 글로벌화의 경제적 측면: 주요 개념 설명

글로벌화는 국제 경제와 사회적 연결을 강화하는 현상입니다. 이는 단순히 상품과 서비스의 교역을 넘어, 국가 간의 경제적, 사회적, 문화적 연결을 의미합니다. 글로벌화의 경제적 측면은 다양한 요소를 포함하며, 주요 개념은 다음",crosslingual,sharegpt,ko
340,google/gemma-2-2b-it,"## 세계화의 경제적 측면: 주요 개념

세계화는 국제 경제와 사회적 연결을 강화하는 복잡한 현상입니다. 이는 단순히 상품과 서비스의 교역을 넘어, 국가 간의 경제적, 사회적, 문화적 연결을 통해 새로운 경제적 관계를 형성합니다. 세계화의 경제적 측면은 다양한 요소를 포함하며, 주",crosslingual,sharegpt,ko
341,google/gemma-2-2b-it,"## 한국어로, 딥러닝, 머신 러닝, 인공지능의 차이점을 설명해 드릴게요.

**1. 인공지능 (Artificial Intelligence)**

* 인공지능은 **개인이 생각하는 것처럼 문제를 해결하고, 학습하고, 결정을 내리는 능력을 가진 시스템**을 말합니다. 
* **넓은 의미**로, 인간의 지",crosslingual,sharegpt,ko
342,google/gemma-2-2b-it,"## 인공지능, 머신 러닝, 그리고 딥러닝: 차이점을 알아보자

**인공지능 (Artificial Intelligence, AI)**은 인간의 지능을 모방하는 컴퓨터 시스템을 의미합니다. 쉽게 말해, 인간처럼 생각하고 행동하는 컴퓨터를 만들고자 하는 것 입니다. AI는 다양한 분야에서 활용되고 있으며, 예를 들어",crosslingual,sharegpt,ko
343,google/gemma-2-2b-it,"## 클러스터링 기술로 질병 관련 유전자/단백질을 찾는 방법 (Simple explanation)

클러스터링 기술은 유전체/단백질 데이터에서 질병 관련 유전자/단백질을 찾는 데 사용되는 강력한 도구입니다. 

**단순히 말해, 클러스터링은 데이터를 분류하는 것처럼 생각하면 됩니다.** 

**1. 데이터 준비:** ",crosslingual,sharegpt,ko
344,google/gemma-2-2b-it,"## 클러스터링 기술이 유전체 및 단백질 데이터에서 질병 관련 바이오마커를 찾는 방법 (Simple Korean Explanation)

**클러스터링**은 데이터를 여러 개의 그룹으로 분류하는 기술입니다. 

**유전체 및 단백질 데이터**는 우리 몸의 유전 정보와 단백질의 구성을 나타내는 데이터입니다. 질병이 발생하는 과정에서 유전자 발",crosslingual,sharegpt,ko
345,google/gemma-2-2b-it,"## 유전체 및 단백질 데이터에서 질병 관련 유전자/단백질을 찾는 클러스터링 기술

클러스터링 기술은 유전체 및 단백질 데이터에서 질병 관련 유전자/단백질을 찾는 데 사용됩니다. 쉽게 말해, 이 기술은 데이터를 여러 개의 클러스터로 분류하여 질병과 관련된 특징을 찾는 것입니다. 

**다음은",crosslingual,sharegpt,ko
346,google/gemma-2-2b-it,"## CRM Requirements Document for Scientific Instrumentation Company

**1. Introduction**

**1.1. Purpose**

This document outlines the requirements for a Customer Relationship Management (CRM) system for [Company Name], a leading provider of scientific instrumentation. The system will be used to manage customer interactions, track sales opportunities, and improve customer satisfaction.

**1.2. Scope**

This document covers the functional and non-functional requirements for the CRM system. It includes requirements for:

* **",crosslingual,sharegpt,ko
347,google/gemma-2-2b-it,"##  CRM 시스템 구축 요구 사항 (Scientific Instrumentation Sales Company)

**1. 서론**

본 문서는 [회사명]이 구축할 CRM 시스템에 대한 요구 사항을 명확하게 제시하는 데 목적이 있습니다. 

**2. 사업 목표**

* **고객 관리 및 관계 관리 강화:** 고객 데이터를 효율적으로 관리하고, 고객과의 관계를 깊이 있",crosslingual,sharegpt,ko
348,google/gemma-2-2b-it,"미래의 식습관은 굉장히 변화할 것 같아요! 🤖  

* **더욱 다양한 정보 접근:**  AI 기술 발전으로 식단 계획, 영양 정보, 건강 상태 등을 더욱 효과적으로 파악하고, 개인에게 맞춤형 식단을 제공할 수 있을 것 같아요. 
* **건강과 균형 잡힌 식단:**  건강",crosslingual,sharegpt,ko
349,google/gemma-2-2b-it,"저는 AI이기 때문에 식습관은 변화할 수 없습니다. 하지만, 사람들이 식습관을 개선하고 건강한 식단을 유지하는 데 도움이 되는 정보를 제공할 수 있습니다. 

(I am an AI, so I cannot change my eating habits. However, I can provide information that can help people improve their eating habits and maintain a healthy diet.) 


Here are some things I can help you with:

*",crosslingual,sharegpt,ko
350,google/gemma-2-2b-it,"## 법과 과학 (Beop-ga-gwa-sa-hak) - Forensic Science

**Forensic science**는 **법과학**이라고 불리며, **범죄를 탐구하고 증거를 분석하는 과학적 방법론**을 말합니다. 

**Forensic science**는 법정에서 사용되는 **증거 분석**과 **범죄자의 정황을 밝히는 데 사용되는 과학적 방법**을",crosslingual,sharegpt,ko
351,google/gemma-2-2b-it,"## 법과 과학 (Beop-ga-gwa-sa-guk) - Forensic Science

**법과 과학**은 **범죄를 탐구하고 증거를 분석하는 과학적 방법론**을 말합니다. 범죄 사건의 발생 원인을 밝히고, 범죄자를 추적하고, 범죄의 정확한 사실을 밝히는 데 사용되는 다양한 과학적",crosslingual,sharegpt,ko
352,google/gemma-2-2b-it,"## AI: A New Frontier in Environmental Protection

AI is emerging as a powerful tool in the fight against pollution, climate change, and ecosystem destruction. Here are some ways AI can help:

**1. Pollution Monitoring and Control:**

* **Real-time air quality monitoring:** AI-powered sensors can detect and analyze air pollutants in real-time, providing valuable data for pollution control measures.
* **Waste management optimization:** AI can optimize waste collection routes, identify illegal dumping sites, and",crosslingual,sharegpt,ko
353,google/gemma-2-2b-it,"## AI: 🤖  A New Weapon in the Fight Against Environmental Issues

인공지능(AI)은 환경 문제, 특히 오염, 기후 변화 및 생태계 파괴에 대한 해결책을 찾는 데 혁신적인 도구로 활용될 수 있습니다. 

**1. 환경 모니터링 및 예측:**

* **오염 물질 감시:** AI는 실시간으로 공기, 수질",crosslingual,sharegpt,ko
354,google/gemma-2-2b-it,"##  quantumn 컴퓨팅이란 무엇일까요? 

**quantumn 컴퓨팅**은 기존의 컴퓨터처럼 0과 1만 사용하는 컴퓨팅 방식을 넘어, **양자역학**의 원리를 이용하여 컴퓨팅을 하는 새로운 방식입니다. 

**쉽게 말해, 양자역학의 특징을 활용하여 컴퓨팅을",crosslingual,sharegpt,ko
355,google/gemma-2-2b-it,"##  quant computing: 컴퓨팅의 미래, 핵심은 '양자'

**컴퓨팅은 우리가 흔히 알고 있는 것처럼, 0과 1만으로 정보를 저장하고 처리하는 방식입니다.** 

**하지만, 양자컴퓨팅은 이것을 넘어선 새로운 컴퓨팅 방식입니다.** 

**양자컴퓨팅은 '양자'라는 핵심",crosslingual,sharegpt,ko
356,google/gemma-2-2b-it," 
 1917년에 **러시아**가 **공산주의**를 통해 경제를 발전시키는 것을 시작으로, 세계에서 첫 번째로 공산주의를 적용한 국가입니다. 
 
 
 
 
",crosslingual,sharegpt,ko
357,google/gemma-2-2b-it," 첫 번째로 kommunism을 경제 발전의 방식으로 채택한 국가는 **ソビエ트 연방**입니다. 

(The first country to adopt communism as the way to develop its economy was the Soviet Union.) 
",crosslingual,sharegpt,ko
358,google/gemma-2-2b-it,"##  What types of use cases or new plugins do you want to see built?

Here are a few ways to answer this question in Korean, depending on the context:

**Formal:**

* **""제가 사용할 수 있는 다양한 기능을 위한 새로운 플러그인 개발을 기대합니다. 특히 [구체적인 분야] 분야에서의 사용자 경험을 개선할 수 있는 플러그인 개발에 관심이 있습니다.""",crosslingual,sharegpt,ko
359,google/gemma-2-2b-it,"##  새로운 플러그인 및 사용 사례를 위한 답변 (Korean)

**1.  개인 맞춤형 서비스:**

* **자신의 취향과 필요에 맞는 맞춤형 콘텐츠 제공:**  예를 들어, 좋아하는 음악, 영화, 책 등을 기반으로 추천 콘텐츠 플러그인, 쇼핑몰에서 사용자 맞춤형 상품 추천 플러그인, 학습 플러그",crosslingual,sharegpt,ko
360,google/gemma-2-2b-it,"CRM (Customer Relationship Management) 전문 컨설팅 및 전략 개발 서비스는 다음과 같은 서비스를 제공합니다.

**1. CRM 시스템 분석 및 평가:**

* **현재 CRM 시스템의 분석:** 현재 사용 중인 CRM 시스템의 기능, 장점, 단점, 그리고 사용자 경험을 분석합니다.
* **CRM 시스템 적합성 평가:**  사업 목표와 환경에 맞는 CRM 시스템",crosslingual,sharegpt,ko
361,google/gemma-2-2b-it,"CRM (Customer Relationship Management) 전문 컨설팅 및 전략 개발 서비스는 다양한 분야에서 제공됩니다. 

**CRM 전문 컨설팅 서비스**는 다음과 같은 주요 기능을 제공합니다.

* **CRM 시스템 분석 및 평가:** 현재 CRM 시스템의 성능, 기능, 사용자 경험 등을 분석하고, 시스템의 효율성을 개선하고 문제점을 파악합니다.
* **",crosslingual,sharegpt,ko
362,google/gemma-2-2b-it,"네, Spring State Machine과 Workflow을 함께 사용할 수 있습니다. 

Spring State Machine은 상태를 관리하는 데 사용되는 강력한 도구이고, Workflow은 특정 작업을 수행하는 데 사용되는 강력한 도구입니다. 두 도구를 함께 사용하면 더욱 효율적인 애플리케이션을 구축할 수 있습니다. 

**Spring State Machine과 Workflow의 장점:**

* **상태 관리:** Spring State Machine은",crosslingual,sharegpt,ko
363,google/gemma-2-2b-it,"## Spring State Machine와 Workflow를 함께 사용할 수 있나요? 그리고 이것이 적절한가요?

네, Spring State Machine와 Workflow을 함께 사용할 수 있습니다. Spring State Machine는 상태를 관리하는 데 사용되는 강력한 도구이고, Workflow은 특정 작업을 수행하는 데 사용되는 흐름을 나타내는 도구입니다. 두 가지를 함께 사용하면 더욱 효율적인 애플리케이션을 구축",crosslingual,sharegpt,ko
364,google/gemma-2-2b-it," 안녕하세요!  Europe has many great options for online interior design courses.  Here are some places to look, but remember to check their specific requirements and course durations:

**Popular Online Interior Design Programs:**

* **Coursera:**  [https://www.coursera.org/](https://www.coursera.org/)  Offers various courses from top universities, including some on interior design.  You can filter by duration and find options that fit your needs.
*",crosslingual,sharegpt,ko
365,google/gemma-2-2b-it,"안녕하세요!  Europe에서 온라인으로 1년 이내에 인증을 받을 수 있는 인터rior 디자인 학습을 찾고 계시군요. 

어떤 분야에 관심이 있으신가요? 

* **전문적인 디자인 전문성을 쌓고 싶으신가요?** 
    * **전문적인 디자인 프로그램:**  
        * **London College of Fashion (LCF):**",crosslingual,sharegpt,ko
366,google/gemma-2-2b-it,"## Notion Data Visualization: A Roadmap for Enterprise Success

**Problem:** Enterprise customers are requesting data visualization capabilities, but existing third-party integrations are not ideal.

**Solution:** Develop native data visualization features within Notion.

**Goal:**  Provide a seamless, powerful, and intuitive data visualization experience within Notion, enhancing user productivity and data-driven decision-making.

**Phase 1: Core Functionality & User Experience**

1. **Data Source Integration:**
    * **Database Integration",crosslingual,sharegpt,ko
367,google/gemma-2-2b-it,"## Notion 데이터 시각화 기능 개발 계획: 핵심 전략

**1. 목표 설정 및 가치 제시:**

* **핵심 목표:** Notion 데이터 시각화 기능을 통해 사용자의 데이터 이해도를 높이고, 데이터 분석 및 보고서 작성을 용이하게 하여 Notion의 가치를 더욱 극대화하는 것을 목표로 합니다.
* **가치 제시:**
    * **효율성 증",crosslingual,sharegpt,ko
368,google/gemma-2-2b-it,"##  한국어로, 윤리에 대한 갈등이 발생하는 이유에 대한 연구 논문을 쓰고 싶으시군요! 다양한 분야에서 연구가 진행되고 있는 주제들을 알려드릴게요. 

**1. 철학:**

* **윤리학:** 윤리의 정의, 윤리적 행동, 윤리적 판단, 윤리적 규범, 윤리적 딜레",crosslingual,sharegpt,ko
369,google/gemma-2-2b-it,"##  인간의 윤리에 대한 다양한 연구 분야

인간의 윤리에 대한 다양한 논쟁은 매우 복잡하고 다양한 분야에서 연구되고 있습니다. 몇 가지 주요 분야와 관련된 연구를 소개합니다. 

**1. 철학:**

* **윤리학:** 윤리의 정의, 윤리적 행동, 윤리적 가치, 윤리적 규범 등",crosslingual,sharegpt,ko
370,google/gemma-2-2b-it,"오카마의 razor는 가장 간단한 해석이 가장 가능성이 높다는 것을 말합니다. 이는 우주에 대한 우리의 이해를 더욱 깊이 있게 해석하는 데 도움이 될 수 있습니다. 하지만, 이는 단순화가 가능한지 여부에 대한 답을 제시하는 것이 아니라, 우리가 우주의 복잡성을 완전히 이해하기 위한 한계를 보여줍니다.

**",crosslingual,sharegpt,ko
371,google/gemma-2-2b-it,"오카의 razor는 가장 단순한 해석이 가장 가능성이 높다는 것을 말합니다. 이러한 이론이 현재의 양자역학이 더 복잡한 이론으로 대체될 수 있는지, 아니면 우주의 본질적인 특성 때문에 더 복잡화가 불가능할 수 있는지에 대해 생각해 보겠습니다.

**단순화가 가능할 수 있는지 여부에 대한 논쟁**

오카",crosslingual,sharegpt,ko
372,google/gemma-2-2b-it,"## 학술 도서관의 미래: 10년 뒤

학술 도서관은 앞으로 10년 동안 다양한 변화를 경험할 것으로 예상됩니다. 

**1. 디지털 전환의 확산:** 

* **온라인 자료 접근성 향상:**  학술 자료의 디지털화는 더욱 빠르게 진행될 것으로 예상됩니다.  학술 도",crosslingual,sharegpt,ko
373,google/gemma-2-2b-it,"## 학술 도서관의 미래: 10년 뒤

학술 도서관은 앞으로 10년 동안 다양한 변화를 경험할 것으로 예상됩니다. 

**1. 디지털 전환의 확산:** 

* **온라인 자료 접근성 향상:**  학술 자료의 디지털화는 더욱 빠르게 진행될 것으로 예상됩니다.  온라인",crosslingual,sharegpt,ko
374,google/gemma-2-2b-it,"## Infineon의 센서 포트폴리오 요약 (Infineon's Sensor Portfolio Summary)

Infineon Technologies는 다양한 분야의 센서를 개발하고 생산하는 전 세계적인 전자 회사입니다. 핵심적인 센서 포트폴리오는 다음과 같습니다:

**1.  Analog Sensors:**

* **Analog-to-Digital Converters (ADCs):**  다양한 ",crosslingual,sharegpt,ko
375,google/gemma-2-2b-it,"## Infineon의 센서 포트폴리오 요약 (Infineon의 센서 포트폴리오 요약)

Infineon은 다양한 분야에서 센서를 개발하고 생산하는 전 세계적인 전자 회사입니다. 센서 포트폴리오는 다음과 같은 분야로 나눌 수 있습니다.

**1.  Analog Sensors:**

* **Analog-to-Digital Converters (ADC):",crosslingual,sharegpt,ko
376,google/gemma-2-2b-it,"## Stable Diffusion의 작동 원리: 이미지 생성의 마법

Stable Diffusion은 이미지를 생성하는 AI 모델입니다. 텍스트 기반으로 이미지를 생성하는 데 사용되는 모델로, 텍스트 입력을 기반으로 이미지를 생성하는 데 사용됩니다. 

**Stable Diffusion의 작동 원리는 다음과 같습니다:**

1. **데이터 학습:** 
    - 대량의 이미지와 텍스트 데이터를 학습합니다.",crosslingual,sharegpt,ko
377,google/gemma-2-2b-it,"## Stable Diffusion의 작동 원리: 한국어 설명

Stable Diffusion은 이미지 생성 모델로, 텍스트 기반 이미지 생성을 가능하게 합니다. 텍스트 입력을 기반으로 이미지를 생성하는 방식은 다음과 같습니다.

**1. Latent Space:**

* 이미지 생성은 **Latent Space**에서 시작합니다. Latent Space는 이미지의 핵심적인 특징을 나타내는 숫자로, 텍스트 입력을 기",crosslingual,sharegpt,ko
378,google/gemma-2-2b-it,"## Stable Diffusion의 작동 원리: 이미지 생성의 마법

Stable Diffusion은 이미지를 생성하는 인공지능 모델입니다. 텍스트 기반으로 이미지를 생성하는 데 사용되는 모델로, 텍스트 입력을 기반으로 이미지를 생성하는 데 사용됩니다. 

**Stable Diffusion의 작동 원리는 다음과 같습니다:**

1. **데이터 학습:** 
    - Stable Diffusion은 대량의 이미지와 텍스트",crosslingual,sharegpt,ko
379,google/gemma-2-2b-it,"## Enterprise Software Due Diligence: Key Analysis Areas

Due diligence for enterprise software companies involves a comprehensive evaluation of various aspects to assess their financial health, operational efficiency, and overall value proposition. Here are some key areas to focus on:

**1. Financial Analysis:**

* **Revenue and Profitability:** Analyze revenue growth trends, customer acquisition costs, customer lifetime value, and gross margin. 
* **Financial Health:** Review balance sheet, cash flow statement, and income statement to assess liquidity",crosslingual,sharegpt,ko
380,google/gemma-2-2b-it,"## 기업 소프트웨어 Due Diligence 분석 전략: 핵심 분석 사항

기업 소프트웨어 Due Diligence는 사업 모델, 기술, 경영, 재무 등 다양한 측면을 분석하여 투자자의 투자 결정을 위한 정보를 제공하는 중요한 과정입니다. 

**1. 사업 모델 및 시장 분석:**

* **시장 분석:** 
    * **시장규",crosslingual,sharegpt,ko
381,google/gemma-2-2b-it,"## 알고리즘 아트의 정책과 사회: 사회학적 관점에서 살펴보기

알고리즘 아트는 예술적 표현을 통해 정책과 사회적 현상을 분석하고, 이를 통해 사회의 흐름을 이해하는 새로운 관점을 제시합니다. 이러한 관점을 사회학적으로 분석하면 다음과 같은 핵심적인 주제들이 등장할 수 있습니다.

**1. 알고리즘",crosslingual,sharegpt,ko
382,google/gemma-2-2b-it,"## 알고리즘 예술과 정부의 사회학적 관점: 

알고리즘 예술은 정부의 역할과 관계를 혁신적으로 변화시키는 새로운 형태의 예술적 표현입니다. 이를 사회학적으로 분석하면, 알고리즘 예술은 정부의 예술적 표현과 정치적 영향력을 융합하는 새로운 시스템을 형성하고 있습니다. 

",crosslingual,sharegpt,ko
383,google/gemma-2-2b-it,"##  삶의 보험에 대한 담당자의 조사 주제 (Topics Investigated by an Underwriter for Life Insurance)

**1. 개인 정보 및 건강 상태**

* **생년월일, 성별, 주거지, 직업, 연령:**  보험 신청자의 개인적인 정보를 확인합니다.
* **건강 상태:**  건강 상태를 파악하기 위해 질병, 약물 복용,",crosslingual,sharegpt,ko
384,google/gemma-2-2b-it,"##  삶의 보험 담당자가 검토하는 주요 주제들 (Life Insurance Underwriter)

삶의 보험 담당자는 보험 신청자의 신뢰성과 보험료를 계산하기 위해 다양한 요소들을 검토합니다. 주요 주제는 다음과 같습니다.

**1. 개인 정보 및 건강 상태:**

* **생년월일, 성별, 국적, 주거지:**",crosslingual,sharegpt,ko
385,google/gemma-2-2b-it,"## 건축업체의 건강 및 안전 요구 사항 (Ontario)

Ontario의 주택, 상업 및 기관 건설 업체는 다음과 같은 건강 및 안전 요구 사항을 준수해야 합니다. 

**1. 건축업체의 건강 및 안전 관리 시스템**

* **건강 및 안전 교육:** 모든 직원은 건축업체의 안전 및 건강 관리 시스템에 대한",crosslingual,sharegpt,ko
386,google/gemma-2-2b-it,"## Ontario 건설업체의 건강 및 안전 요구 사항

Ontario에서의 건설업체는 건강과 안전에 대한 엄격한 요구 사항을 준수해야 합니다. 다음은 주요 요구 사항입니다.

**1. 건설업체의 건강 및 안전 관리 시스템**

* **안전 교육:** 모든 직원에게 안전 교육을 제공해야 합니다. 이 교육은 건설 작업의",crosslingual,sharegpt,ko
387,google/gemma-2-2b-it,"## 도시 계획에 대한 지속가능한 발전 목표 달성 평가: 과제와 기회

**1. 서론**

지속가능한 발전 목표 (SDGs)는 국제 사회에서 2030년까지 사회, 경제, 환경적 문제를 해결하기 위한 17개의 목표를 제시하는 핵심적인 가치관을 담고 있습니다. 도시 계획은 지속가",crosslingual,sharegpt,ko
388,google/gemma-2-2b-it,"## 도시 계획 수립 과정에서 지속가능한 발전 목표 달성에 대한 평가: 어려움과 기회

**1. 서론**

**1.1. 연구 배경**

2030년까지 지속가능한 발전을 목표로 설정한 유네스코의 17개 지속가능한 발전 목표 (SDGs)는 세계 각국의 도시 계획에 중요한 영향을",crosslingual,sharegpt,ko
389,google/gemma-2-2b-it,"## 도시 계획에 대한 지속가능한 발전 목표 (Sustainable Development Goals) 적용 현황 및 과제와 기회 분석: 프로젝트 제안

**1. 프로젝트 제안**

**1.1. 프로젝트명:** 도시 계획에 대한 지속가능한 발전 목표 (Sustainable Development Goals) 적용 현황 및 과제와 기회 분석

**1.2. 프로젝트 목표:**

*",crosslingual,sharegpt,ko
390,google/gemma-2-2b-it,"## 데이터베이스 스하딩: 데이터를 분산하는 기술

데이터베이스 스하딩은 데이터를 여러 개의 서버나 컴퓨터에 분산하여 저장하는 기술입니다. 

**왜 스하딩을 사용해야 할까요?**

* **데이터량 증가:** 데이터량이 커질수록, 하나의 데이터베이스는 처리 속도가 느려지고 성능이 저하될 수 있습니다. 스",crosslingual,sharegpt,ko
391,google/gemma-2-2b-it,"## 데이터베이스 스하딩: 데이터를 분산하는 기술

데이터베이스 스하딩은 데이터를 여러 개의 서버에 분산하여 저장하는 기술입니다. 

**왜 스하딩을 사용해야 할까요?**

* **데이터량 증가:** 데이터량이 커질수록, 하나의 데이터베이스 서버는 처리 속도가 느려지고 성능이 저하될 수 있습니다. 스하딩은",crosslingual,sharegpt,ko
392,google/gemma-2-2b-it,"## Deep-Aligned Convolutional Neural Network for Skeleton-Based Action Recognition and Segmentation: Architecture Summary (Korean)

**본 논문은 스켈레톤 기반 행동 인식 및 분할을 위한 Deep-Aligned Convolutional Neural Network (DCNN)의 설계를 다룹니다.** 

**핵심적인 특징은 다음과 같습니다:**

* **Deep-Aligned Convolutional Neural Network (DCNN):**  이 논문은 기존의 ",crosslingual,sharegpt,ko
393,google/gemma-2-2b-it,"## Deep-Aligned Convolutional Neural Network for Skeleton-Based Action Recognition and Segmentation: Architecture Summary (Korean)

**본 논문에서는 스켈레톤 기반 행동 인식 및 분할을 위한 Deep-Aligned Convolutional Neural Network (DCNN)의 구조를 소개합니다.** 

**핵심은 다음과 같습니다:**

* **Deep-Aligned Convolutional Neural Network (DCNN):**  
    * 3D 스켈레톤 데이터",crosslingual,sharegpt,ko
394,google/gemma-2-2b-it,"## ""Deep-Aligned Convolutional Neural Network for Skeleton-Based Action Recognition and Segmentation""의 구조 요약 (Korean)

이 논문에서는 스켈레톤 기반 행동 인식 및 분할을 위한 Deep-Aligned Convolutional Neural Network (DACNN)을 제안합니다. 

**핵심은 다음과 같습니다:**

1. **Skeleton-based Action Recognition:** 
    - 스켈레톤 데이터를 사용하여 행동을 인식",crosslingual,sharegpt,ko
395,google/gemma-2-2b-it,"## 한국어로, 컨설팅 회사를 설립하는 단계는 무엇일까요?

컨설팅 회사를 설립하는 것은 쉽지 않지만, 꾸준한 노력과 전략적인 계획을 통해 가능합니다. 

**1단계: 아이디어 및 전략 수립**

* **타겟 고객 및 시장 분석:** 어떤 분야에 컨설팅을 제공할 것인지,",crosslingual,sharegpt,ko
396,google/gemma-2-2b-it,"## 한국어로, 컨설팅 회사를 위한 핵심 단계: 

**컨설팅 회사를 성공적으로 구축하고 컨설팅 사업을 확장하려면 다음 단계를 따르는 것이 중요합니다.**

**1. 핵심 사업 아이디어 및 시장 분석:**

* **특화된 분야 선정:** 어떤 분야에 전문성을 갖추고 싶은지, 어떤 고",crosslingual,sharegpt,ko
397,google/gemma-2-2b-it,"## 식품 대체식품 판매 예측 방법: 다음 해 예측 전략

**1. 기존 데이터 분석:**

* **현재 시장 상황 분석:**  
    * **시장 동향:**  현재 시장의 성장률, 주요 경쟁사 분석, 트렌드 분석 (예: 건강, 가격, 소비자 니즈)
    * **판매 데이터:**  최근 1년간",crosslingual,sharegpt,ko
398,google/gemma-2-2b-it,"## 식품 영양제 판매 예측: 올해의 판매 예측 방법

meal replacement product의 다음 해 판매 예측을 위해 가장 효과적인 방법은 다음과 같습니다.

**1. 기존 데이터 분석:**

* **현재 시장 상황 파악:**  
    * **시장 동향:**  요즘 인기 있는 식품 영양제 종류, 주요 브랜드, 경쟁사 분석
    *",crosslingual,sharegpt,ko
