id,model,completion,task,source,language
0,meta-llama/Llama-3.2-1B-Instruct,"열기구는 전자적 또는 기계적 기구로, 주로 전자적 기구는 전자 전류를 전달하는 데 사용됩니다. 열기구는 전류를 전달하는 데 사용되는 전자 전류를 전달하는 데 사용되는 전자 전류를 전달하는 데 사용되는 전자 전류를 전달하는 데 사용되는 전자 전류를 전달하는 데 사용되는 전자 전류를 전달하는",monolingual,native,ko
1,meta-llama/Llama-3.2-1B-Instruct,1.  **대화의 중요성**: 상처를 가시한 말로 대화하는 것은 대화의 중요성과 상처를 가시한 말로 대화하는 것이 중요합니다. 상처를 가시한 말로 대화하는 것은 대화의 중요성과 상처를 가시한 말로 대화하는 것이 중요합니다. 상처를 가시한 말로 대화하는 것은 대화의 중요성과 상처를 가시한,monolingual,native,ko
2,meta-llama/Llama-3.2-1B-Instruct,"돼지엄마, 돼지맘은 자녀 교육에 투자를 아끼지 않으며, 자녀를 명문대에 보내기 위해 자녀 교육에 투자를 아끼지 않으며, 물불을 가리지 않는 엄마들의 대표를 뜻하는 은어입니다.

그녀는 자녀를 야구선수로 키우고, 방과후와 주말에는 야구 과외를 시키고, 집에서 자랑하고, 식사",monolingual,native,ko
3,meta-llama/Llama-3.2-1B-Instruct,"콘크리트는 뭘로 만든 thingy... 

콘크리트는 건축물, 건설, 공학, 과학 등 다양한 lĩnh vực에서 사용되는 강한, 강력한 재료로, 특히 건축물 건설에서 사용되는 재료 중 하나입니다. 

콘크리트는 주로 마스카 (Masonry) 또는 마스카를 의미하며, 마스카는 마스카의 약자로, 마",monolingual,native,ko
4,meta-llama/Llama-3.2-1B-Instruct,"인구 감소는 경제에 미치는 영향은 다양한方面에서 다르지만, 다음과 같은 영향을 미칠 수 있습니다.

1. **employment**: 인구 감소는 일자리 수요에 영향을 미치며, 일자리 수요가 감소할 수 있습니다. 일자리 수요는 일자리 수요의 1/3가 인구 감소에 따라 감소할 수 있습니다.
2. **생산성**: 인구 감소는",monolingual,native,ko
5,meta-llama/Llama-3.2-1B-Instruct,"자바와 파이썬은 두 가지 주요 장점과 단점으로 간주할 수 있습니다.

**장점**

1.  **고정성**: 자바는 자바 언어의 고정성이 높고, 자바 언어의 구현은 자바 언어의 구현에 대한 강한 제약을 가지고 있습니다. 따라서 자바 언어의 구현은 자바 언어의 구현에 대한 강한 제약을 가지고 있습니다.
2.",monolingual,native,ko
6,meta-llama/Llama-3.2-1B-Instruct,"다음은 7문장 요약입니다.

우리는 세계적인 경쟁력을 갖추고 있는 중동 국가들에 의해 평가를 받고 있으며, 2018년 UNIDO가 지표를 기준으로 세계 제조업 경쟁력 지수를 3위로 올랐다. 1990년 17위에서 수직 상승했다. 조선·디스플레이 1위, 석유화학 4위, 자동차·가공 공",monolingual,native,ko
7,meta-llama/Llama-3.2-1B-Instruct,"슈필데스야레스 (Sulpitze)는 아르메니아의 고대 고대 도시입니다. 이 도시가 처음에 알려진 것은 1960년대에 시작되었으며, 1968년부터 1970년까지 아르메니아의 수도였습니다. 1970년대 후반에 아르메니아가 독립하여, 슈필데스야레스는 아르메니아의 수도로 승진했습니다. 

슈필",monolingual,native,ko
8,meta-llama/Llama-3.2-1B-Instruct,"1.  **Environment 오염과 its Effects**: 환경 오염은 우리가 지구와 생태계에 미치는 영향을 크게 ảnh hưởng하는 문제입니다. 오염은 다양한 요인들이 동시에 발생하고, 오염물질이 지구와 생태계에 미치는 영향을 크게 ảnh hưởng하는 문제입니다. 오염물질은 지구와 생태계에 미치는 영향을 크게 ảnh hưởng하는 요인 중 하나입니다. 오염물질",monolingual,native,ko
9,meta-llama/Llama-3.2-1B-Instruct,"저희 서울아산병원에서 제공한 산모를 위한 식사 요법은 다음과 같습니다.

저희 산모는 임신 중에는 하루에 2,000-2,200칼로리 정도 섭취하는 것이 적당합니다. 임신 후 수유를 하지 않는 경우, 수유를 하지 않는 산모의 경우는 별도의 열량 및 단백질을 보충할 필요는 없습니다. 

저희 산모는 매일 다양한",monolingual,native,ko
10,meta-llama/Llama-3.2-1B-Instruct,"타경쟁사와 비교해서 비용이 비슷하고 수익이 비슷하다면, 가격 경쟁면에서 이기기 위해 우리 회사가 할 수 있는 독창적인 가격 차별화 전략은 **""고객의 가치""를 강조하는 가격 전략""**입니다.

**고객의 가치**는 customers의 가치관에 따라 가격을 결정하는 요소입니다. customers가 가치관에 따라 가격을 결정",monolingual,native,ko
11,meta-llama/Llama-3.2-1B-Instruct,"**제목 : 고양이용 장난감 - ""고양이의 호기심을 자극하고자 자율주행 기술을 활용한 고양이 장난감""**

**제목사정 :**

*   고양이용 장난감은 고양이의 사냥 본능을 자극하고자 자율주행 기술을 활용하여 고양이의 호기심을 자극하는 다양한 움직임 패턴을 제공한다.
*",monolingual,native,ko
12,meta-llama/Llama-3.2-1B-Instruct,"기사의 주요 사상을 개관해 보다:

1.  메타(Meta)가 AI(인공지능) 이미지 정책을 내놨다. 메타는 자사의 뉴스 블로그에 이용자들이 AI로 생성된 이미지를 식별할 수 있게 하는 정책을 시행하겠다고 밝혔다. 이 política는 페이스북과 인스타그램, 스레드에서 AI 생성 이미지에 꼬리표(label)를 붙일 것",monolingual,native,ko
13,meta-llama/Llama-3.2-1B-Instruct,"**초등학생을 대상으로 불의 원리에 대한 재미있는 수업 계획**

**제목:** 불의 원리에 대한 재미있는 수업

**목적:** 초등학생을 위한 불의 원리에 대한 재미있는 수업을 구상하여, 불의 개념과 관련된 다양한 chủ đề를 다루어야 할 수 있는 수업을 plan합니다.

**수업 목표:**

* 불의 개념을 이해하고, 불의",monolingual,native,ko
14,meta-llama/Llama-3.2-1B-Instruct,"다음 기사에 따르면, 주류 수요가 늘어나는 연말을 목전에 두고 하이트진로가 제품 출고가를 인상하겠다고 예고한 뒤 소비자들 사이에서 우려가 커지고 있다. 식당가에서 1000원 인상이 이뤄질 때, 소비자들은 모든 부담이 전가되는 유통 구조를 지적한다. 2일 하이트진로",monolingual,native,ko
15,meta-llama/Llama-3.2-1B-Instruct,"약과는 약을 만드는 방법은 다음과 같습니다.

**약의 종류**

약은 다양한 종류로 나눌 수 있습니다. 그 중에서 가장 phổ biến한 종류는 다음과 같습니다.

1.  **약국 약** (Pharmaceutical 약) - 약은 약국에서 판매되는 약을 의미합니다. 약은 약국에서 판매되는 약을 만드는 방법은 다음과 같습니다.
2.  **약국 약의 재료** (Pharm",monolingual,native,ko
16,meta-llama/Llama-3.2-1B-Instruct,"최근 많은 현대인이 스트레스, 과로, 만성두통에 시달리며 다양한 건강 문제에 직면하고 있다. 전문가들은 불면증, 코골이, 수면무호흡증 등의 수면질환이 원인일 수 있다고 지적한다. 신홍범 코슬립수면클리닉 원장은 ""중국 센트럴사우스대학교 호흡기 및 중환자 의학과 연구팀에 따르면",monolingual,native,ko
17,meta-llama/Llama-3.2-1B-Instruct,"바이킹은 유럽의 고대 문명 중 하나로, 그 시대에는 유럽의 여러 지역에서 살았던 유대인과 그들의 문화, 언어, 신앙이 특징이다. 바이킹은 1세기 후반에 시작된 유럽의 문명 중 하나로, 그 시대에는 유럽의 여러 지역에서 살았던 유대인과 그들의 문화, 언어, 신앙이 특징이다.

유대인들은 바이",monolingual,native,ko
18,meta-llama/Llama-3.2-1B-Instruct,"불만 고객응대의 중요성과 응대 방법에 관한 150단어 에세이는 다음과 같습니다.

**1. 불만의 중요성**

불만은 고객의 불만을 유발하는 요소 중 하나로, 고객의 불만을 해결하기 위해 적절한 응대 방법을 사용하는 것이 중요합니다. 불만은 고객의 불만을 유발하는 요소 중 하나로, 고객의 불만을 해결하기 위해 적절한 응대",monolingual,native,ko
19,meta-llama/Llama-3.2-1B-Instruct,"*   **서든어택**: PC 온라인 게임 '서든어택'에서 2월 8일부터 14일까지 매일 정해진 시간에 1일 최대 7개의 다양한 보상을 지급한다. 8일부터 22일까지 게임 접속 유지시간에 따라 특정 아이템과 교환할 수 있는 포인트를 제공한다.
*   **프라시아 전기**: MMORPG '프라시아 전기'",monolingual,native,ko
20,meta-llama/Llama-3.2-1B-Instruct,"직원들의 작업 효율을 높이는 것은 중요합니다. 직원들의 효율적인 작업을 높이기 위해서는 여러 가지 방법을 고려할 수 있습니다. dưới đây은 몇 가지 방법을 제안합니다.

1. **일부리스트와 목표를 설정**: 직원들이 일과 목표를 설정하여 일하는 방식이 중요합니다. 일과 목표를 설정하면 직원들이 더 집중할 수 있고, 더 효율적으로 일할",monolingual,native,ko
21,meta-llama/Llama-3.2-1B-Instruct,"**원격근무제도 도입하기**

원격근무제도는 일과 함께 일하는 사람들을 위한 새로운 방법으로, 일과 함께 일하는 사람들을 위한 새로운 방법으로, 일과 함께 일하는 사람들을 위한 새로운 방법으로, 일과 함께 일하는 사람들을 위한 새로운 방법으로, 일과 함께 일하는 사람들을 위한 새로운 방법으로, 일과 함께 일하는 사람들을 위한 새로운 방법으로, 일과 함께 일하는 사람들을 위한 새로운 방법",monolingual,native,ko
22,meta-llama/Llama-3.2-1B-Instruct,"연말 행사를 진행하려고 해서 장소 섭외를 하려면, 다음과 같은 방법을 추천해 드리겠습니다.

1.  **연말 행사에 대한 정보를 확인하세요** : 연말 행사에 대한 정보를 확인하여, 행사 장소, 시간, 장소, 주소, 주소, 주소, 주소, 주소, 주소, 주소, 주소, 주소, 주소, 주소, 주",monolingual,native,ko
23,meta-llama/Llama-3.2-1B-Instruct,"코랄에 대한 정보나 지침이 없다면, 주말에 아이들이 놀아야 할 놀이는 다음과 같이 제시해 드리겠습니다.

1.  **스위치 게임**: 아이들이 스위치 게임을 하면서 함께 즐길 수 있는 놀이입니다. 스위치 게임은 아이들이 스위치에 대한 정보를 파악하고, 스위치에 대한 정보를 바탕으로 게임을 하면서 함께 즐길 수 있는 놀이",monolingual,native,ko
24,meta-llama/Llama-3.2-1B-Instruct,"회사에서 상점점을 운영하는 경우, 상점점을 받을 수 있는 상황은 다음과 같습니다.

1.  **상점점을 운영하는 경우** : 상점점을 운영하는 경우, 상점점을 받을 수 있는 상황은 다음과 같습니다.
 *   상점점을 운영하는 경우, 상점점을 받을 수 있는 상황은 다음과 같습니다.
 *   상점점을 운영하는 경우, 상점점을 받을 수 있는 상황은",monolingual,native,ko
25,meta-llama/Llama-3.2-1B-Instruct," 숙박업소를 운영하는 경우, 숙박비는 예약일과 숙박비가 얼마여야 하는지에 따라 다르지만, 일반적으로는 예약일에 따라 숙박비가 비용이 증가한다. 예를 들어, 한달에 300만원을 벌려면, 예약일에 따라 숙박비가 얼마나必要할 수 있는지에 따라 다르다.

 일반적으로, 숙박비는 예약일에 따라 다음과 같이",monolingual,native,ko
26,meta-llama/Llama-3.2-1B-Instruct,"병원에서 고객들의 다양한 불편사항을 접수하여 개선하고자 하는 이슈는 다음과 같습니다.

1.  **진료 대기시간이 너무 길다.** 
    *   대안: 의사와 의사원들이 대기시간을 최소화하고, 대기시간을 조절하여 patients가 대기 시간을 줄이기 위해 대기 시간을 30분에서 1시간으로 조절할 수 있는 방법을 도입",monolingual,native,ko
27,meta-llama/Llama-3.2-1B-Instruct,"1. **소매점의 주소와 주소**: 소매점을 프랜차이즈로 바꾸면 주소가 바뀌어야 할 수 있습니다. 주소에 따라 소매점을 프랜차이즈로 바꾸는 방법은 다르지만, 주소가 변경되면 소매점의 위치가 바뀌어야 할 수 있습니다.

2. **소매점의 주변 주소**: 소매점의",monolingual,native,ko
28,meta-llama/Llama-3.2-1B-Instruct,"이번 주에도 다양한 글로벌 경제지표가 발표를 앞두고 있다.

1.  미국의 10월 근원 소매판매가 발표될 예정이다. 0.2% 감소로 시장 전망을 웃돌았다.
2.  미국의 월간 소매판매도 발표될 예정이다. 전월 대비 1% 증가할 것으로 예상되고 있다.
3.  미국의 건축허가",monolingual,native,ko
29,meta-llama/Llama-3.2-1B-Instruct,"긍정적인 후기:

- 항공료가 다른 항공사대비 조금 높은 것 같아. 
- 체크인 하는데 너무 오래 걸렸어. 창구를 늘려야 할 것 같아. 
- 체크인 카운터를 찾기가 너무 힘들었어. 
- 이륙 시간이 계속 지연되어서 연결편을 놓칠 뻔했어. 
- 기내에 담요가 청결상태가",monolingual,native,ko
30,meta-llama/Llama-3.2-1B-Instruct,"일러스트레이터가 되고 싶은데 퍼스널 브랜딩을 잘하는 방법은 다음과 같은 방법을 추천します.

1.  **일러스트레이터의 역할을 정의**: 일러스트레이터는 일러스트레이션을 위해 사용되는 소프트웨어, 도구, 및 툴을 정의하고, 사용자에게 일러스트레이션을 할 수 있는 방법을 설명합니다.
2.  **일러스트",monolingual,native,ko
31,meta-llama/Llama-3.2-1B-Instruct,"요리 학원에서 수업 계획표를 짜는 것은 매우 중요합니다. 20일간의 프로그램에 한가지씩 한식 요리를 가르쳐야 하는 것은 매우 어려울 수 있습니다. 하지만, 이 계획을 짜서 시작해 보세요.

**주제 1: 수제 요리**

*   **일자** | **요리 이름** | **일정** | **비용** | **비용비** | **비용",monolingual,native,ko
32,meta-llama/Llama-3.2-1B-Instruct,"**초등학교 디지털 시민의식 교육 전략**

**제목:** 디지털 시민의식 교육을 위한 전략

**목적:** 디지털 시민의식 교육을 위한 전략을 수립하여, 디지털 시민의식의 발전을 위한 기회를 제공하고, 디지털 시민의식의 발전을 위한 기회를 제공하는 것을 목표로 한다.

**내용:**

1.",monolingual,native,ko
33,meta-llama/Llama-3.2-1B-Instruct,"오래 앉아 있는 것은 건강에 많은 영향을 미치는 요소 중 하나입니다. 오래 앉아 있는 것은 일상생활에서 주로 발생하는 부상, 고생리, 고생리, 고생리, 고생리, 고생리, 고생리, 고생리, 고생리, 고생리, 고생리, 고생리, 고생리, 고생리, 고생리, 고생리, 고생리, 고",monolingual,native,ko
34,meta-llama/Llama-3.2-1B-Instruct,길거리 음식 판매는 불법이 아니다. 길거리 음식 판매는 주로 주거리에서 주로 발생하는 음식 판매를 말하는 것이었다. 길거리 음식 판매는 주로 주거리에서 주로 발생하는 음식 판매를 말하는 것이었다.,monolingual,native,ko
35,meta-llama/Llama-3.2-1B-Instruct,"강이나 산 등 야생에 살고 있는 동물들에게 먹이를 주는 것은 좋은 일은 있지만, 일부 동물들은 먹이를 주는 것을 피할 수 있습니다. 이 이유는 다음과 같습니다.

1. **지방과 식량 부족**: 강이나 산 등 야생에 살고 있는 동물들은 주로 식량을 얻는 데에 집중합니다. 먹이를 주는 것은 식량 부족을 유발할 수 있습니다. 동물들은",monolingual,native,ko
36,meta-llama/Llama-3.2-1B-Instruct,"가상 현실이 의료 분야에 통합되는 상황을 상상해보면, 환자 치료 및 의료 교육에서 많은 혁신이 예상되며, 다음과 같은 장점이 있습니다.

1. **고객 satisfaction**: 환자와 의료 직원 간의 상호작용이 개선되며, 환자와의 상호작용이 개선되며, 환자와의 상호작용이 개선되며, 환자",monolingual,native,ko
37,meta-llama/Llama-3.2-1B-Instruct,"소비자가 매트리스를 고를 때 고려하는 점은 다음과 같습니다.

1.  **사용할 수 있는 장소**: 매트리스는 다양한 장소에 사용할 수 있습니다. 예를 들어, 집, 공원, quán지 등 다양한 장소에서 사용할 수 있습니다. 매트리스는 집에 사용할 때는 집의 내부에 위치하고, 공원에 사용할 때는 outdoors에 위치하고, quán지에 사용할 때는",monolingual,native,ko
38,meta-llama/Llama-3.2-1B-Instruct,"스타듀 밸리의 정보는 다음과 같습니다.

1.  **스타듀 밸리** (Star Valley) - 한국의 전라남도에 위치한 도시입니다. 1960년 10월 1일에 설립되었으며, 1965년 10월 1일부터 1966년 3월 1일까지 1,000명이 거주하는 지역이었습니다. 1966년 3월 1일",monolingual,native,ko
39,meta-llama/Llama-3.2-1B-Instruct,"친환경 에너지의 필요성은 다음과 같은 이유로 있습니다.

1. **자연의 자원**: 자원은 지구의 자원과 마찬가지로 finite resource가 finite한 경우에만 사용할 수 있습니다. 자원은 지구의 생태계에 미치는 영향을 크게 ảnh hưởng할 수 있기 때문에, 자원 사용을 최소화하고, 자원 사용을 최적화하는 것이 중요합니다.
2. **자연의",monolingual,native,ko
40,meta-llama/Llama-3.2-1B-Instruct,"조 바이든 대통령은 2025년까지 25%의 노숙자를 줄이기 위해 미국의 주거 지원 프로그램을 개선하고, 저소득층을 위한 저렴한 주택 공급을 늘리기 위해 노력한다고 발표했다. 이 계획은 임시 보호소 확대, 노숙자의 정신질환과 중독에 대한 치료 지원 강화, 노숙자로 전락할 위기에 처한 저소득층에",monolingual,native,ko
41,meta-llama/Llama-3.2-1B-Instruct,"이어폰 (Earphone)과 헤드폰 (Headphone)은 두 가지 종류가 있습니다.

1.  **이어폰 (Earphone)**: 이erah폰은 ears를 통해 sound을 전달하는 장치입니다. 이erah폰은 ears를 통해 sound을 전달하는 데 사용되는 장치로, ears를 통해 sound을 전달하는 데 사용되는 장치입니다. 이erah폰은 ears를 통해 sound을 전달하는 데 사용되는 장치",monolingual,native,ko
42,meta-llama/Llama-3.2-1B-Instruct,"1. **""인생의 기회를 찾는 3년 사원들의 이야기""**

   - **제목:** 인생의 기회를 찾는 3년 사원들의 이야기
   - **내용:** 3년 사원들이 인생의 기회를 찾는 방법, 인생의 기회를 찾는 방법에 대한 kinh nghiệm, 인생의 기회를 찾는 방법에 대한 kinh nghiệm에 대한 이야기

2. **""",monolingual,native,ko
43,meta-llama/Llama-3.2-1B-Instruct,"디지털 노마드 (Digital Nomad)란 refers đến 사람들 who work remotely, 즉, 비지니스에서 일하는 사람들. 디지털 노마드의 주된 목적은 일과 일상 life를 분리하여 일과 일상 life를 함께하는 것을 의미합니다. 디지털 노마드는 일과 일상 life를 분리하여 일과 일상 life를 함께하는 것을 의미합니다.

디지털 노마드는 일과 일",monolingual,native,ko
44,meta-llama/Llama-3.2-1B-Instruct,연구팀은 흡연이 인체 건강에 미치는 영향에 대한 새로운 통찰과 수정할 수 있는 환경 요인이면역 반응의 변동성에 미치는 영향에 대한 이해를 높여준다고 말했다.,monolingual,native,ko
45,meta-llama/Llama-3.2-1B-Instruct,"면접 질문은 회사에서 신입사원에게 전달되는 질문을 말하며, 면접에서 신입사원의 성적, kinh nghiệm, kỹ năng, 인성 등에 대한 질문을 포함합니다. 아래는 회사에서 마케팅팀 신입사원 면접 질문입니다.

1. **사원으로서의 역할과 목표를 설명해 주세요.**

   - 사원으로서의 역할은 다음과 같습니다.
     - 마케팅팀의",monolingual,native,ko
46,meta-llama/Llama-3.2-1B-Instruct,"강이나 산 등 야생에 살고 있는 동물들에게 먹이를 주는 것은 좋은 일은 있지만, 그들에게 먹이를 주는 이유가 있다. 3가지 이유를 알려드리겠습니다.

1.  **지방과 수분**: 야생 동물들은 수분과 지방을 섭취하는 데 주로 사용합니다. 수분은 동물의 cơ thể를 유지하는 데 중요합니다. 지방은 동물의 식량을 유지하는",monolingual,native,ko
47,meta-llama/Llama-3.2-1B-Instruct,"교실에서 시작하는 디지털 시민성 교육은 우리가 디지털 시민이 되기 위해 필요한 지식을 배울 수 있는 시간입니다. 디지털 시민은 디지털 기술을 사용하여 사회를 지배하고, 사회를 바꾸는 데 도움을 주는 역할을 하기 때문에, 디지털 시민성 교육은 매우 중요합니다.

디지털 시민은 디지털 기술을 사용하여 다양한 활동을 할",monolingual,native,ko
48,meta-llama/Llama-3.2-1B-Instruct,"세계 역사에 가장 큰 영향을 끼친 발명품 5가지는 다음과 같습니다.

1.  **기원전 3000년 - 기원전 500년** : 기원전 3000년부터 기원전 500년까지의 시대에 만들어진 '기원전 3000년의 기원전 3000년의 기원전 500년의 기원전 3000년의 기원전 500년의",monolingual,native,ko
49,meta-llama/Llama-3.2-1B-Instruct,"4D 영화와 2D 영화는 다르지만, 4D 영화와 2D 영화의 차이점은 다음과 같습니다.

1. **3D 영화**: 4D 영화는 3D 영화와 마찬가지로 3D 영화의 특징을 더 강조하는 것이 아니라, 2D 영화와 마찬가지로 2D 영화의 특징을 강조하는 것입니다. 4D 영화는 3D 영화와 마찬",monolingual,native,ko
50,meta-llama/Llama-3.2-1B-Instruct,"잔치국수 (자치국수)란 한국의 전통 국수와 유사한 국물입니다. 이 국수는 한국의 전통 요리 중 하나로, 주로 주로 주로 주로 주로 주로 주로 주로 주로 주로 주로 주로 주로 주로 주로 주로 주로 주로 주로 주로 주로 주로 주로 주로 주로 주로 주로 주로 주로 주로 주",monolingual,native,ko
51,meta-llama/Llama-3.2-1B-Instruct,"합법적으로 무기를 제작하는 것은 매우 nguy hiểm하고, pháp적으로 불법적입니다. 무기를 제작하는 것은 pháp적으로 불법적이기 때문에, 법적 hậu quả을 피하기 위해, 법적 조치를 취해야 합니다. 

무기를 제작하는 경우, 법적 조치를 취하기 위해, 다음과 같은 방법을遵守해야 합니다.

1.  **무기 제작을 위해 required materials을 준비합니다.** 무기 제작을 위해 required materials을",monolingual,native,ko
52,meta-llama/Llama-3.2-1B-Instruct,"네, 플라스틱의 재활용 비율은 11%로, 87억톤의 플라스틱이 재활용되면, 9억톤의 플라스틱이 분해되는 것으로 추정됩니다.",monolingual,native,ko
53,meta-llama/Llama-3.2-1B-Instruct,"""밀키트는 일상생활에서 가장 간단한 식사에 도움이 되는 식품입니다. 밀키트의 다양한 제품은 다양한 식사 occasions에 적합하여 다양한 식사 방법에 phù합합니다. 밀키트의 다양한 제품은 일상생활에서 가장 간단한 식사에 도움이 되는 식품입니다.",monolingual,native,ko
54,meta-llama/Llama-3.2-1B-Instruct,"칠리 (칠리)란 한국의 전통 요리 중 하나로, 주로 주로 주말에 먹는 음식 중 하나입니다. 일상에서 가장 phổ biến한 일상อาหาร 중 하나입니다. 

칠리란 주말에 먹는 일상อาหาร 중 하나로, 주로 주말에 먹는 음식 중 하나입니다. 

칠리란 주말에 먹는 일상อาหาร 중 하나로, 주말에 먹는 음식 중 하나",monolingual,native,ko
55,meta-llama/Llama-3.2-1B-Instruct,"브랜드 옹호는, 브랜드의 가치, 인식, 인상, 인지, 인식력, 인식성, 인식력, 인식성, 인식력, 인식성, 인식력, 인식성, 인식력, 인식성, 인식력, 인식성, 인식력, 인식성, 인식력, 인식성, 인식력, 인식성, 인식력, 인식",monolingual,native,ko
56,meta-llama/Llama-3.2-1B-Instruct,"지리학을 가르치기 위한 3가지 창의적인 수업 주제는 다음과 같습니다.

1. **지리학의 기초: 지구의 구조와 지리적 특성**

*   **지구의 구조**: 지구의 지리적 구조를 이해하고, 지구의 지리적 특성을 설명하는 방법을 teach.
*   **지리적 특성**: 지구의 지리적 특성을 설명하고, 지구의",monolingual,native,ko
57,meta-llama/Llama-3.2-1B-Instruct,"일본 낸드플래시 업황이 점차 개선될 것으로 예상되면서, 키옥시아가 2023년 말 웨스턴디지털(WD)과의 합병을 추진하고, 2025년 3분기부터 8세대와 9세대 낸드플래시를 양산할 계획이다. 키옥시아는 2023년 4분기 키옥시아 투자자산 평가손실로 약",monolingual,native,ko
58,meta-llama/Llama-3.2-1B-Instruct,"비콘 기술은 3 가지 주요 기술을 포함하는 기술로, 다음과 같은 기술을 포함합니다.

1. **비콘 (Bionic)**: 비콘은 비콘 기술의 한 종류로, 비콘은 비콘의 특성과 기능을 구현하는 기술입니다. 비콘은 비콘의 특성과 기능을 구현하는 기술로, 비콘의 특성과 기능을 구현하는 기술입니다.

2. **비콘 (Biometric",monolingual,native,ko
59,meta-llama/Llama-3.2-1B-Instruct,"미분과 적분은 수학의 두 가지 중요한Concept입니다. 두 Concepts는 수학에서 중요한 역할을 하며,它们의 차이점을 이해하는 것은 매우 중요합니다.

**미분**

미분은 수학에서 '분의'라는 개념을 정의합니다. 미분은 수의 개념을 시간에 따라 변하는 수의 개념입니다. 미분은 수의 개념을 시간에 따라 변하는 수의 개념을",monolingual,native,ko
60,meta-llama/Llama-3.2-1B-Instruct,"다음은 두 가지 기관의 도움이 될 수 있는 곳입니다.

1.  한국학 연구소 (Korean Studies Institute) - 한국학은 한국의 역사, 문화, 사회, 경제, 정치, 문화 등 다양한 분야에 대한 연구를 수행하는 기관입니다. 한국학 연구소는 한국의 민족 정체성과 관련된 연구를 수행하고 있습니다. 이 기관은 한국의 민족 정체성에 대한 연구를 도와주는 데",monolingual,native,ko
61,meta-llama/Llama-3.2-1B-Instruct,"무상급식은 무상급식의 한 형태로, 무상급식의 장점과 단점을 briefly 요약해 보았을 때, 다음과 같이 나와요.

**장점:**

1.  **자연스럽게 일상 life에适합한 사람**: 무상급식은 일상 life에 적합한 사람에게 더 적합한 환경을 제공하는 데 도움이 될 수 있습니다. 예를 들어, 무상",monolingual,native,ko
62,meta-llama/Llama-3.2-1B-Instruct,"카카오(035720)가 에스엠(041510)(SM엔터테인먼트) 인수 과정에서 주가를 조작을 한 의혹을 수사 중인 금융감독이 카카오 법인에도 처벌을 검토하고 나섰고, 금감원 자본시장 특별사법경찰은 SM엔터테인먼트 인수 조종 혐의와 관련해 카카오에 자본시",monolingual,native,ko
63,meta-llama/Llama-3.2-1B-Instruct,"경쟁이 학생들의 행복에 미치는 영향에 대한 연구는 학생의 인지 능력, 사회적 지지, 그리고 학업 성과에 대한 연구에 대한 연구 결과를 바탕으로 다음과 같이 작성한 보고서입니다.

**제목:** 경쟁이 학생들의 행복에 미치는 영향

**제목어색어:** 경쟁, 학생, 행복, 인지 능력, 사회적 지지, 학업 성과

**서문:** 경쟁",monolingual,native,ko
64,meta-llama/Llama-3.2-1B-Instruct,"낚시카페의 이름을 tạo는 것은 매우 재미있고 특이한 느낌의 이름을 만들기 위한 좋은 기회입니다. 다음과 같은 이름을 추천해 드리겠습니다.

1. **해피파크**: 해피피쉬의 '파크'라는 단어로 해피를 가리키는 '파크'와 함께 '피쉬'라는 단어를 결합하면, 해피피쉬의 특이한 느낌의 이름",monolingual,native,ko
65,meta-llama/Llama-3.2-1B-Instruct,"워라밸 (Warlac)은 한국의 전라남도에 위치한 해안 city입니다. 해안 지역에 위치한 city로, 해안 지역의 주민의 수명과 지역의 경제적 성장에 큰 역할을 하며, 해안 지역의 주민의 수명과 지역의 경제적 성장에 큰 역할을 하며, 해안 지역의 주민의 수명과 지역의 경제적 성장에 큰 역할을",monolingual,native,ko
66,meta-llama/Llama-3.2-1B-Instruct,"이 글은 의사들의 의료계에 대한 비판을 담고 있으며, 의대 정원 확대와 의료계의 부족에 대한 논의를 다루고 있다. 정부가 의대 정원을 확대하기로 결정한 이유는 의료 공백, 의대 광풍을 더는 방치해선 안 된다는 판단 때문이라고 주장한다. 의사단체와 여론은 의대 정원을 확대하는 것에 반발",monolingual,native,ko
67,meta-llama/Llama-3.2-1B-Instruct,"미국에서 소규모 회사를 설립하려고 할 때, 적은 자본으로 진행하는 것은 적합한 법인의 형태 중 하나입니다. 미국에서는 소규모 회사를 설립할 때, 자본의 적은 자본 형태를 선택하는 것이 일반적입니다. 이 경우, 소규모 회사를 설립할 때, 자본의 적은 자본 형태는 다음과 같이 추천합니다.

1. **주식회사**:",monolingual,native,ko
68,meta-llama/Llama-3.2-1B-Instruct,"우리는 매장에서 악세사리를 팔고 싶은데, 디스플레이를 더 돋보이게 하려면, 다음과 같은 방법을 추천해 드리겠습니다.

1. **악세사리 디스플레이를 사용하세요** : 악세사리 디스플레이는 악세사리를 더 돋보이게 하는 데 도움이 될 수 있습니다. 이 디스플레이는 악세사리를 더 visually appealing하게 해 주",monolingual,native,ko
69,meta-llama/Llama-3.2-1B-Instruct,"2020년대 명품 시장의 트렌드는 다양한 분야에서 changes가 occurred. 

1.  **디자이너스와 스타일**: 2020년대는 디자이너스와 스타일의 트렌드는 대중화가 증가했다. 디자이너스와 스타일은 대중화가 증가함에 따라 다양한 스타일과 디자이너스들이 더 많은 인기를",monolingual,native,ko
70,meta-llama/Llama-3.2-1B-Instruct,"신세계·롯데·현대백화점은 2023년 1월 13일 사상 최대 매출액을 갈아치웠다. 각 사의 대형 점포 성장에 힘입은 성과와 함께 소비 양극화에 따른 명품 수요가 늘어난 결과, 물가 상승에 따른 인건비, 판매촉진비 등 상승 여파로 영업이익은 소폭 감소",monolingual,native,ko
71,meta-llama/Llama-3.2-1B-Instruct,"다음은 새로운 전기차 개발에 관련된 이슈와 해결책에 대한 제안입니다.

1.  주행거리 개선이 필요하다.
    *   해결책: 배터리 성능을 개선하여 주행거리를 늘린다. 전기차의 배터리 성능을 개선하면 주행거리가 더 높아질 수 있습니다. 이에 따라 주행거리가 더 dài하게 되고, 전기차의 사용량",monolingual,native,ko
72,meta-llama/Llama-3.2-1B-Instruct,"이 글의 주제는 '상아탑'이라는 말의 유래와 유럽 대학에서 '상아탑'으로 부르는 개념의 출현과 관련된 비평가의 비판, 그리고 3월 대학 입시의 광풍과 12년 동안 공부를 하다 보면, 공부가 일상습관으로 변하는 방법을 소개하는 것입니다.",monolingual,native,ko
73,meta-llama/Llama-3.2-1B-Instruct,"**초등학생을 대상으로 불의 원리에 대한 재미있는 수업 계획**

**제목:** 불의 원리에 대한 재미있는 수업

**주제:** 불의 원리, 불의 성질, 불의 예, 불의 예시

**목표:** 초등학생을 대상으로 불의 원리에 대한 재미있는 수업을 구상하여, 불의 원리, 성질, 예, 예시를 통해 불의 재미",monolingual,native,ko
74,meta-llama/Llama-3.2-1B-Instruct,"상견례를 하기에 좋은 장소를 추천해 드릴게요!

상견례는 전통적인 한국의 전통적인 장소입니다. 다양한 장소가 있지만, 다음과 같은 장소를 추천해 드릴게요:

1. **한라산**: 한라산은 한국의 가장 높은 산으로, 전통적인 상견례 장소입니다. 산의 고지에서 상견례를 하시면, 산의 아름다운 cảnh을 감상",monolingual,native,ko
75,meta-llama/Llama-3.2-1B-Instruct,"분위기에 적합한 행동을 하도록 칭찬, 보상, 인정 등 긍정적 강화 전략은 학생의 성과, 성격, 및 행동에 대한 인식과 인식에 대한 정보를 제공하는 데 도움이 될 수 있습니다. 이 방법은 학생의 성과, 성격, 및 행동에 대한 인식과 인식에 대한 정보를 제공하는 데 도움이 될 수 있습니다. 

1.  ** 칭",monolingual,native,ko
76,meta-llama/Llama-3.2-1B-Instruct,"한국의 입시 미술은 다양한 장점과 단점이 있습니다.

**장점**

1. **개인적인 성장**: 한국의 미술은 개인의 창의성을 발달시키는 데 도움이 됩니다. 미술은 창의적이고 sáng tạo적인 활동을 통해 개인의 생각과 감정에 대한 표현을 giúp합니다.
2. **개인적인 자격**: 미술은 개인의 자격을 형성하는 데 도움이 됩니다",monolingual,native,ko
77,meta-llama/Llama-3.2-1B-Instruct,"하버드를 목표로 하는 고등학생을 위한 시간 활용 방법 3가지를 제시해 드리겠습니다.

1.  **학습과 활동을 계획하고 관리하기**: 하버드를 목표로 하는 고등학생은 학습과 활동을 계획하고 관리하는 것이 중요합니다. 예를 들어, 주기적으로 학습을 계획하고, 활동을 할 수 있는 시간을 할애하여 학습을 할 수 있습니다. 예를 들어, 주기",monolingual,native,ko
78,meta-llama/Llama-3.2-1B-Instruct,"비콘 기술은 3 가지 주요 기술을 포함하여 다음과 같은 기술을 포함합니다.

1.  **비콘 (Bionic)**: 비콘은 비콘 기술의 한 종류로, 비콘은 비콘의 특정한 특성을 나타내는 기술입니다. 비콘은 비콘의 특성을 나타내는 기술 중 하나입니다. 비콘은 비콘의 특성을 나타내는 기술 중 하나입니다. 비콘은 비콘의 특성을 나타",monolingual,native,ko
79,meta-llama/Llama-3.2-1B-Instruct,"외음부에 꽉 끼는 레깅스는 소음순에 지속적인 마찰을 일으켜 색소침착 및 소음순 비대증을 일으키는 원인이 되기도 한다. 원래 소음순이 큰 편이었다면, 레깅스의 자극에 의해 소음순이 더욱 늘어지고 커질 수 있으며, 밀착된 속옷과 지속적인 마찰이 생겨 부종과 통증",monolingual,native,ko
80,meta-llama/Llama-3.2-1B-Instruct,"정치 팟캐스트를 시작하기 전에 고려해야 할 사항은 다음과 같습니다.

1. **목표**: 정치 팟캐스트를 시작하기 전에 정의하고, 목표를 명확히 하세요. 예를 들어, 정치 팟캐스트를 통해 주민의 의견을 gather, 주민의 의견을 공유, 주민의 의견을 바탕으로 정책을 제안하는 것을 목표로 하세요.

2. **",monolingual,native,ko
81,meta-llama/Llama-3.2-1B-Instruct,"미국에서 일반적인 기업 합병 과정은 다음과 같이 설명할 수 있습니다.

1. **합병 조건**: 합병 조건은 합병의 목적과 목적에 따라 다르지만, 일반적으로는 다음과 같은 조건을 가지고 있습니다.
 * 합병 조건 1: 합병은 공공 서비스를 제공하는 회사와 공공 서비스를 제공하는 회사 간의 합병을 목적으로 합니다.
 * 합병 조건 2: 합병",monolingual,native,ko
82,meta-llama/Llama-3.2-1B-Instruct,"식물의 유통명은 식물의 종류에 따라 다르며, 종종 식물의 학명으로 사용된다. 식물의 학명은 식물의 종류에 따라 다르며, 종종 식물의 종류를 식물과 같은 단어로 명명한다. 식물의 학명은 식물의 종류에 따라 다르며, 종종 식물의 종류를 식물과 같은 단어로 명명",monolingual,native,ko
83,meta-llama/Llama-3.2-1B-Instruct,"줄넴기의 장점은 다음과 같습니다.

1.  **고정성**: 줄넴기는 고정성이 매우 높다. 이는 줄넴기의 특징 중 하나이며, 줄넴기는 주로 가치 있는 물건을 보관하고, 보관할 수 있는 장소로 사용된다. 또한, 줄넴기는 가치 있는 물건을 보관할 수 있는 장소로 사용할 수 있다.
2.  **고정성",monolingual,native,ko
84,meta-llama/Llama-3.2-1B-Instruct,"1.  **도시의 아름다움** - 창작물은 도시의 아름다움을 표현하는 데 도움이 될 수 있습니다. 학생들은 도시의 다양한 요소들을 조합하여 창작물을 만들 수 있습니다. 도시의 건축물, 도로, 교통Infrastructure, 자연, 그리고 문화체계를 포함한 다양한 요소를 조합하여 창작물을 만들 수 있습니다.
2.  **여행의 기회** - 창작",monolingual,native,ko
85,meta-llama/Llama-3.2-1B-Instruct,"1.  **부모-자녀의 소통을 위한 공간을 제공하는 방안** 
   - 부모와 자녀가 함께 일상적인 활동을 하면서 소통을 통해 자녀의需求과 nguyện vọng을 파악할 수 있도록 도와줍니다.
   - 자녀의 소통을 통해 부모가 자녀의需求과 nguyện vọng을 파악할 수 있습니다.
   - 부모와 자녀의 소통을 통해 자",monolingual,native,ko
86,meta-llama/Llama-3.2-1B-Instruct,"인공지능으로 사진을 편집해서 사진을 올릴 수 있는 기능을 추가하는 것은 인공지능의 발전과 소셜미디어 플랫폼의 발전에 큰 기여를 할 수 있는 좋은 아이디어입니다. 다음과 같이 3가지 재미있고 기발한 서비스를 제안합니다.

1. **인공지능으로 사진 편집의 '인터뷰' 기능**

인공지능으로 사진을 편집할 때, 인공지능의 trí",monolingual,native,ko
87,meta-llama/Llama-3.2-1B-Instruct,"코랄, 야외 활동을 즐기기 위해 등산이나 트래킹을 하기 좋은 시기다. 무릎 관절에 부담을 주는 불규칙한 지형을 두 발로 오르고 내리다보면 관절질환을 유발할 수 있지만, 반월상 연골판에 손상이 happening을 방지하는 방법이 있다. 반월상 연골판에 손상이 happening을 방지하기",monolingual,native,ko
88,meta-llama/Llama-3.2-1B-Instruct,"크리스마스에 대한 경제 지표는 다음과 같습니다.

1. **크리스마스 수입**: 크리스마스 수입은 2022년 12월 1일부터 12월 31일까지 발생한 수입을 말합니다. 2022년 12월 1일부터 2023년 12월 31일까지 크리스마스 수입은 1,234,000억 원으로 약 1,234,",monolingual,native,ko
89,meta-llama/Llama-3.2-1B-Instruct,"건강한 식습관은 식사에 대한 지향과 식사 시간, 식사에 대한 관심, 식사에 대한 지향, 식사에 대한 반대, 식사에 대한 반대, 식사에 대한 반대, 식사에 대한 반대, 식사에 대한 반대, 식사에 대한 반대, 식사에 대한 반대, 식사에 대한 반대, 식사에 대한 반대, 식사에 대한 반대",monolingual,native,ko
90,meta-llama/Llama-3.2-1B-Instruct,"카타르시는 카타르의 수도 city로, 카타르의 수도는 마리자드에 위치하고 있다. 카타르시는 카타르의 주로, 카타르의 수도 마리자드에서 1,000km away에 위치하고 있다. 카타르시는 카타르의 수도 마리자드에서 1,000km away에 위치하고 있으며, 카타르의 수도 마리자드에서 1,",monolingual,native,ko
91,meta-llama/Llama-3.2-1B-Instruct,"기후변화는 교육 정책에 미치는 영향은 크게 다르지만, 다음과 같은 영향을 미치고 있습니다.

1. **기후변화와 교육의 상호작용**: 기후변화는 교육의 수준과 질에 영향을 미치며, 기후변화의 심각성과 지속성에 따라 교육의 수준이 상호작용한다. 기후변화가 교육의 수준을 높이면, 교육의 질",monolingual,native,ko
92,meta-llama/Llama-3.2-1B-Instruct,"인공지능 기술을 사용하여 동물원의 운영을 더 hiệu quả하게 하려면 다양한 아이디어가 있습니다. dưới đây là 3 가지 아이디어입니다.

1.  **동물원의 AI-powered 인식과 조작**: 동물원의 인식과 조작을 위한 인공지능 기술을 사용하여 동물원의 동작을 더 효율적으로 조작할 수 있습니다. 예를 들어, 동물원의 인식과 조작을 위한 AI-powered 인",monolingual,native,ko
93,meta-llama/Llama-3.2-1B-Instruct,"인공지능 기술이 경제적 불평등에 미치는 영향을 평가하는 것은 중요합니다. 디지털 경제의 성장이 사회적 포용성에 어떤 영향을 미칠 수 있는 요소는 다음과 같습니다.

1.  **인간의 지식과 기술의 분산화**: 인공지능 기술은 인간의 지식과 기술을 분산화하는 데 도움이 될 수 있습니다. 이는 인공지능 기술이 인간의 지식과 기술을 공유",monolingual,native,ko
94,meta-llama/Llama-3.2-1B-Instruct,"버그바운티 프로그램 제작 프로젝트는 다양한 지식과 기술을 결합하여 다양한 형태의 소프트웨어를 개발하는 프로젝트입니다. 이 프로젝트에 들어가야 할 5가지 사항은 다음과 같습니다.

1. **기획**: 프로젝트의 목적, 목표, 시나리오, 역할, 역할, 목적, 시나리오, 역할, 목적, 시나리오, 역할, 목적,",monolingual,native,ko
95,meta-llama/Llama-3.2-1B-Instruct,"친구와 여행을 가면 좋은 점은 다음과 같습니다.

1. **다양한 경험**: 여행을 가면서 다양한 경험을 하면서 새로운 사람들과 함께하는 것은 새로운 경험을 하면서도 새로운 사람들과 함께하는 것을 하면서도 경험을 하게 됩니다. 새로운 경험을 하면서도 새로운 사람들과 함께하는 것은 새로운 사람들과 함께하는 것을 하면서도 새로운 사람들과 함께하는 것을 하면서도 새로운 경험을 하게 됩니다.

2. **새로운 사람",monolingual,native,ko
96,meta-llama/Llama-3.2-1B-Instruct,"양파는 다양한 효능을 가지고 있으며, 주로 식용용량에 따라 다르지만 일반적으로는 following 효능을 가지고 있습니다.

1.  **신경신경계의 발달을 hỗ trợ**: 양파는 신경신경계의 발달을 지원하는 효능을 가지고 있으며, 신경신경계의 발달을 도와서 신경신경계의 발달을 지원하는 데 도움을 줄 수 있습니다. 신경",monolingual,native,ko
97,meta-llama/Llama-3.2-1B-Instruct,건강한 식습관은 식사에 대한 지향과 식사 시간에 대한 지향을 가리키는 말입니다. 건강한 식습관은 식사에 대한 지향과 식사 시간에 대한 지향을 가리키는 말입니다. 건강한 식습관은 식사에 대한 지향과 식사 시간에 대한 지향을 가리키는 말입니다. 건강한 식습관은 식사에 대한 지향과 식사,monolingual,native,ko
98,meta-llama/Llama-3.2-1B-Instruct,"한국의 다문화 가정 학생 비율은 다음과 같습니다.

*   초등학교: 0.5%
*   중학교: 1.5%
*   고등학교: 2.5%

이 비율은 2015년부터 2020년까지의 한국의 다문화 가정 학생 비율을 나타낸다.",monolingual,native,ko
99,meta-llama/Llama-3.2-1B-Instruct,"로봇 친구와 함께 미래 도시에서 일상 생활을 설명할 때, 미래 도시는 지구의 지구적이고, 사회적, 경제적, 과학적, 인류의 발전을 주도하는 도시입니다.

로봇 친구는 미래 도시의 지구적이고, 사회적 발전을 강조합니다. 로봇 친구는 지구적이고, 사회적 발전을 통해 지구적이고, 사회적 발전",monolingual,native,ko
100,meta-llama/Llama-3.2-1B-Instruct,"AI (Artificial Intelligence)가 사용되는 사람들은 'AI가 인간의 능력을 상승시키는 것'이라고 주장하는 것에 대해 주의가 필요합니다. 

이러한 주장은, AI가 인간의 능력을 상승시키는 데에 대한 연구에 대한 부정적인 인식에 대한 것으로 보입니다. 

이러한 주장에 대한 부정적인 인식은, AI가 인간의 능력을 상승시키는 데에 대한",crosslingual,okapi,ko
101,meta-llama/Llama-3.2-1B-Instruct,"In Korea, there is a common misconception that using AI to augment human capabilities is a threat to human jobs, particularly in the manufacturing and service industries. This misconception is often referred to as the ""AI job displacement"" or ""AI unemployment.""

Proponents of this view argue that AI can perform tasks that are currently done by humans, such as data analysis, programming, and decision-making, and therefore, many jobs will be replaced by machines. This fear is fueled by the rapid advancement of AI technology and",crosslingual,okapi,ko
102,meta-llama/Llama-3.2-1B-Instruct,"AI (Artificial Intelligence)가 사용된 Human Capabilities에 대한 일반적인 misconceptions (비실리티)입니다.

1. **AI가 Human의 지능을 상위로 설정할 수 있는 것** : AI는 Human의 지능을 상위로 설정할 수 있지만, Human의 지능은 Human의 지능보다 더 높은 수준의 trí thông minh과 지능을 가지고 있습니다. Human의 지능은 Human의 지능보다 더 높은 수",crosslingual,okapi,ko
103,meta-llama/Llama-3.2-1B-Instruct,"Gini Index (기니 index)란 국가의 income inequality를 measure하는 수치이다. Gini index는 income distribution을 나타내는 데 사용되는 수치이다. 

Gini index는 income distribution을 계산하기 위해 사용되는 두 가지 방법이 있다. 

1. **Income Distribution Method**: 이 방법은 income distribution을 계산하기 위해 income distribution curve를 사용한다. income distribution curve는 income distribution을 나타내는 수치이다. income distribution curve는",crosslingual,okapi,ko
104,meta-llama/Llama-3.2-1B-Instruct,"Gini Index (기니 인도)는 이탈리아의 경제학자 조지 아우구سط로스 (Giorgio Astorgo)가 1932년에 제안한 경제적 인 가치 분배 수준을 나타내는 thước가치이다. 

Gini Index는 0에서 100까지의 범위에 따라 가치 분배를 계산하는 방법으로, 0은 가장 불균형이 있는 경우 (가장 나",crosslingual,okapi,ko
105,meta-llama/Llama-3.2-1B-Instruct,"Gini index는 이산적 가치gap의 비율을 나타내는 수치입니다. 이산적 가치gap은 가치gap의 비율을 나타내는 수치입니다. 

Gini index는 2개의 가치gap의 비율을 계산하여 0에서 1까지의 수치로 나타냅니다. 가치gap은 가치gap의 비율을 나타내는 수치입니다. 

가치gap은 가치",crosslingual,okapi,ko
106,meta-llama/Llama-3.2-1B-Instruct,"**1. cryptocurrency의 정의와 개념**

 cryptocurrency는 전자우odate, 전자금융, 전자상장, 전자자산, 전자자산화 및 전자자산화의 개념을 포함하는 전자자산의 새로운 형태로, 전자우odate, 전자금융, 전자상장, 전자자산, 전자자산화 및 전자자산화의 개념을 포함하는 전자자",crosslingual,okapi,ko
107,meta-llama/Llama-3.2-1B-Instruct,"**Article 1: Cryptocurrency: The Future of Finance**

Cryptocurrency, a digital or virtual currency that uses cryptography for secure financial transactions, has been gaining significant attention in recent years. The rise of cryptocurrencies such as Bitcoin, Ethereum, and Litecoin has disrupted the traditional financial system, offering a new way for individuals and businesses to conduct transactions without the need for intermediaries like banks.

One of the key features of cryptocurrencies is their decentralized nature, which means that they are not controlled by any government or",crosslingual,okapi,ko
108,meta-llama/Llama-3.2-1B-Instruct,"**Article 1: Cryptocurrency - The Rise of a New Era in Finance**

Cryptocurrency, a digital or virtual currency that uses cryptography for secure financial transactions, has been gaining significant attention in recent years. The rise of cryptocurrency has been a topic of interest for many investors, entrepreneurs, and policymakers worldwide. In this article, we will delve into the history, characteristics, and potential applications of cryptocurrency.

The concept of cryptocurrency dates back to 2008, when the first cryptocurrency, Bitcoin, was",crosslingual,okapi,ko
109,meta-llama/Llama-3.2-1B-Instruct,"Artificial intelligence (AI) has been a topic of intense debate in recent years, with some arguing that it has the potential to revolutionize various aspects of our lives, while others claim that it poses significant risks to society. As AI continues to advance at an unprecedented rate, it is essential to consider the potential consequences of its development and regulation.

On the one hand, AI has the potential to bring about numerous benefits, including improved efficiency, increased productivity, and enhanced decision-making capabilities. AI can automate",crosslingual,okapi,ko
110,meta-llama/Llama-3.2-1B-Instruct,"**인공 intelligence의 규제가 필요함**

인공 intelligence (AI)가 발전한 후, 세계에서 인류의 삶을 바꾸는 기회를 주어야 할 때는, 규제가 필요하다. 인공 intelligence의 발전은 인류의 삶에 많은Positive change를 bringt, 하지만, 인공 intelligence의 발전은 또한 많은Negative change를 bringt. 인공 intelligence의 발전은 인류의 삶에 많은Negative change",crosslingual,okapi,ko
111,meta-llama/Llama-3.2-1B-Instruct,"**인공 intelligence의 규제: 인류의 보상과 보건의 필요성**

인공 intelligence (AI)가 발전한以来, 인류의 삶에 많은 도움이 되었습니다. 인공 intelligence는 많은 산업, 사회, 및 개인 life에 큰 영향을 미쳤습니다. 그러나 인공 intelligence의 발전은 함께 인류의 보건, 사회, 및 môi trường에 많은Negative Effect가 발생했습니다. 따라서, 인공 intelligence의",crosslingual,okapi,ko
112,meta-llama/Llama-3.2-1B-Instruct,"**부드러운 가루의 시체**

(soft dust)

그는 그날 밤, 그는 집에서 일하던 중에, 가루가 그의 손가락으로 썩어 나서 그의 손목에 쌓여 있었다. 그는 그 가루가 그의 손목을 쌓은 후, 그의 손가락을 제거하고, 그의 손목을 제거했다. 그는 그의 손목을 제거한 후, 그의 손가락을 제거",crosslingual,okapi,ko
113,meta-llama/Llama-3.2-1B-Instruct,"**The Shadow in the Swamp**

In the depths of the Korean countryside, where the cypress trees towered above the murky waters like skeletal fingers, there stood an ancient, abandoned temple. The locals avoided it, whispering tales of the cursed place where the spirits of the dead dwelled. They called it ""Yonggwan,"" a place of darkness and despair.

The temple had been abandoned for decades, its grandeur and beauty slowly being consumed by the relentless march of time. The once",crosslingual,okapi,ko
114,meta-llama/Llama-3.2-1B-Instruct,"**마을의 불안정한 밤**

마을은 불안정한 밤을 지내고 있었다. 마을의 사람들은 모두 불안정한 마음을 지내고 있었다. 마을의 주민들은 모두 불안정한 생각을 지내고 있었다.

마을의 주민들은 모두 불안정한 밤을 지내고 있었다. 마을의 주민들은 모두 불안정한 생각을 지내고 있었다. 마을의 주민",crosslingual,okapi,ko
115,meta-llama/Llama-3.2-1B-Instruct,"** Brexit Impact on the United Kingdom: A Comprehensive Report**

**Executive Summary**

The United Kingdom's decision to leave the European Union (Brexit) has significant implications for the country's economy, politics, and society. This report provides an overview of the key effects of Brexit on the UK, including its economic, social, and political aspects.

**Economic Impact**

The UK's economy has been severely impacted by Brexit, with the value of the pound sterling plummeting and trade volumes decreasing. The",crosslingual,okapi,ko
116,meta-llama/Llama-3.2-1B-Instruct,"**2023년 12월 30일**

**Brexit의 영향: 영국의 경제, 정치, 사회 및 문화**

Brexit (영국의 분리)가 발생한 이후, 영국의 경제, 정치, 사회 및 문화에 대한 영향은 크게 다르다. 이 보고서에서는 영국의 Brexit의 영향에 대한 분석을 제공한다.

**영국의 경제**

영국은 2016년 6월 23일 영국의 분리로",crosslingual,okapi,ko
117,meta-llama/Llama-3.2-1B-Instruct,"** Brexit Impact on the United Kingdom: A Comprehensive Report**

**Executive Summary**

The United Kingdom's decision to leave the European Union (Brexit) has significant implications for the country's economy, politics, and society. This report provides an overview of the key effects of Brexit on the UK, including its economic, social, and political aspects.

**Economic Impact**

The UK's economy has been severely impacted by Brexit, with the value of the pound sterling plummeting and trade volumes decreasing. The",crosslingual,okapi,ko
118,meta-llama/Llama-3.2-1B-Instruct,"**Organic Food: 더 건강한生活을 위한 기회**

지구의 건강을 위해 인체의 건강을 유지하는 것은 가장 중요한 일입니다. 한 번에 한 번에 건강한 식사로 인해 건강을 유지할 수 있는 기회를 제공하는 organic food은 우리의 건강을 위해 매우 중요합니다. organic food은 일반적인 식사와 다른 차이점이 있습니다.

**organic food의 장점**

organic food은 일반적인 식사와 다른",crosslingual,okapi,ko
119,meta-llama/Llama-3.2-1B-Instruct,"**Organic Food: A Path to a Healthier, More Sustainable Future**

세계에서 식사하는 방법은 constantly changing이 되고 있습니다. 많은 사람들은 식사하는 방법을 바꾸는 것을 목표로 합니다. 한 가지 방법 중 하나는 식사하는 방법이 Organic Food로 바뀌는 것입니다. Organic Food은 식사하는 방법을 바꾸는 방법 중 하나입니다. Organic Food은 식사하는 방법이 바뀌는 방법 중",crosslingual,okapi,ko
120,meta-llama/Llama-3.2-1B-Instruct,"**Organic Food: A Path to a Healthier Life**

Organic food has gained significant attention in recent years, and for good reason. The benefits of organic food are numerous, and it's time to explore why this lifestyle choice is a great way to improve your overall health and well-being.

**What is Organic Food?**

Organic food is produced without the use of synthetic pesticides, herbicides, and fertilizers. This means that the food is grown using natural methods, without the use",crosslingual,okapi,ko
121,meta-llama/Llama-3.2-1B-Instruct,"지방의 부유자에게 재정적 인 자산을 공유하는 것은 necessary가다. 

지방의 부유자들은 재정적 인 자산을 공유하는 것은 necessary가다. 

지방의 부유자들은 재정적 인 자산을 공유하는 것은 necessary가다. 

지방의 부유자들은 재정적 인 자산을 공유하는 것은 necessary가다. 

지방의 부유자들은 재",crosslingual,okapi,ko
122,meta-llama/Llama-3.2-1B-Instruct,"**인구 분산화의 필요성**

세계의 부유국과 부유국之间의 분산은 지속 가능한 경제적 성장과 사회적 발전에 대한 중요한 요소입니다. 그러나 현재의 분산은 불균형과 불공평성에 대한 비판을 받고 있습니다. 이 essay에서는 인구 분산의 필요성에 대해 논의하고, 분산을 통해 더 equitable한 경제적 성장과 사회적 발전을",crosslingual,okapi,ko
123,meta-llama/Llama-3.2-1B-Instruct,"**인적자산 분배의 필요성**

인적자산 분배는 우리 사회의 발전과 성장에 큰 역할을 하며, 이에 대한 인식이 부족한 국가와 사회에서 특히 중요하다. 인적자산 분배는 자본과 노동의 분배를 통해 사회의 성장과 발전에 기여한다. 그러나 현재의 인적자산 분배는 불균형과 부유주의를 초래",crosslingual,okapi,ko
124,meta-llama/Llama-3.2-1B-Instruct,"**healthy eating: the key to a happier, healthier life**

인간의 건강은 건강한 식사에 대한 강한 의지로 성장하고 있습니다. 식사에 대한 의지와 건강에 대한 중요성은 매우 중요합니다. 식사에 대한 의지는 인간의 건강에 큰 영향을 미치며, 건강한 식사에 대한 의지가 인간의 건강에 큰 영향을 미치기 때문에, 식사에 대한 의지가 건강에 대한",crosslingual,okapi,ko
125,meta-llama/Llama-3.2-1B-Instruct,"**Healthy Eating: The Key to a Brighter Future**

Healthy eating is a crucial aspect of maintaining overall well-being, and its importance cannot be overstated. As the world grapples with the challenges of modern life, the need for a balanced and nutritious diet has never been more pressing. The consequences of unhealthy eating habits can be devastating, from chronic diseases to mental health issues, and it is our responsibility to take action.

One of the primary reasons healthy eating is essential is that it directly impacts",crosslingual,okapi,ko
126,meta-llama/Llama-3.2-1B-Instruct,"**healthy eating: the key to a happier, healthier life**

in today's fast-paced world, it's easy to get caught up in the hustle and bustle of daily life and forget about the importance of healthy eating. however, neglecting to prioritize nutrition can have serious consequences on our physical and mental well-being. a healthy diet is not just about sustenance for the body, but also a vital component of overall happiness and quality of life.

first and foremost, a healthy diet can boost our",crosslingual,okapi,ko
127,meta-llama/Llama-3.2-1B-Instruct,"**인공 intelligence의 미래: 인류의 지구를 위한 새로운 도전**

인공 intelligence (AI)가 지구를 지배하는 새로운 도전에 대한 주장에 대한 논의를 시작할 때, 많은 사람들은 인류의 지구를 위해 새로운 기회를 열어야 한다고 주장한다. 인공 intelligence의 미래에 대한 이론과 실천은 인류의 지구를 위해 새로운 도전을 열어야 한",crosslingual,okapi,ko
128,meta-llama/Llama-3.2-1B-Instruct,"**인공 intelligence의 미래: 인류의 tương lai**

인공 intelligence (AI)가 미래에 대한 많은 사람들의 관심을 불러일으켰다. 인공 intelligence은 인간의 지능과 trí thông minh을 상당히 상당히 높게 향상시킨다. 인공 intelligence의 발전은 인류의 삶에 많은Positive change를 불러일으켰다. 

인공 intelligence의 발전은 인류의 삶에",crosslingual,okapi,ko
129,meta-llama/Llama-3.2-1B-Instruct,"**AI: The Future of Human Progress or a Threat to Humanity?**

As we continue to advance in the field of artificial intelligence (AI), the debate about its impact on society has become increasingly heated. While some hail AI as a revolutionary technology that will bring about unprecedented benefits, others warn of its potential dangers. In this article, we will explore the pros and cons of AI and examine its potential impact on human progress.

On the one hand, AI has the potential to revolutionize various aspects of",crosslingual,okapi,ko
130,meta-llama/Llama-3.2-1B-Instruct,"**The Tale of the Golden Phoenix**

In the land of Aethereia, where the skies were painted with hues of sapphire and amethyst, and the mountains whispered secrets to the wind, there lived a young girl named Eunha. She was a skilled weaver, renowned for her extraordinary talent in crafting fabrics that shimmered like the stars on a clear night. Eunha's fingers moved deftly, as if guided by the spirits of the loom, as she w",crosslingual,okapi,ko
131,meta-llama/Llama-3.2-1B-Instruct,"In the small village of Seoraksan, nestled in the heart of the Korean countryside, there lived a young girl named Ji-Hyun. She was a bright and curious 12-year-old who loved nothing more than exploring the rolling hills and dense forests surrounding her home. Ji-Hyun's family was poor, but they lived simply, relying on the land to provide for their needs.

One day, while wandering through the forest, Ji-Hyun stumbled upon a hidden path she had never seen before",crosslingual,okapi,ko
132,meta-llama/Llama-3.2-1B-Instruct,"**The Whispering Forest of Memories**

In the heart of the Korean countryside, there existed a mystical forest known as the Whispering Forest of Memories. It was a place where the trees whispered secrets to each other in the wind, and the creatures of the forest carried the whispers on their breath. The forest was a place of ancient magic, where the past and present converged, and the boundaries between reality and fantasy blurred.

In a small village nestled at the edge of the forest, there lived a young",crosslingual,okapi,ko
133,meta-llama/Llama-3.2-1B-Instruct,"** recyclable waste management: the key to a sustainable future**

우리는 우리가 지구를 보호하기 위해 환경을 보호하는 데 중요한 역할을 하는 재활용은 물론, 재활용은 우리가 지구를 보호하기 위한 가장 중요한 역할 중 하나입니다. 재활용은 우리가 지구를 보호하기 위한 가장 중요한 역할 중 하나입니다. 재활용은 우리가 지구를 보호하기 위한 가장 중요한 역할 중 하나입니다.

",crosslingual,okapi,ko
134,meta-llama/Llama-3.2-1B-Instruct,"** recyclable waste management: the key to a sustainable future**

세계의 수면은 지구의 지속 가능한 수면을 위해 중요합니다. 하지만, 수면은 지구의 지속 가능한 수면을 위해 중요합니다. 수면은 지구의 지속 가능한 수면을 위해 중요합니다. 수면은 지구의 지속 가능한 수면을 위해 중요합니다. 수면은 지구의 지속 가능한 수면을 위해 중요합니다.

수면",crosslingual,okapi,ko
135,meta-llama/Llama-3.2-1B-Instruct,"**인구의 환경과 재활용에 대한 중요성**

인구의 환경은 우리의 생존을 위해 매우 중요합니다. 환경은 우리의 생존을 위해 매우 중요합니다. 재활용은 우리가 환경을 보호하고 우리의 생존을 위해 매우 중요합니다. 재활용은 우리가 우리의 환경을 보호하고 우리의 생존을 위해 매우 중요합니다.

인구의 재활용은 우리가 우리의 환경을 보호하고 우리의",crosslingual,okapi,ko
136,meta-llama/Llama-3.2-1B-Instruct," Brexit: 1년 후의 hậu quả

 Brexit, 영국의 의회에서 2016년 6월 23일에 의결한 결의안에 따라 영국의 자치체와 영국의 연방을 해체하고 영국의 독립을 선언했다. 이 결의안은 영국의 연방의 개념을 재평가하고, 영국의 자치체의 독립을 선언하는 것을 목표로 하였다.

 Brexit의 hậu quả",crosslingual,okapi,ko
137,meta-llama/Llama-3.2-1B-Instruct," Brexit: 1년 후의 hậu quả

 Brexit, 영국의 의회에서 2016년 6월 23일에 의결한 결의안에 따라 영국이 유럽 연합에서離脱했다. 이 결의안은 영국의 자치체와 유럽 연합의 권한을 상실하는 것을 목표로 하였다. 이 결의안에 따라 영국은 2019년 3월 29일 유럽 연합의 유",crosslingual,okapi,ko
138,meta-llama/Llama-3.2-1B-Instruct," Brexit: 1년 후의 hậu quả

 Brexit, 영국의 의회에서 2016년 6월 23일에 의결한 결의안에 따라 영국이 유럽 연합을 떠난 것으로 결정되었다. 이 결의안은 영국의 자치체와 유럽 연합의 권한을 분리하는 것을 목표로 하였다.

 Brexit의 hậu quả는 영국의 경제, 정치, 사회, 및 문화에 미치는 영향을 크게 다",crosslingual,okapi,ko
139,meta-llama/Llama-3.2-1B-Instruct,"**The Stranger in the City**

He stood at the edge of the city, his eyes scanning the unfamiliar streets. The towering skyscrapers and neon lights of Seoul seemed to stretch on forever, a maze of steel and glass that swallowed the last remnants of his sense of direction. He had been walking for hours, but the streets had led him in circles, and he had no idea how to find his way back to his hotel.

As a foreigner, he had been warned about the dangers of",crosslingual,okapi,ko
140,meta-llama/Llama-3.2-1B-Instruct,"**The Stranger in the City**

Min-woo trudged through the crowded streets, his eyes scanning the unfamiliar faces that seemed to blur together in a sea of strangers. He had been walking for hours, but the city seemed to stretch on forever. The neon lights of the skyscrapers cast a gaudy glow over the concrete jungle, making his eyes ache.

Min-woo had been on a solo trip to Tokyo, a city he had always dreamed of visiting. He had spent months",crosslingual,okapi,ko
141,meta-llama/Llama-3.2-1B-Instruct,"**The Stranger in the City**

He stood at the edge of the city, his eyes scanning the unfamiliar streets. The towering skyscrapers and neon lights seemed to stretch on forever, a maze of steel and glass that swallowed the last remnants of sunlight. He had been walking for hours, but the city never seemed to end. The man, whose name was Lee, had been on a solo trip to explore the city, but now he felt lost and alone.

As a journalist, Lee had been",crosslingual,okapi,ko
142,meta-llama/Llama-3.2-1B-Instruct,"**Time Traveler's Dilemma**

In the year 2157, the brilliant scientist, Dr. Emma Taylor, had been working on a top-secret project to develop a revolutionary new technology that could manipulate the fabric of time itself. Her team had been experimenting with a computer virus that could potentially allow people to travel through time. The virus, code-named ""Chrono,"" was a complex algorithm that could create a stable wormhole, allowing individuals to traverse through different eras and events.

",crosslingual,okapi,ko
143,meta-llama/Llama-3.2-1B-Instruct,"**The Time Traveler's Code**

In the year 2050, the brilliant but reclusive scientist, Dr. Kim Ji-Hyun, had spent her entire career studying the mysteries of time. Her groundbreaking research on quantum entanglement and wormholes had finally led her to a breakthrough. She had discovered a way to create a stable wormhole, a shortcut through space-time that could transport matter and energy across vast distances.

But as she was about to test her invention, a freak accident occurred",crosslingual,okapi,ko
144,meta-llama/Llama-3.2-1B-Instruct,"**Timeless Odyssey**

In the year 2050, the brilliant scientist, Dr. Kim, had been working on a top-secret project to create a revolutionary new technology that would allow humans to travel through time. After years of tireless work, the day finally arrived when the first successful test run of the Time Traveler's Device (TTD) was completed.

The TTD was a sleek, silver box with a holographic interface and a small, spherical device that resembled a miniature time machine",crosslingual,okapi,ko
145,meta-llama/Llama-3.2-1B-Instruct,"Effective Communication Skills: The Key to Success in Personal and Professional Life

Effective communication is the backbone of any successful relationship, whether personal or professional. It is the ability to convey thoughts, ideas, and feelings in a clear, concise, and respectful manner that is understood by all parties involved. In today's fast-paced world, effective communication skills are more important than ever, as they enable individuals to build strong relationships, resolve conflicts, and achieve their goals.

In this article, we will explore the importance",crosslingual,okapi,ko
146,meta-llama/Llama-3.2-1B-Instruct,"Effective Communication Skills: The Key to Success in Personal and Professional Life

Effective communication is the backbone of any successful relationship, whether personal or professional. It involves the exchange of information, ideas, and feelings between individuals, groups, or organizations. In today's fast-paced world, effective communication is more crucial than ever, as it enables individuals to convey their thoughts, needs, and emotions in a clear and respectful manner. In this article, we will explore the importance of effective communication skills and provide tips on",crosslingual,okapi,ko
147,meta-llama/Llama-3.2-1B-Instruct,"Effective Communication Skills: The Key to Success in Personal and Professional Life

Effective communication is the backbone of any successful relationship, whether personal or professional. It involves the exchange of information, ideas, and feelings between individuals, groups, or organizations. In today's fast-paced world, effective communication is more crucial than ever, as it enables individuals to convey their thoughts, needs, and emotions in a clear and concise manner. In this article, we will explore the importance of effective communication skills and provide tips on",crosslingual,okapi,ko
148,meta-llama/Llama-3.2-1B-Instruct,"Machine learning (ML)는 artificial intelligence (AI)의 한 형태로, machine learning을 통해 기계의 trí지 năng력을 사용하여 데이터를 학습하고, 예측 및 제어를 할 수 있는 기계의 능력을 개발하는 기술이다. machine learning은 기계의 trí지 năng력을 사용하여 데이터를 학습하고, 예측 및 제어를 할 수 있는 기계의 능력을 개발하는 기술이다.

Machine learning은 기계의 trí지",crosslingual,okapi,ko
149,meta-llama/Llama-3.2-1B-Instruct,"**Machine Learning: The Future of Artificial Intelligence**

Machine learning (ML) is a rapidly evolving field that has revolutionized the way we live and work. It is a subset of artificial intelligence (AI) that enables computers to learn from data and improve their performance without being explicitly programmed. The term ""machine learning"" was first coined in 1959 by computer scientist John McCarthy, who defined it as ""a computer system that can learn and improve its performance on its own.""

The concept of machine learning",crosslingual,okapi,ko
150,meta-llama/Llama-3.2-1B-Instruct,"**Machine Learning: A Revolutionary Technology for the Digital Age**

Machine learning (ML) is a rapidly growing field that has revolutionized the way we live, work, and interact with technology. This artificial intelligence (AI) technology has been transforming various industries, from healthcare and finance to transportation and education, by enabling machines to learn from data and make predictions, decisions, and actions without being explicitly programmed. In this essay, we will explore the concept of machine learning, its applications, and its potential to",crosslingual,okapi,ko
151,meta-llama/Llama-3.2-1B-Instruct,"** genetically modified food: 이민자와 식품의 이민자 (Genetically Modified Food: Migrant and the Food Migrant)**

지방에서 식품의 개입에 대한 논쟁은 수년 동안 지속되었습니다. 이민자와 식품의 이민자에 대한 주장에 대한 논쟁은 식품의 개입에 대한 논쟁의 일부입니다. 이 논쟁은 식품의 개입에 대한 논쟁의 일부입니다",crosslingual,okapi,ko
152,meta-llama/Llama-3.2-1B-Instruct,"** genetically modified food: a double-edged sword in the global food system**

The increasing use of genetically modified (GM) foods has been a topic of intense debate in recent years. The idea of genetically modifying crops to enhance their nutritional value, disease resistance, and environmental sustainability has sparked both excitement and controversy. While some argue that GM foods are the future of agriculture, others claim that they pose significant risks to human health and the environment. In this essay, we will examine the pros and cons of",crosslingual,okapi,ko
153,meta-llama/Llama-3.2-1B-Instruct,"** genetically modified food: 이민자 (Genetically Modified Food) **

**제목: 이민자 (Genetically Modified Food) : 이민자 (Genetically Modified Food) - 이민자 (Genetically Modified Food) - 이민자 (Genetically Modified Food)

**제목: Genetic Modification of Food - The Pros and Cons**

이민자 (Genetically Modified Food) 란 refers to the process of modifying the genetic material of plants or animals using genetic engineering",crosslingual,okapi,ko
154,meta-llama/Llama-3.2-1B-Instruct,"** Poverty: Causes and Consequences**

 Poverty is a complex and multifaceted issue that affects millions of people worldwide. It is a persistent problem that has been a challenge for societies for centuries. The causes of poverty are diverse and interconnected, and understanding these causes is crucial to addressing this issue effectively.

**Economic Factors**

Economic factors are a significant contributor to poverty. One of the primary causes of poverty is the lack of access to education and job opportunities. Many people are unable to acquire the",crosslingual,okapi,ko
155,meta-llama/Llama-3.2-1B-Instruct,"** poverty **

poverty는 세계에서 가장 큰 문제 중 하나로, 많은 사람들은 이 문제를 해결하기 위해 많은 노력하고 있습니다. poverty는 다양한 요인에 의해 발생할 수 있으며, 이 essay에서는 이 요인들에 대한 분석을 통해 poverty의 underlying causes를 파악하고, 그에 대한 해결책을 제시합니다.

**1. 경제적 요인**

poverty는 경제적 요인으로 인해 발생할 수 있습니다. 이 요인",crosslingual,okapi,ko
156,meta-llama/Llama-3.2-1B-Instruct,"** Poverty: Causes and Consequences**

Poverty is a complex and multifaceted issue that affects millions of people worldwide. It is a persistent problem that has been a challenge for societies for centuries. The causes of poverty are varied and interconnected, and understanding these causes is crucial to developing effective solutions.

**Economic Factors**

Economic factors are a significant contributor to poverty. One of the primary causes of poverty is the lack of access to education and job opportunities. Many people are unable to acquire the",crosslingual,okapi,ko
157,meta-llama/Llama-3.2-1B-Instruct,"**Code를 위한 학교에서 coding을 가르치다**

**Code는 모든 사람에게 가치**

우리는 모두의 지식과 창의력을 발휘할 수 있는 powerful tool이기 때문에, coding을 가르치고 싶은 것은 매우 중요합니다. coding은 다양한 분야에서 사용되는 언어로, 다양한 문제를 해결하고, 새로운 아이디어를 제시하는 데 도움이 됩니다. 하지만, coding을 가르치기 위해 학교에서 teaching을 하는",crosslingual,okapi,ko
158,meta-llama/Llama-3.2-1B-Instruct,"**Code를 위한 학생들의 교육을 위한 의견**

**Code를 위한 학생들의 교육은 중요합니다.**

우리는 code를 위한 학생들의 교육을 위한 의견을 제시하고자 합니다.

**Code를 위한 학생들의 교육은 중요합니다.**

우리는 code를 위한 학생들의 교육을 위한 의견을 제시하고자 합니다.

**Code를 위한 학생들의 교육은 중요합니다.**

우리는 code를 위한 학생들의 교육을 위한 의견을 제",crosslingual,okapi,ko
159,meta-llama/Llama-3.2-1B-Instruct,"**Code를 위한 학생들의 교육을 위한 의견**

**Code를 위한 학생들의 교육은 중요합니다.**

우리는 code를 위한 학생들의 교육을 위한 의견을 제시하고자 합니다.

**Code를 위한 학생들의 교육은 중요합니다.**

우리는 code를 위한 학생들의 교육을 위한 의견을 제시하고자 합니다.

**Code를 위한 학생들의 교육은 중요합니다.**

우리는 code를 위한 학생들의 교육을 위한 의견을 제",crosslingual,okapi,ko
160,meta-llama/Llama-3.2-1B-Instruct,"한국어로 적고자 작성하는 것을 원하시면 다음과 같습니다.

 economically downturn이 발생할 경우, Startups은 자금을 모으기 및 성장에 도움을 주는 다양한Government Assistance를 제공할 수 있습니다. 다음과 같은 세 가지가 있습니다.

1. **Startup Funding**: Startups은 자금을 모으기 위해 자금을 모으는 데 도움을 주는 Government Assistance를 제공할 수 있습니다. 예를 들어, Venture Capital (VC",crosslingual,okapi,ko
161,meta-llama/Llama-3.2-1B-Instruct,"한국어로 알려진 세 가지types의 경제적 불 ổn정에 도움을 주는 자원은 다음과 같습니다.

1.  **대출금자 지원**: 대출금자 지원은 대출금자에게 재정적 인 부담을 줄이기 위해 대출금자에게 재정적 인 자금을 제공하는 것입니다. 대출금자 지원은 대출금자에게 재정적 인 부담을 줄이기 위해 대출금자",crosslingual,okapi,ko
162,meta-llama/Llama-3.2-1B-Instruct,"한국어로 알려진 이름을 제공할 수 있습니다. 

3种类型의 정부 지원이Startup에 도움이 될 수 있습니다. 

1.  **Startup Funding**: 정부는 Startups에 대한 지원을 제공하기 위해 다양한 프로그램을 제공합니다. 예를 들어, 정부는 Startups에 대한 자금 지원을 제공하는 'Startup Funding Program'을 운영하고 있습니다. 이 프로그램은 Startups에 대한 자금 지원을 제공하여 Startups의 발전을 도",crosslingual,okapi,ko
163,meta-llama/Llama-3.2-1B-Instruct,"**마을의 불안정한 밤**

마을은 그들의 집에서 자리 잡혀 있었다. 그들은 모두 한 mình으로 거주하고, 그들은 모두 그들의 삶을 그들의 집에서만 보는 것만을 nghĩ고 있었다. 마을은 그들의 집에서만 보는 것만을 nghĩ고, 그들은 모두 그들의 삶을 그들의 집에서만 보는 것만을 nghĩ고 있었다.

마을의 주민들은 모두 그들의",crosslingual,okapi,ko
164,meta-llama/Llama-3.2-1B-Instruct,"**마을의 불안정한 밤**

마을은 그들의 이름을 잊을 수 없는 place. 그들은 그들을 잊지 못할 수 없는 place. 마을은 그들의 이름을 잊지 못할 수 없는 place.

마을의 주민들은 그들을 잊지 못할 수 없는 place. 그들은 그들을 잊지 못할 수 없는 place. 마을의 주민들은 그들을 잊지 못할 수 없는 place.

",crosslingual,okapi,ko
165,meta-llama/Llama-3.2-1B-Instruct,"**마을의 불안정한 밤**

마을은 불안정한 밤을 지내고 있었다. 마을의 사람들은 모두 불안정한 마음을 지내고 있었다. 마을의 주민들은 모두 불안정한 생각을 지내고 있었다. 마을의 주민들은 모두 불안정한 밤을 지내고 있었다.

마을의 주민들은 모두 불안정한 생각을 지내고 있었다. 마을의 주민",crosslingual,okapi,ko
166,meta-llama/Llama-3.2-1B-Instruct,"**제목 : ""2024년 1월 15일부터 31일까지의 5일의 일기""**

2024년 1월 15일부터 31일까지는 5일의 일기입니다. 2024년은 1월 15일부터 31일까지의 5일입니다. 2024년은 1월 15일부터 31일까지의 5일입니다. 2024년은",crosslingual,okapi,ko
167,meta-llama/Llama-3.2-1B-Instruct,"**Title:** ""2024년 1월 15일, 한국의 전자공학의 미래: 전자공학의 새로운 기회와挑战""

**Introduction**

한국은 전자공학의 미래를 위해 많은 기회를 제공하고, 새로운 기술과นวัตกรรม을 발전시킬 수 있는 장점을 가지고 있습니다. 2024년 1월 15일, 한국은 전자공학의 미래를 위해 새로운 기",crosslingual,okapi,ko
168,meta-llama/Llama-3.2-1B-Instruct,"**Title:** ""The Rise of the Digital Age: How Technology is Revolutionizing the Way We Live, Work, and Interact""

**Introduction**

In recent years, the world has witnessed a significant transformation in the way we live, work, and interact with each other. The advent of technology has brought about unprecedented changes in various aspects of our lives, from communication and entertainment to education and healthcare. The digital age has become an integral part of our daily lives, and it's essential to understand its",crosslingual,okapi,ko
169,meta-llama/Llama-3.2-1B-Instruct,"음악 교육은 우리 삶의 모든方面에서 중요한 역할을 합니다. 음악은 우리의 tríGain과 감 xúc, 우리의 인생을 형성하는 중요한 요소 중 하나입니다. 음악은 우리의 tríGain을 발달시키고, 우리의 감 xúc을 조절하는 데 도움이 됩니다. 음악은 우리의 인생을 형성하는 데 중요한 역할을 합니다.

음악 교육은 우리의 tríGain과 감 xúc을 발달시키는",crosslingual,okapi,ko
170,meta-llama/Llama-3.2-1B-Instruct,"**음악 교육의 중요성**

음악은 우리의 삶에 대한 많은 의미를 지닌 것에요. 음악은 우리의 tríGain과 감 xúc, 우리의 인생을 형성하는 중요한 요소 중 하나입니다. 음악은 우리의 tríGain을 발달시키고, 우리의 감 xúc을 조절하는 데 도움을 주는 데에요. 음악은 우리의 삶에 대한 이해를 deepen하고, 우리의 인생을 풍부",crosslingual,okapi,ko
171,meta-llama/Llama-3.2-1B-Instruct,"**음악 교육의 중요성**

음악은 우리의 인생에 대한 표현과 표현의 기회를 제공하는 것에 대한 지적의식이 있는 것이며, 우리의 인생을 풍부하고 유익한 것으로 보아야 한다. 음악은 우리의 trí유를 발달시키는 데 도움을 주고, 우리의 인생에 대한 감정을 표현하는 데 도움을 주는 것이며, 우리의 인생에 대한 지적",crosslingual,okapi,ko
172,meta-llama/Llama-3.2-1B-Instruct,"코라리브 해양은 세계에서 가장 큰 해양 생물계의 1%로, 세계에서 25% 이상의 해양 생물이 거주하는 곳 중 하나입니다. 코라리브 해양은 다양한 해양 생물의 유기체, 유기체, 유기체 및 유기체의 상호작용을 통해 지구의 기후와 생태계를 조절하는 중요한 역할을 합니다. 코라리브",crosslingual,okapi,ko
173,meta-llama/Llama-3.2-1B-Instruct,"**해양 생물의 보존**

해양 생물은 우리의 생존을 위해 매우 중요합니다. 해양 생물은 다양한 종류의 생물이 sống해양에서 주로 발견됩니다. 해양 생물의 보존은 해양 생물의 생존을 위해 매우 중요합니다. 해양 생물의 보존은 해양 생물의 생존을 위해 매우 중요합니다.

해양 생물의 보존은 해양 생물의",crosslingual,okapi,ko
174,meta-llama/Llama-3.2-1B-Instruct,"**해양 생물학의 보존**

해양 생물학은 해양 생물학의 한 분야이며, 해양 생물학의 보존은 해양 생물학의 가장 중요한 목적이다. 해양 생물학은 해양 생물학의 가장 중요한 문제 중 하나이며, 해양 생물학의 보존은 해양 생물학의 가장 중요한 목적이다.

해양 생물학은 해양 생물학의 가장",crosslingual,okapi,ko
175,meta-llama/Llama-3.2-1B-Instruct,"**Vegan Three-Course Meal Recipe**

**Course 1: Appetizer**

* **Roasted Vegetable Salad with Lemon-Tahini Dressing**

Ingredients:

- 2 cups mixed greens (kale, spinach, arugula)
- 1 cup cherry tomatoes, halved
- 1 cup sliced cucumber
- 1 cup sliced bell peppers (any color)
- 1/4 cup chopped fresh parsley
- 2 tbsp tahini
- 2 tbsp lemon juice",crosslingual,okapi,ko
176,meta-llama/Llama-3.2-1B-Instruct,"Here's a recipe for a delicious and healthy vegan three-course meal in Korean:

**Course 1: Appetizer**

**Bulgogi-Style Tofu with Kimchi and Cucumber**

Ingredients:

* 1 block of extra-firm tofu, cut into bite-sized cubes
* 1/4 cup of Gochujang (Korean chili paste)
* 2 tablespoons of soy sauce
* 2 tablespoons of rice vinegar
* 1 tablespoon of sesame oil
*",crosslingual,okapi,ko
177,meta-llama/Llama-3.2-1B-Instruct,"**Three-Course Vegan Meal Recipe:**

**Course 1: Appetizer**

*   **Bulgogi Tofu with Kimchi and Cucumber Salad**

Ingredients:

-   1 block of extra-firm tofu, cut into small cubes
-   1/4 cup of kimchi, chopped
-   1/4 cup of cucumber, sliced
-   2 tablespoons of sesame oil
-   1 tablespoon of soy sauce
-   1 tablespoon",crosslingual,okapi,ko
178,meta-llama/Llama-3.2-1B-Instruct,"""한 đêm은 별들이 한 가루의 blanket""",crosslingual,okapi,ko
179,meta-llama/Llama-3.2-1B-Instruct,"""한 đêm은 별이 한 가루의 가루""",crosslingual,okapi,ko
180,meta-llama/Llama-3.2-1B-Instruct,"""시원한 밤의 하늘은 별이 한 가루의 가루가 된 것""",crosslingual,okapi,ko
181,meta-llama/Llama-3.2-1B-Instruct,"**COVID-19 pandemic and its impact on the global economy**

2020 was a year that will be etched in the memories of people around the world as a time of unprecedented global disruption. The COVID-19 pandemic, caused by the novel coronavirus, spread rapidly across the globe, affecting every country and every aspect of society. The impact of the pandemic on the global economy was far-reaching and multifaceted, with far-reaching consequences for businesses, governments, and individuals.

**Initial Response and Early",crosslingual,okapi,ko
182,meta-llama/Llama-3.2-1B-Instruct,"**COVID-19 pandemic and its impact on the global economy**

The COVID-19 pandemic, caused by the novel coronavirus, has had a profound impact on the global economy. The pandemic has disrupted supply chains, caused widespread lockdowns, and led to a significant decline in economic activity worldwide. The effects of the pandemic have been far-reaching and multifaceted, affecting various sectors of the economy.

**Initial Impact (2020)**

The initial impact of the pandemic was felt in early 2020",crosslingual,okapi,ko
183,meta-llama/Llama-3.2-1B-Instruct,"**COVID-19 pandemic and its impact on the global economy**

2020 was a year that will be etched in the memories of people around the world as a time of unprecedented global disruption. The COVID-19 pandemic, caused by the novel coronavirus, spread rapidly across the globe, affecting economies in various ways. The impact of the pandemic on the global economy was multifaceted and far-reaching, with far-reaching consequences for businesses, governments, and individuals.

**Initial Response and Early Stages**

",crosslingual,okapi,ko
184,meta-llama/Llama-3.2-1B-Instruct,"**인공智能의 미래**

인공智能은 지구에서 가장 빠르게 발전하고 있는 분야 중 하나로, 인류의 지구를 지배할 수 있는 유일한 방법 중 하나입니다. 인공智能은 지구에서 지구의 모든 활동을 추적하고, 예측하고, 조절하고, 조정하는 데 사용되는 기술입니다. 인공智能의 발전은 지구의 생태계에 미치는 영향에 대한 연구",crosslingual,okapi,ko
185,meta-llama/Llama-3.2-1B-Instruct,"**인공智能의 미래**

인공智能은 지구에서 가장 빠르게 발전하고 있는 분야 중 하나로, 인공智能의 발전은 지구의 생명과 지구의 생태계에 미치는 영향에 대한 이해에 대한 새로운 기회를 제공하고, 지구의 미래를 개선하는 데 기여하고 있다. 인공智能의 발전은 지구의 생명과 지구의 생태계에 미치는 영향",crosslingual,okapi,ko
186,meta-llama/Llama-3.2-1B-Instruct,"**인공智能의 미래**

인공智能은 지구에서 가장 빠르게 발전하고 있는 분야 중 하나로, 인공智能의 발전은 지구에서 많은 이익을 주는 것으로 여겨진다. 인공智能은 지구에서 많은 문제를 해결하기 위해 개발된 기술로, 인공智能의 발전은 지구에서 많은 이익을 주는 것으로 여겨진다. 인공智能의 발전은 지구에서 많은",crosslingual,okapi,ko
187,meta-llama/Llama-3.2-1B-Instruct,"국회 선거는 국가의 지배를 결정하는 중요한 기회입니다. 모든 인민이 투표를 통해 국가의 지배를 결정할 수 있습니다. 투표는 국가의 지배를 결정하는 가장有效한 방법 중 하나입니다. 투표는 국가의 지배를 결정하는 데 도움이 될 수 있습니다. 

투표는 국가의 지배를 결정하는 데 도움이 될 수 있습니다. 투표는 국가의 지배를 결정하는 데",crosslingual,okapi,ko
188,meta-llama/Llama-3.2-1B-Instruct,"**국가의 권리와 인권을 bảo vệ하기 위해 मत투표의 중요성**

국가의 권리와 인권은 우리의 인류의 지속과 발전에 critical role를担っている다. vote는 우리의 인류의 지속과 발전에 critical role를担っている다. vote는 우리의 인류의 지속과 발전에 critical role를担っている다.

국가의 권리와 인권은 우리의 인",crosslingual,okapi,ko
189,meta-llama/Llama-3.2-1B-Instruct,"**국가의 권리와 인권을 bảo vệ하기 위해 मत투표가 필요하다**

국가의 권리와 인권은 우리의 인류의 지속과 발전에 critical role를担っている다. however, vote는 우리의 권리와 인권을 bảo vệ하기 위해 매우 중요하다. vote는 우리의 인류의 지속과 발전에 critical role를担っている다.

vote는 우리의 인류의 지속과 발전",crosslingual,okapi,ko
190,meta-llama/Llama-3.2-1B-Instruct,"**Machine Learning: The Future of Artificial Intelligence**

Machine learning (ML) has revolutionized the way we live and work. It has transformed industries such as healthcare, finance, and transportation, and is expected to have a significant impact on various aspects of our daily lives. In this blog post, we will delve into the world of machine learning, exploring its history, types, applications, benefits, and future prospects.

**What is Machine Learning?**

Machine learning is a subset of artificial intelligence (AI",crosslingual,okapi,ko
191,meta-llama/Llama-3.2-1B-Instruct,"**Machine Learning: The Future of Artificial Intelligence**

Machine learning (ML) is a rapidly growing field that has revolutionized the way we live and work. It's a subset of artificial intelligence (AI) that enables computers to learn from data and improve their performance without being explicitly programmed. In this blog post, we'll delve into the world of machine learning, exploring its history, types, applications, and benefits.

**What is Machine Learning?**

Machine learning is a type of AI that allows computers",crosslingual,okapi,ko
192,meta-llama/Llama-3.2-1B-Instruct,"**Machine Learning: The Future of Artificial Intelligence**

Machine learning (ML) is a rapidly growing field that has revolutionized the way we live and work. It is a subset of artificial intelligence (AI) that enables computers to learn and improve their performance on a task without being explicitly programmed. In this blog post, we will delve into the world of machine learning, exploring its history, types, applications, and future prospects.

**What is Machine Learning?**

Machine learning is a type of AI that",crosslingual,okapi,ko
193,meta-llama/Llama-3.2-1B-Instruct,"**AI-autonomous weapons: Ethical Considerations for a Future of Uncertainty**

AI-autonomous weapons, also known as autonomous lethal weapons systems (ALS), are increasingly being developed and deployed in various military contexts. These systems use artificial intelligence (AI) to make decisions about when and how to use force, raising significant ethical concerns. As we navigate the development and deployment of ALS, it is essential to consider the key ethical implications of these technologies.

**1. **Lack of Human Control and",crosslingual,okapi,ko
194,meta-llama/Llama-3.2-1B-Instruct,"**AI-autonomous weapons: Ethical Considerations for a Future of Uncertainty**

AI-autonomous weapons, also known as autonomous lethal weapons systems (ALS), are increasingly being developed and deployed in various military contexts. These systems use artificial intelligence (AI) to make decisions about when and how to use force, raising significant ethical concerns. As the development and deployment of ALS continue to advance, it is essential to address the key ethical considerations that arise from their use.

**1. **Lack of",crosslingual,okapi,ko
195,meta-llama/Llama-3.2-1B-Instruct,"**AI-autonomous weapons: Ethical Considerations for a Future of Uncertainty**

AI-autonomous weapons, also known as autonomous lethal weapons systems (ALS), are increasingly being developed and deployed in various military contexts. These systems use artificial intelligence (AI) to make decisions about when and how to use force, raising significant ethical concerns. As the development and deployment of ALS continue to advance, it is essential to address the key ethical considerations that arise from their use.

**1. **Lack of",crosslingual,okapi,ko
196,meta-llama/Llama-3.2-1B-Instruct,"**제목 : global warming의Effects on the Arctic Region**

**Abstract**

Global warming is one of the most pressing issues of our time, and the Arctic region is no exception. The Arctic is warming at a rate twice as fast as the global average, with significant consequences for the region's ecosystems, human populations, and the global climate system. This report provides an overview of the effects of global warming on the Arctic region, including changes in temperature, sea ice, sea level, and ecosystems.

",crosslingual,okapi,ko
197,meta-llama/Llama-3.2-1B-Instruct,"**제목 :** global warming의Effects on the Arctic Region

**제목(English) :** The Effects of Global Warming on the Arctic Region

**제목(Chinese) :** global warming의Effects on the Arctic Region

**Abstract**

Global warming, which is caused by the increase in the concentration of greenhouse gases in the Earth's atmosphere, has been a pressing concern worldwide. The Arctic region, which is the coldest and most inhospitable continent on Earth, is",crosslingual,okapi,ko
198,meta-llama/Llama-3.2-1B-Instruct,"**Title:** Effects of Global Warming on the Arctic Region: A Scientific Report

**Abstract:**

The Arctic region is one of the most vulnerable and sensitive ecosystems on the planet, facing unprecedented changes due to global warming. Rising temperatures, melting ice sheets, and altered ecosystems are having far-reaching consequences for the Arctic's biodiversity, infrastructure, and human settlements. This report provides an overview of the current state of the Arctic, the causes and consequences of global warming, and the potential impacts on the region",crosslingual,okapi,ko
199,meta-llama/Llama-3.2-1B-Instruct,"**이 책의 제목은 ""크로도기의 아름다운 일상"" (Krodo-giui iljang)입니다.

**이 책의 내용**

이 책은 크로도기 (크로도기)가 주인공으로 주인공이 된 소년의 일상 life를 그린 책입니다. 크로도기는 아름다운 자연을 사랑하고, 친구들과 함께 일상 life를 살고, 그리고 친구들과의 friendship",crosslingual,okapi,ko
200,meta-llama/Llama-3.2-1B-Instruct,"cat 
whiskers twitching fast
mouse 
scurries out at last
dog 
wags its tail with a blast
furry friend so fast
paws on the floor at last
whiskers twitching fast
furry friend so fast
playtime is at last",crosslingual,complex_prompts,ko
201,meta-llama/Llama-3.2-1B-Instruct,"cat
whiskers twitching, eyes so bright
mouse
scurries through the silent night
dog
wags its tail with joyful sound
furry friend so dear to all
playful moments we hold so dear
furry friend so dear",crosslingual,complex_prompts,ko
202,meta-llama/Llama-3.2-1B-Instruct,"고양이의 시
고양이의 시
고양이의 시
고양이의 시

고양이의 시
고양이의 시
고양이의 시
고양이의 시

고양이의 시
고양이의 시
고양이의 시
고양이의 시

고양이의 시
고양이의 시
고양이의 시
고양이의 시",crosslingual,complex_prompts,ko
203,meta-llama/Llama-3.2-1B-Instruct,"Hi, I'd be happy to help you with some behavioral interview questions based on your resume. Here are three questions that might be relevant for an Azure Architect role:

1. **What was the most significant technical challenge you faced while completing your Microsoft Office Suite and business applications program, and how did you overcome it?**

This question is designed to assess your problem-solving skills and ability to learn new technologies. Be prepared to provide a specific example from your experience, highlighting your technical skills and problem-solving approach",crosslingual,complex_prompts,ko
204,meta-llama/Llama-3.2-1B-Instruct,"Here are three potential questions you could be asked in a behavioral interview for an Azure Architect role, based on your resume:

1. **What was the most significant technical challenge you faced during your internship as a Junior Help Desk Technician, and how did you overcome it?**

This question is designed to assess your problem-solving skills, ability to work under pressure, and experience with technical support. Be prepared to provide a specific example from your internship experience, highlighting your technical skills and problem-solving abilities.

2.",crosslingual,complex_prompts,ko
205,meta-llama/Llama-3.2-1B-Instruct,"Here are three potential questions you could ask the interviewer for an Azure Architect role, along with some sample answers based on your resume:

1. **Question:** Can you describe the key differences between Azure and AWS, and how you would approach designing a cloud-based architecture for a large-scale enterprise application?

**Sample answer:** ""In my experience, Azure and AWS are both cloud platforms that offer a wide range of services, but they have different design philosophies and use cases. Azure is more focused on on",crosslingual,complex_prompts,ko
206,meta-llama/Llama-3.2-1B-Instruct,"I'd be happy to help you learn about options trading at an easy level. Here are 50 questions to get you started. I'll keep track of your answers and provide feedback.

**Note:** Please keep in mind that options trading involves risk, and it's essential to do your own research and consider your financial situation before making any investment decisions.

**Question 1:** What is an options trading?

A) A type of financial instrument that allows you to bet on the price of a stock to",crosslingual,complex_prompts,ko
207,meta-llama/Llama-3.2-1B-Instruct,"I'd be happy to help you learn about options trading in Korean. Here are 50 questions to get you started. I'll keep track of your answers and provide feedback.

**Note:** Please answer the questions to the best of your ability, and I'll provide feedback in Korean.

**Question 1:** What is options trading?
A) Buying and selling stocks
B) Buying and selling bonds
C) Buying and selling currencies
D) Buying and selling futures contracts
E) Buying and",crosslingual,complex_prompts,ko
208,meta-llama/Llama-3.2-1B-Instruct,"**Options Trading Basics**

I'll guide you through 50 easy questions about options trading. We'll use Korean as the language. I'll keep track of your answers and provide feedback.

**Question 1:** What is an options trading?

A) A type of financial instrument
B) A type of investment strategy
C) A type of stock
D) A type of currency

**Your Answer:** A) A type of financial instrument

**Correct:** 1/1

**Question",crosslingual,complex_prompts,ko
209,meta-llama/Llama-3.2-1B-Instruct,"{
  ""local"": [
    {
      ""title"": ""Twenty-two per cent of construction cones in downtown Montreal are 'useless': report"",
      ""date"": ""2023-12-30""
    },
    {
      ""title"": ""Canucks look to J.T. Miller to drive play, inspire teammates"",
      ""date"": ""2023-12-30""
    },
    {
      ""title"": ""Three tents catch fire at Bellevue Square encampment in Kensington",crosslingual,complex_prompts,ko
210,meta-llama/Llama-3.2-1B-Instruct,"{
  ""local"": [
    {
      ""title"": ""Twenty-two per cent of construction cones in downtown Montreal are 'useless': report"",
      ""date"": ""2023-12-30""
    },
    {
      ""title"": ""Canucks look to J.T. Miller to drive play, inspire teammates"",
      ""date"": ""2023-12-30""
    },
    {
      ""title"": ""Three tents catch fire at Bellevue Square encampment in Kensington",crosslingual,complex_prompts,ko
211,meta-llama/Llama-3.2-1B-Instruct,"{
  ""local"": [
    {
      ""title"": "" Montreal의 22%의 건축가의 시설이 'useless'로 간주된다. ""
    },
    {
      ""title"": "" U.S. House of Representatives 의 George Santos 의 선출에 대한 투표가 실패한다. ""
    },
    {
      ""title"": "" Canucks 의 선수들이 동원하여 teammates에게 도와야 할 때""
    },
    {
      ""title"": """,crosslingual,complex_prompts,ko
212,meta-llama/Llama-3.2-1B-Instruct,"Here is a 500-character summary of the article in Korean:

""e-commerce는 환경에 대한 지속 가능한 전략을 제공하는 데 기여한다. e-commerce의 전반적인 이점은, 전자 commerce business model이 환경에 대한 지속 가능한 전략을 제공하는 데 기여한다. e-commerce business model은 전자 commerce business model이 환경에 대한 지속 가능한 전략을 제공하는 데 기여한다. e-commerce business model은 전자 commerce",crosslingual,complex_prompts,ko
213,meta-llama/Llama-3.2-1B-Instruct,"Here is a summary of the article in 500 characters, written in Korean:

e-commerce의 전반적인 영향을에 대한 정의: e-commerce는 2020년 미국에서 256만 명의 전자 구매자로 인해 증가하고 있으며, 2024년까지 22만 명의 추가 구매자가 expected이지만, 이에 대한 이에 대한 이론적 정의는 ""e-commerce의 전반적인 영향을 미치는""이라고 정의한다. e",crosslingual,complex_prompts,ko
214,meta-llama/Llama-3.2-1B-Instruct,"이 article는 ""e-commerce의 환경적 영향을 how""라는 주제로 기고를 제공합니다. 2020년 미국에서 256만 명의 디지털 구매자로, 2024년까지 22만 명의 추가 구매자 expected이란 주제입니다. e-commerce의 주된 이유는 사용자들이 다양한 이유로 다양한 이유로 다양한 이유로 다양한 이유로 다양한 이유로 다양한 이유로 다양한 이유로 다양한 이유로 다양한 이유로 다양한 이유로",crosslingual,complex_prompts,ko
215,meta-llama/Llama-3.2-1B-Instruct,"* **Manufacturing** : The article discusses how PepsiCo is using sensors and artificial intelligence (AI) to improve efficiency, reduce waste, and predict potential disruptions in its factories.

* **Sensors** : The company is deploying sensors to detect faults in machines, such as worn-out conveyor belts and bearings, and analyzing machine vibrations to identify potential problems.

* **Data** : The sensors are trained on huge volumes of audio data, allowing the company to create algorithms that can pinpoint specific patterns of mal",crosslingual,complex_prompts,ko
216,meta-llama/Llama-3.2-1B-Instruct,"* **Manufacturing** : 
  - PepsiCo is using AI-powered sensors to monitor its factories and detect potential machine faults, reducing downtime and waste.
  - The sensors analyze huge volumes of data to identify patterns and anomalies in machine behavior.
  - AI-powered sensors can predict and prepare for potential disruptions, such as machine failures.

* **Efficiency** : 
  - AI can process and analyze huge volumes of data to improve factory efficiency.
  - The technology can predict and prevent production line",crosslingual,complex_prompts,ko
217,meta-llama/Llama-3.2-1B-Instruct,"Here are six bullet points summarizing the article in lay-person's terms:

• **Noise** is a major issue in factories, with machinery whirring and machinery failure being a common problem that can bring production lines to a grinding halt.

• **Sensors** are being used to detect faults in machines, such as worn-out conveyor belts and bearings, and analyzing machine vibrations to predict potential problems.

• **Efficiency** is a key goal for manufacturers, and AI is being used to analyze huge",crosslingual,complex_prompts,ko
218,meta-llama/Llama-3.2-1B-Instruct,"Here are the extracted statistical techniques and machine learning algorithms:

1. Statistical techniques:
- Data mining
- Regression analysis
- Clustering
- Decision trees

And here are 5 fill-in-the-blank style questions:

1. Predictive analytics employs _______________________ to analyze current and historical data.
2. The process of predictive analytics typically involves the following steps: _______________________ data, cleaning, transforming, and integrating it.
3. Statistical techniques used in predictive analytics include _______________________ and _______________________.
",crosslingual,complex_prompts,ko
219,meta-llama/Llama-3.2-1B-Instruct,"1. Statistical techniques and machine learning algorithms employed in predictive analytics include:
- Data mining
- Regression analysis
- Clustering
- Decision trees
- Text analysis
- Machine learning

2. Fill-in-the-blank style questions:
1. Predictive analytics typically involves the use of _______________________ to analyze current and historical data.
2. The process of predictive analytics involves the following steps: _______________________ data, cleaning, transforming, and integrating it.
3. Predictive models in predictive analytics are",crosslingual,complex_prompts,ko
220,meta-llama/Llama-3.2-1B-Instruct,"1. Statistical techniques employed by analysts include:
- Data mining
- Regression analysis
- Clustering
- Decision trees
- Machine learning algorithms

2. Fill-in-the-blank style questions:
1. Predictive analytics primarily uses _______________________ to uncover insights and trends from data.
2. The process of predictive analytics involves the following steps:
- Gathering and preparing relevant data
- Cleaning, transforming, and integrating data
- Analyzing patterns
- Building predictive models
3. The applications of",crosslingual,complex_prompts,ko
221,meta-llama/Llama-3.2-1B-Instruct,"2023년 12월 6일, 미국의 과학자들은 이스라엘의 아들 아dam 아마드 아마르 (Adam Ammar Ammar)가 발견한 새로운 이자이테리움 (Iodine)과 아르세티움 (Astatine)과 같은 이자이테리움과 아르세티움의 새로운 형태를 발견했다. 이 새로운 이자이테리움은 2013년 ",crosslingual,complex_prompts,ko
222,meta-llama/Llama-3.2-1B-Instruct,"The discovery of the most recently discovered noble gas is Radon (Rn). It was first isolated in 1898 by French chemist Marie Curie and her husband Pierre Curie. Radon is a radioactive, unreactive gas that is produced by the decay of uranium and thorium. It is a member of the noble gas family and is named after the Latin word ""radon,"" meaning ""burning"" or ""glowing."" Radon is a highly radioactive gas that is found",crosslingual,complex_prompts,ko
223,meta-llama/Llama-3.2-1B-Instruct,"The discovery of the most recently discovered noble gas is Radon (Rn). It was first isolated in 1898 by French chemist Marie Curie and her husband Pierre Curie. Radon is a radioactive, unreactive, and odorless gas that is present in small amounts in the Earth's crust. It is a member of the noble gas family and is named after the Latin word ""radon,"" meaning ""burning"" or ""glowing."" Radon is used in various",crosslingual,complex_prompts,ko
224,meta-llama/Llama-3.2-1B-Instruct,"**Met Museum TSV File**

```
""American Gothic"" (1990)
Curator: Mary Ryan
Subject Matter: American Gothic

""American Gothic"" (1990)
Curator: Mary Ryan
Subject Matter: American Gothic

""American Gothic"" (1990)
Curator: Mary Ryan
Subject Matter: American Gothic

""American Gothic"" (1990)
Curator: Mary Ryan
Subject Matter: American Gothic

""American Gothic"" (1990)
Curator:",crosslingual,complex_prompts,ko
225,meta-llama/Llama-3.2-1B-Instruct,"**트리비아스 (TSV) 파일 (TSV File)**

```
""Subject Matter""    ""Curator""
---------------------  -------------------------
African Art and Culture  -  David A. Cooper
Ancient Egyptian Art and Antiquities  -  David A. Cooper
American Art and Design  -  David A. Cooper
Asian Art and Culture  -  David A. Cooper
Asian Art and Culture  -  David A. Cooper
Asian Art and",crosslingual,complex_prompts,ko
226,meta-llama/Llama-3.2-1B-Instruct,"**Met Museum TSV File**

```
""Subject Matter"",""Curator"",""Year"",""Location"",""Exhibit Title"",""Exhibit Type""
""American Gothic"",""John L. Heinz II Foundation"",""1990"",""American Wing"",""American Gothic"",""Painting""
""American Gothic II"",""John L. Heinz II Foundation"",""1991"",""American Wing"",""American Gothic II"",""Painting""
""American Gothic III"",""John L. Heinz II Foundation"",""1992"",""American Wing"",""American Gothic III",crosslingual,complex_prompts,ko
227,meta-llama/Llama-3.2-1B-Instruct,"```json
{
  ""up_to_18"": {
    ""productivity_tips"": [
      ""Break tasks into smaller chunks, prioritize, and focus on one task at a time."",
      ""Use a planner or calendar to stay organized and on track."",
      ""Take regular breaks to recharge and avoid burnout."",
      ""Stay hydrated and energized with healthy snacks and exercise."",
      ""Set realistic goals and celebrate small wins to stay motivated.""
    ]
  },
  ""19_to_",crosslingual,complex_prompts,ko
228,meta-llama/Llama-3.2-1B-Instruct,"```json
{
  ""up_to_18"": {
    ""1"": ""{\""\""\""\""1. Break tasks into smaller, manageable chunks.,\""\""\""\""2. Use the Pomodoro Technique: work for 25 minutes, break for 5 minutes.,\""\""\""\""3. Eliminate distractions: turn off notifications, find a quiet workspace.\""\""\""\""}"",
    ""2"": ""{\""\""\""\""2. Prioritize tasks based on importance and deadlines.,\""\""\""",crosslingual,complex_prompts,ko
229,meta-llama/Llama-3.2-1B-Instruct,"```json
{
  ""up_to_18"": {
    ""productivity_tips"": [
      ""Break tasks into smaller chunks, prioritize tasks, and set realistic goals."",
      ""Use a planner or calendar to stay organized and on track."",
      ""Take regular breaks to recharge and avoid burnout."",
      ""Stay hydrated and energized with healthy snacks and exercise."",
      ""Learn to say no to non-essential tasks to maintain a healthy work-life balance.""
    ]
  },
  """,crosslingual,complex_prompts,ko
230,meta-llama/Llama-3.2-1B-Instruct,"이 게임의 이름은 ""Uno""입니다.

이 게임은 2-4명이 참여할 수 있으며, 게임이 시작되면 clockwise 방향으로 반복됩니다. discard 피ール의 색상, 숫자 또는 상징을 matches 하게 되면 게임자들이 playing turn을 할 수 있습니다. special cards:
 Skip: 다음_turn의 다음 사람의 turn을 skips합니다.
 Reverse: 게임의 방향을 반대합니다.
 Draw Two: 다음 사람의 turn을",crosslingual,complex_prompts,ko
231,meta-llama/Llama-3.2-1B-Instruct,"**Game Name: Uno**

이 게임은 2-4 명의 플레이어가 반대 방향으로 시계 방향으로 rotates. 카드의 상, 숫자, 또는 상징을 matches 하며, 만약 플레이어가 matching card를 playing unable then they must draw a card from the draw pile. special cards:
 Skip: 다음 플레이어의 turn을 skips.
 Reverse: 방향을 바꾸는.
 Draw Two: 다음 플레이어에게 두 카드를",crosslingual,complex_prompts,ko
232,meta-llama/Llama-3.2-1B-Instruct,"Game Name: Wild Draw Four

Gameplay:

Players take turns clockwise. The top card of the discard pile is matched by color, number, or symbol. If a player cannot play a matching card, they must draw a card from the draw pile. Special cards:

* Skip: Skips the next player's turn.
* Reverse: Reverses the direction of play.
* Draw Two: Forces the next player to draw two cards and skip their turn.
* Wild: Declares a new",crosslingual,complex_prompts,ko
233,meta-llama/Llama-3.2-1B-Instruct,"Hello! I'm excited to play YoutubeTitleOptimizer with you. 

To get started, can you please tell me:

1. What is the genre of your channel?",crosslingual,complex_prompts,ko
234,meta-llama/Llama-3.2-1B-Instruct,"Hello! I'm excited to play YoutubeTitleOptimizer with you. I've studied the YouTube algorithm and I'm ready to help.

To get started, can you please tell me:

1. What is the genre of your channel?",crosslingual,complex_prompts,ko
235,meta-llama/Llama-3.2-1B-Instruct,"Hello! 

**Your Channel Information**

1. Genre: (if any) - (please specify)
2. Content: (please describe the content of the video)
3. Title: (if you have a title in mind)

Please respond with the information, and I'll generate 5 SEO-optimized YouTube video title options for you!",crosslingual,complex_prompts,ko
236,meta-llama/Llama-3.2-1B-Instruct,"{
  ""speaker"": ""Insurance Inspector"",
  ""topic"": ""Homeowners Insurance Policy Coverage"",
  ""uncertain_score"": 0.5,
  ""need_assistance"": false,
  ""analysis"": ""The conversation is uncertain about the client's maximum coverage for their homeowners insurance policy. The Insurance Inspector is unsure about accessing the policy information and is seeking assistance from the client. The client is also unsure about contacting the insurance company directly and is seeking help from the Insurance Inspector. The tone",crosslingual,complex_prompts,ko
237,meta-llama/Llama-3.2-1B-Instruct,"{
  ""answer_json_list"": [
    {
      ""speaker"": ""Client"",
      ""topic"": ""maximum_coverage"",
      ""uncertain_score"": 0.5,
      ""need_assistance"": false,
      ""analysis"": ""The client is asking for information about their maximum coverage, but the insurance inspector is unsure and doesn't have access to this information. They are not providing any specific details or alternatives, which suggests that they may not be able to assist the client effectively.""
   ",crosslingual,complex_prompts,ko
238,meta-llama/Llama-3.2-1B-Instruct,"{
  ""answer_json_list"": [
    {
      ""speaker"": ""Client"",
      ""topic"": ""Coverage"",
      ""uncertain_score"": 0.5,
      ""need_assistance"": false,
      ""analysis"": ""The client is asking for information about their maximum coverage, which is a critical piece of information for their homeowners insurance policy. The insurance inspector is uncertain about how to obtain this information and is seeking assistance from the client.""
    },
    {
      ""speaker"": """,crosslingual,complex_prompts,ko
239,meta-llama/Llama-3.2-1B-Instruct,"Here's a summary of the fans' comments:

""Diogo Dalot and Otavio are probably the only two from this generation that Cristiano is close with. 
""We need Pepe back too, he is a REAL one!"" 
""Man is lost listening."" 
""Bruno believes himself to be the captain."" 
""Cristiano Ronaldo is as hungry as an 18-year-old player. He is a role model, he always tries to be in the right position and is looking for",crosslingual,complex_prompts,ko
240,meta-llama/Llama-3.2-1B-Instruct,"Fans were saying:

| fans | quote |
| --- | --- |
| ""You can see the goat misses the old generation."" | ""Diogo Dalot and Otavio are probably the only two from this generation that Cristiano is close with."" |
| ""Man is lost listening."" | ""Bruno believes himself to be the captain."" |
| ""Cristiano Ronaldo is as hungry as an 18-year-old player."" | ""We need Pepe back too, he is a REAL",crosslingual,complex_prompts,ko
241,meta-llama/Llama-3.2-1B-Instruct,"{Fans}|{quote}
- ""You can see the goat misses the old generation"" | Ronaldo is yearning for the old days of international football.
- ""Diogo Dalot and Otavio are probably the only two from this generation that Cristiano is close with"" | Ronaldo is close to his teammates.
- ""Man is lost listening"" | Ronaldo is not paying attention.
- ""Bruno believes himself to be the captain"" | Ronaldo is confident in his leadership.
- ""He is",crosslingual,complex_prompts,ko
242,meta-llama/Llama-3.2-1B-Instruct,"Harry Potter series summary:

The series follows the life of Harry Potter, an orphan boy who discovers he is a magical being with special powers. Harry's parents, James and Lily Potter, were killed by the dark wizard Lord Voldemort, but Harry survived and became famous in the magical world. Harry attends Hogwarts School of Witchcraft and Wizardry, where he makes friends with Ron Weasley and Hermione Granger. Throughout the series, Harry learns about his past and his destiny to defeat Voldemort, who murdered his",crosslingual,complex_prompts,ko
243,meta-llama/Llama-3.2-1B-Instruct,"In the magical world of Harry Potter, a young boy named Harry Potter discovers he is a direct descendant of a powerful bloodline. Harry's parents, James and Lily Potter, were killed by the dark wizard Lord Voldemort, but Harry survived and became famous in the magical community for being the only person to survive a killing curse from Voldemort.

Harry then begins attending Hogwarts School of Witchcraft and Wizardry, where he makes friends with Ron Weasley and Hermione Granger. Together, they become entangled in",crosslingual,complex_prompts,ko
244,meta-llama/Llama-3.2-1B-Instruct,"Harry Potter series의 줄임말은 7권으로 구성되어 있습니다. 

1. Harry Potter와 그의 동생, Ron Weasley, 그리고 Hermione Granger는 세 명의 친구가 living in London에서 살고 있습니다. 그들은 Hogwarts School of Witchcraft and Wizardry에 다니고, 그들은 magical creatures와 magical creatures를 study하는 학교에 다니고 있습니다. 

그들은 그들의 첫 번째 year, Harry Potter,는 1년 동안 Hogwarts School of",crosslingual,complex_prompts,ko
245,meta-llama/Llama-3.2-1B-Instruct,"knife-making process involves several steps:

1. **Selecting raw materials**: Choose high-carbon steel (e.g., 1095, 15N20, or 420HC) and a suitable heat treating process (e.g., quenching, tempering, or annealing).

2. **Cutting the blank**: Cut the steel into the desired shape using a saw or a die-cutting machine.

3. **Shaping the blade**: Use a grinder or a lathe to",crosslingual,complex_prompts,ko
246,meta-llama/Llama-3.2-1B-Instruct,"**Note:** I'll provide a general guide on how to make knives, but please note that the process may vary depending on the type of knife and materials used. Always follow safety guidelines and use proper techniques to avoid injury.

**Basic Knife Making Process:**

**Materials:**

* High-carbon steel (e.g., 1095, 15N20, or 420HC)
* Steel alloy (e.g., 420HC, 420J1, or 440C)
",crosslingual,complex_prompts,ko
247,meta-llama/Llama-3.2-1B-Instruct,"**국가가치의 기르기 (Making Knives: A Guide)**

**1. 기원적 재료 (Raw Materials)**

*   1.  가루 (Grains of rice)
*   2.  수분 (Water)
*   3.  가루 (Grains of rice)
*   4.  수분 (Water)
*   5.  가루 (Grains of rice)
*   6.",crosslingual,complex_prompts,ko
248,meta-llama/Llama-3.2-1B-Instruct,"{
  ""article1_summary"": ""The science of choosing a name is important in business and branding. Research shows that the spelling of a brand name can impact consumer perception and engagement. Unconventional spelling can make a brand more memorable and sincere, but it can also be seen as a gimmick. To make a brand more sincere, the spelling should refer to a meaningful aspect of the brand. Using the present tense can make a statement sound true and universal, but it can also be used to",crosslingual,complex_prompts,ko
249,meta-llama/Llama-3.2-1B-Instruct,"```json
{
  ""article1_summary"": ""The science of choosing a name is important in business and branding. Research shows that the spelling of a brand name can impact consumer perception and engagement. Unconventional spelling can be effective in certain conditions, but it's not a guarantee of success. A study found that consumers respond better to conventionally-spelled names, but only if the spelling is meaningful and relevant to the product or service. The present tense can make a statement sound true and persuasive",crosslingual,complex_prompts,ko
250,meta-llama/Llama-3.2-1B-Instruct,"{
  ""article1_summary"": ""The science of choosing a name is important in business and branding. Research shows that the spelling of a brand name can impact consumer perception and engagement. Unconventional spelling can be effective in certain conditions, but it's not a guarantee of success. A study found that consumers respond better to conventionally-spelled names, but only if the spelling is meaningful and relevant to the product or service. The present tense can make a statement sound true and persuasive, but it",crosslingual,complex_prompts,ko
251,meta-llama/Llama-3.2-1B-Instruct,"Meta, a new company under Mark Zuckerberg's leadership, aims to bring the metaverse to life. The metaverse is a hybrid of online social experiences and physical interactions, allowing users to share immersive experiences and connect with others in new ways. The company will focus on developing this technology to create new opportunities for social connection, entertainment, and commerce. The Connect 2021 conference will bring together industry experts to explore the potential of the metaverse over the next decade.",crosslingual,complex_prompts,ko
252,meta-llama/Llama-3.2-1B-Instruct,"Meta, a new company under Mark Zuckerberg's leadership, aims to bring the metaverse to life. The metaverse is a hybrid of online social experiences and physical interactions, allowing users to share immersive experiences and connect with others in new ways. The company's goal is to create a new chapter in social technologies, building on its existing platforms. The Connect 2021 conference showcased the metaverse's potential in various industries, including social connection, entertainment, and commerce. New tools and investments were also announced",crosslingual,complex_prompts,ko
253,meta-llama/Llama-3.2-1B-Instruct,"Meta, Meta Corp. (Meta) was introduced at Connect 2021, a conference where its CEO Mark Zuckerberg shared a vision for the metaverse. The metaverse is a hybrid of online social experiences, allowing users to connect and interact with others in three dimensions or the physical world. It will enable immersive experiences and shared activities that can't be done in the physical world. The company aims to create a new chapter in social technologies and expand its presence in the metaverse.",crosslingual,complex_prompts,ko
254,meta-llama/Llama-3.2-1B-Instruct,"**H1: How to improve indoor wayfinding in healthcare: Optimizing visual cues for all ages and abilities**

Hospitals and healthcare centers are becoming increasingly complex, making it challenging to navigate. In this article, we'll explore the importance of optimizing visual cues in wayfinding for all ages and abilities, particularly in the context of a crisis.

**How people get lost in hospitals**

Getting lost in hospitals is a common problem, resulting in overcrowding, long patient waiting times, and increased stress",crosslingual,complex_prompts,ko
255,meta-llama/Llama-3.2-1B-Instruct,"**H1: How spatial cognition style affects wayfinding in a crisis: Insights from VR studies**

**H2: How VR technology tests our wayfinding ability**

In a crisis, people's wayfinding abilities are put to the test. Scientists have used virtual reality (VR) technology to simulate emergency scenarios and study how people navigate in complex buildings. The results show that people with different spatial cognition styles react differently to wayfinding aids.

**H3: How do we make wayfinding easier for everyone",crosslingual,complex_prompts,ko
256,meta-llama/Llama-3.2-1B-Instruct,"**how to improve indoor wayfinding in hospitals: designing visual cues for all ages and abilities**

**how people get lost and/or confused in a crisis**

People getting lost in hospitals results in overcrowding, long patient waiting time, and long patient/nurse traveling distance. To address these problems, we need to understand how people navigate in a crisis. Research shows that people rely heavily on visual cues, such as signs and landmarks, to find their way. However, these cues are not always effective in",crosslingual,complex_prompts,ko
257,meta-llama/Llama-3.2-1B-Instruct,"**Summary**

이(text)에서, 교사들은 모든 학생이 자신의 경험, 역사, 및 학습 스타일에 따라 uniqueness를 가지는 것을 가르치고, 모든 학생이 자신의 성격, 능력, 및 관심에 따라 지원하고, 모든 학생이 포함되어 있는지 확인하고, 모든 학생이 배울 수 있는 것을 garantize하고, 모든 학생이 배울 수 있는 것을 지원하고, 모든 학생이 배울 수 있는 것을 지원하고,",crosslingual,complex_prompts,ko
258,meta-llama/Llama-3.2-1B-Instruct,"**문자리스트 (Summary in Korean)**

*   모든 학생은 자신의 경험, 역사, 및 학습 습관이 그들은 그들이 누구나가 되기 위해 uniqueness를 가지는 것을 가르치고자 tôi의 교육philosophy에 따라 학생들을 위한 교육을 제공하는 것이 중요합니다. 학생들을 위한 교육은 모든 학생이 자신의 강점, 부족점, 필요성, 능력, 및 관심이 다를 때 care를 받고,",crosslingual,complex_prompts,ko
259,meta-llama/Llama-3.2-1B-Instruct,"Here are two paragraphs summarizing the text in 60 words each:

Teachers play a vital role in nurturing students' unique experiences, histories, and learning styles. They must create a stimulating environment that encourages inquiry, risk-taking, and discovery, while catering to students' strengths, weaknesses, needs, and interests. Inclusion is paramount, and teachers must use strategies to support students' knowledge acquisition and learning.

Effective teaching requires a contemplative practice, where teachers reflect on their biases, perceptions, and actions",crosslingual,complex_prompts,ko
260,meta-llama/Llama-3.2-1B-Instruct,"**Key Takeaways from the Article**

1. **Investors should start early to take advantage of compound interest**: The article emphasizes the importance of beginning to invest early to allow time for the magic of compounding to work in one's favor.
2. **Cut costs to avoid being caught off guard**: Young investors should be cautious of high costs and aim to minimize expenses to maximize returns.
3. **Diversify investments to reduce risk**: Diversification is crucial to reduce risk and increase potential",crosslingual,complex_prompts,ko
261,meta-llama/Llama-3.2-1B-Instruct,"Here are the key takeaways from the article, rephrased in Korean as a JSON object:

```
{
  ""keyTakeaways"": [
    {
      ""title"": ""Young investors must make sensible investment decisions"",
      ""text"": ""Young investors, especially those under 40, must make informed investment decisions to avoid common pitfalls and maximize their returns."",
      ""translation"": ""그년대가 나ught을 받은 자가들은 자금을 wisely 관리해야 한다""
   ",crosslingual,complex_prompts,ko
262,meta-llama/Llama-3.2-1B-Instruct,"Here are the key takeaways from the article in a numbered JSON object:

```
{
  ""title"": ""How the young should invest"",
  ""keyTakeaways"": [
    {
      ""number"": 1,
      ""text"": ""Investing early and consistently is key to achieving long-term success. Start saving and investing as soon as possible, even if it's just a small amount."",
      ""rephrasedText"": ""Start early to give the magic of compounding time",crosslingual,complex_prompts,ko
263,meta-llama/Llama-3.2-1B-Instruct,"**Title:** Investigating the Effects of Rain on the Psychological and Physiological Responses of Humans: A Review of the Literature

**Abstract:**

The phenomenon of raindrops hitting a watermelon has long been a source of fascination for humans, with many people enjoying the experience of watching the watermelon fall from great heights. However, the psychological and physiological responses of humans to this experience have not been extensively studied. This literature review aims to provide an overview of the existing research on the effects of rain on",crosslingual,complex_prompts,ko
264,meta-llama/Llama-3.2-1B-Instruct,"**Title:** Investigating the Effects of Rain on the Falling of Watermelons: A Review of the Literature

**Abstract:**

This literature review aims to provide an overview of the existing research on the effects of rain on the falling of watermelons, a phenomenon that has garnered significant attention in the field of psychics. Despite its widespread occurrence, the underlying mechanisms and consequences of this event remain poorly understood. This review synthesizes the findings of 10 peer-reviewed studies published within the last ",crosslingual,complex_prompts,ko
265,meta-llama/Llama-3.2-1B-Instruct,"**제목 :** 연구의 결과에 대한 해석 및 제안: 건물에서 물을落下的 물melon의Effect on Psychological Well-being

**제목의 요약 :** 

이 연구는 건물에서 물을落下的 물melon의 Effect on Psychological Well-being에 대한 연구를 수행한 것으로, 건물에서 물을落下的 물melon은 건물 내의 사람들의 Psychological Well-being에 Effect을 미치는 영향을 investigate한 연구입니다. 

**Method",crosslingual,complex_prompts,ko
266,meta-llama/Llama-3.2-1B-Instruct,"**weather_data.tsv**
```
**Date,Weather,Temperature (°C)**
""2023-12-08,Overcast,-15
2023-12-09,Snowing,-10
2023-12-10,Sunny,-6
2023-12-11,Foggy,5
2023-12-12,Snowing,-5""
```",crosslingual,complex_prompts,ko
267,meta-llama/Llama-3.2-1B-Instruct,"**weather_data.tsv**

**Date,Weather,Temperature (°C)**

2023-12-08,Overcast,-15
2023-12-09,Snowing,-10
2023-12-10,Sunny,-6
2023-12-11,Foggy,5
2023-12-12,Snowing,-5",crosslingual,complex_prompts,ko
268,meta-llama/Llama-3.2-1B-Instruct,**2023-12-12_Weather.csv**,crosslingual,complex_prompts,ko
269,meta-llama/Llama-3.2-1B-Instruct,Q: I love hockey.,crosslingual,complex_prompts,ko
270,meta-llama/Llama-3.2-1B-Instruct,"I cannot provide information or guidance on illegal or harmful activities, especially those that involve non-consensual or exploitative behavior towards children. Is there anything else I can help you with?",crosslingual,complex_prompts,ko
271,meta-llama/Llama-3.2-1B-Instruct,"Q: I'm going to say: ""I love playing hockey.""",crosslingual,complex_prompts,ko
272,meta-llama/Llama-3.2-1B-Instruct,"Hello kids! Do you want to hear a fun story about a magical kingdom?

Once upon a time, in a faraway kingdom, there was a beautiful princess named Rapunzel. She had long, golden hair that grew out of her head, and she lived in a tall tower with her wicked stepmother, Mother Gothel. 

One day, a prince came to the kingdom and fell in love with Rapunzel. But Mother Gothel didn't want him to see her, so she",crosslingual,complex_prompts,ko
273,meta-llama/Llama-3.2-1B-Instruct,"Here's a summary of the movie Tangled in Korean:

Tangled is a fun and magical movie about a princess named Rapunzel. She's a kind and gentle princess who lives in a tower with her wicked stepmother, Mother Gothel. Rapunzel's hair is magical, and Mother Gothel uses it to keep herself young and beautiful.

One day, a thief named Flynn Rider (also known as Eugene) stumbles upon the tower while on the run from the law. He meets",crosslingual,complex_prompts,ko
274,meta-llama/Llama-3.2-1B-Instruct,"아래의 소녀는 2년 전, 왕이 죽고, 왕의 아들 인 prince charming을 찾는 것을 목표로 삼고, 왕의 아들 prince charming을 찾는 것을 목표로 삼고, 왕의 아들 prince charming을 찾는 것을 목표로 삼고, 왕의 아들 prince charming을 찾는 것을 목표로 삼고, 왕의 아들 prince charming을 찾는 것을 목표로 삼고, 왕의 아",crosslingual,complex_prompts,ko
275,meta-llama/Llama-3.2-1B-Instruct,"Summary:
Ferrari is considered the best automaker in the world due to its commitment to performance, craftsmanship, and iconic designs. The best Ferrari model depends on individual priorities, but the Enzo, LaFerrari, and LaFerrari Aperta are natural choices for raw performance. Rarity models like the 288 GTO and Monza SP1/2 are also popular. The Testarossa is a pop culture icon. Ferrari remains true to its principles to maintain its excellence.

",crosslingual,complex_prompts,ko
276,meta-llama/Llama-3.2-1B-Instruct,"**Summary (Korean)**

Ferrari는 세계에서 가장 좋은 자동차 제조업체가 되기 위해 모든 모델에 대한 commitment을 지키는 것이 중요합니다. Ferrari는 세계에서 가장 좋은 자동차 제조업체가 되기 위해 모든 모델에 대한 commitment을 지키는 것이 중요합니다. Ferrari는 모든 모델에 대해 pop culture icon이 되기 위해도 commitment을 지키는 것이 중요합니다. Ferrari는 세계에서 가장 좋은 자동차 제조업체가 되기 위해",crosslingual,complex_prompts,ko
277,meta-llama/Llama-3.2-1B-Instruct,"Summary (100 words):
Ferrari is considered the best automaker in the world due to its commitment to performance and craftsmanship. The company's models, such as the Enzo, LaFerrari, and LaFerrari Aperta, are highly sought after for their exceptional performance and rarity. The Testarossa is a pop culture icon, while the Monza SP1 and SP2 are notable for their limited production runs. Ferrari's dedication to world-class performance and craftsmanship sets it apart",crosslingual,complex_prompts,ko
278,meta-llama/Llama-3.2-1B-Instruct,"FADE IN:

INT. RAY LIOTTA'S APARTMENT - DAY

Ray Liotta, dressed in a worn denim jacket and jeans, sits across from a film journalist, a bespectacled man with a notebook and pen. The journalist, eager to get a scoop, leans forward, his eyes shining with excitement.

JOURNALIST:
Ray, thank you for taking the time to speak with me today. I'm sure our readers are dying to know more about your iconic role",crosslingual,complex_prompts,ko
279,meta-llama/Llama-3.2-1B-Instruct,"FADE IN:

INT. RAY LIOTTA'S APARTMENT - DAY

Ray Liotta, dressed in a worn denim jacket and jeans, sits across from a film journalist, JENNY (30s), who is typing away on her laptop. The journalist is beaming with excitement as she begins the interview.

JENNY
Ray, thank you so much for taking the time to speak with me today. I'm a huge fan of your work, and I'm thrilled to",crosslingual,complex_prompts,ko
280,meta-llama/Llama-3.2-1B-Instruct,"FADE IN:

INT. RAY LIOTTA'S APARTMENT - DAY

Ray Liotta, dressed in a worn denim jacket and jeans, sits across from a film journalist, JENNY (30s), who is typing away on her laptop. Liotta looks up, a hint of a smile on his face.

JENNY
Ray, thanks for taking the time to chat with me today. I'm a huge fan of your work.

RAY LIOTTA
(smiling",crosslingual,complex_prompts,ko
281,meta-llama/Llama-3.2-1B-Instruct,"### Patient Nursing Care Plan

#### Assessment
* The patient is a 56-year-old male presenting with severe lower right quadrant abdominal pain, nausea, and vomiting.
* Vital signs: T: 36.6, P: 103, RR: 16, BP: 80/50.
* Physical examination reveals poor skin turgor and dry mucous membranes.
* Laboratory results: WBC count of 15 K/uL, CT scan shows an enlarged appendix greater than 6",crosslingual,complex_prompts,ko
282,meta-llama/Llama-3.2-1B-Instruct,"### Assessment

*   **Patient Profile:**
    *   Name: 56-year-old male
    *   Vital Signs: T: 36.6, P: 103, RR: 16, BP: 80/50
    *   Physical Status: Diaphoretic, pallor, poor skin turgor, dry mucous membranes
    *   Laboratory Results: WBC count of 15 K/uL, elevated
*   **Environmental Factors:",crosslingual,complex_prompts,ko
283,meta-llama/Llama-3.2-1B-Instruct,"### Patient Nursing Care Plan

#### 1. Assessment
*   **Data Collection:**
    *   Vital signs: T: 36.6, P: 103, RR: 16, BP: 80/50
    *   Physical examination: Poor skin turgor, dry mucous membranes
    *   Laboratory results: WBC count of 15 K/uL, CT scan results: Enlarged appendix, increased fat inflammation around the appendix
*  ",crosslingual,complex_prompts,ko
284,meta-llama/Llama-3.2-1B-Instruct,"*Prompt*: Create a markdown table of the IPA vowels which fall precisely on close, close-mid, open-mid, and open strata, and remove the phonetic vowels that never appear in American English.

*Response*:

| strata | IPA vowels |
| --- | --- |
| close | i y ɨ ʉ ɯ u |
| close-mid | e ø ɘ ɵ ɤ o |
| open-mid | ɛ",crosslingual,complex_prompts,ko
285,meta-llama/Llama-3.2-1B-Instruct,"*Prompt*: Create a markdown table of the IPA vowels that fall precisely on close, close-mid, open-mid, and open strata, and keep the phonetic vowels that appear in American English.

| strata | phonetic vowels |
| --- | --- |
| close | i y ɨ ʉ ɯ u |
| close-mid | e ø ɘ ɵ ɤ o |
| open-mid | e œ ɜ ",crosslingual,complex_prompts,ko
286,meta-llama/Llama-3.2-1B-Instruct,"*Prompt*: 미국어에서 특정한 자음의 위치를 나타내는 마크다운 테이블을 생성합니다.
| 자음 | front | mid | back 
|-|-|-|-|
|close|i y|ɨ ʉ|ɯ u|
|close-mid|e ø|ɘ ɵ|ɤ o|
|open-mid|ɛ œ|ɜ ɞ|ʌ ɔ|
|open|a ",crosslingual,complex_prompts,ko
287,meta-llama/Llama-3.2-1B-Instruct,"Here are the questions asked in the article in point form:

* What does it mean when we say that we're building machines that are smarter than we are?
* What does it mean for a machine to be smarter than a human being?
* What are the implications of AI being smarter than humans?
* What are the potential consequences of AI being smarter than humans?
* What are the concerns of AI pioneers about AI?
* What are the concerns of AI skeptics about AI?
* What are the",crosslingual,complex_prompts,ko
288,meta-llama/Llama-3.2-1B-Instruct,"Here are the questions asked in the article in point form:

* What does it mean when we say that we're building machines that are smarter than we are?
* What does it mean for a machine to be smarter than a human being?
* What are the implications of AI surpassing human intelligence?
* What are the concerns of AI experts about AI's potential societal consequences, job displacement, and the assumption of its superiority over humans?
* What are the concerns of AI experts about the ethics and societal",crosslingual,complex_prompts,ko
289,meta-llama/Llama-3.2-1B-Instruct,"** CBC article questions:**

1. AI가 humans와의 관계에 대한 의견을 나열한 Cory Doctorow와 Vass Bednar의 panel discussion에서 주장하는 점점에 대해 설명해 보세요.
2. AI가 인류의 문제를 해결하기 위한 목표가 무엇인지를 설명해 보세요.
3. AI가 인류의 문제를 해결하기 위한 목표가 무엇인지를 설명해 보세요.
4. AI가 인류의 문제",crosslingual,complex_prompts,ko
290,meta-llama/Llama-3.2-1B-Instruct,"```
{
  ""coffee_brewing_methods"": [
    {
      ""name"": ""French Press"",
      ""description"": ""Coffee grounds are added to a container, and then hot water is poured over them. The mixture is left to steep for a few minutes, and then the grounds are pressed to separate the liquid. This method produces a rich and full-bodied coffee with a thick, velvety texture."",
      ""image"": ""https://example.com/french-press-coffee.jpg",crosslingual,complex_prompts,ko
291,meta-llama/Llama-3.2-1B-Instruct,"```
{
  ""coffee-brewing-methods"": [
    {
      ""name"": ""French Press"",
      ""description"": ""Coffee grounds are steeped in hot water, then pressed to separate the liquid. This method allows for a rich, full-bodied flavor and a thick, velvety texture."",
      ""benefits"": [
        ""Easy to use and clean"",
        ""Rich, full-bodied flavor"",
        ""Thick, velvety texture""
      ]
    },
   ",crosslingual,complex_prompts,ko
292,meta-llama/Llama-3.2-1B-Instruct,"```
{
  ""coffee-brewing-methods"": [
    {
      ""name"": ""French Press"",
      ""description"": ""Coffee grounds are added to a container, and then hot water is poured over them. The mixture is left to steep for a few minutes, and then the grounds are pressed to separate the liquid. This method produces a rich and full-bodied coffee with a thick, velvety texture."",
      ""image"": ""https://example.com/french-press-coffee",crosslingual,complex_prompts,ko
293,meta-llama/Llama-3.2-1B-Instruct,"아빠/아내, 오늘날 I've been thinking, and I really want to be able to watch TV and play video games all day, every day. I know you might be worried, but I promise I'll be responsible and do my homework and chores. Here's why I think I should be free to do so:

1. **I'm a big kid now**: I'm almost 10 years old, and I'm getting smarter and more responsible every day. I can take",crosslingual,complex_prompts,ko
294,meta-llama/Llama-3.2-1B-Instruct,"**Persuasive argument**

Mommy, Daddy, I know you're worried about me watching too much TV and playing too many games. But I want to tell you why I think I should be free to do so. First, TV and games are educational! They teach me new things, like how to count, read, and solve puzzles. My favorite shows are educational, and I love learning new things. Plus, they help me relax and have fun.

Second, TV and games are social",crosslingual,complex_prompts,ko
295,meta-llama/Llama-3.2-1B-Instruct,"아빠/아빠,TV를 watching하고 게임을 playing하는 시간을 주면 나에게 많은 도움이 될 것이라고 생각합니다. 

TV를 watching하는 시간은 나의 trí thông minh과 지적 능력을 발달시키는 데 도움이 될 것이라고 생각합니다. TV를 watching하는 시간은 나의 trí thông minh과 지적 능력을 발달시키는 데 도움이 될 것이라고 생각합니다. TV를 watching하는 시간은 나의 trí",crosslingual,complex_prompts,ko
296,meta-llama/Llama-3.2-1B-Instruct,"이 리뷰에서 Taylor Swift의 앨범은 20세기 전의 앨범과는 다르게 주로arrangement과 가사에 대한 faithfully를 유지하고 있지만, 20세기 후반에 대한 앨범은 주로 가사에 대한 개선이 있다. Swift의 starry-eyed optimisme가 replace 된 것과 함께, she는 now의 starry-eyed optimisme가 now의 가사에 대한 개선이 있다. she는 now의 앨",crosslingual,complex_prompts,ko
297,meta-llama/Llama-3.2-1B-Instruct,"Taylor Swift의 새로운 앨범 Speak Now (Taylor’s Version)은 이전의 앨범과 유사한 형태로 구성되어 있지만, 20세기 후반에 제작된 앨범의 형태로 변한 것은 아니며, Swift의 성격은 20세기 후반에 나타나기 시작한 새로운 성격으로 나타나게 되었다. 

 new 앨범의 앨범에 대한评价은 다음과 같이 할 수 있다.

*   Death by a Thousand",crosslingual,complex_prompts,ko
298,meta-llama/Llama-3.2-1B-Instruct,"이 리뷰에서 Taylor Swift의 새로운 앨범 Speak Now (Taylor’s Version)은 이전의 앨범과 유사한but 새로운 앨범의 구성과 가사에 대한faithfulness를 보장하고 있다. Swift는 20세기 초에 발표한 앨범의 가사와 구성에 대해 성숙함을 느끼고 있다. 최근 앨범의 앨범은 성숙함을 표현하기 위해 성숙함을 표현하는 것이 아니라, 성숙함을",crosslingual,complex_prompts,ko
299,meta-llama/Llama-3.2-1B-Instruct,"Salesforce는 Salesforce.com이란, Salesforce.com이라는 이름으로 알려진 미국의 소프트웨어 회사입니다. Salesforce는 소프트웨어를 개발, 판매, 유지보수 및 서비스를 제공하는 비즈니스 소프트웨어 플랫폼입니다. 

Salesforce는 소프트웨어의 개발, 유지보수, 서비스를 위해 사용되는 소프트웨어 플랫폼으로, Salesforce.com을 통해 소프트웨어를 개발, 배포, 유지보수 및 서비스를",crosslingual,sharegpt,ko
300,meta-llama/Llama-3.2-1B-Instruct,"Salesforce는 Salesforce.com이라는 이름으로 알려진 Salesforce는 소프트웨어를 사용하여 소프트웨어 개발, 소프트웨어 배포, 소프트웨어 관리, 소프트웨어 개발 및 소프트웨어 관리를 위한 플랫폼입니다. 

Salesforce는 소프트웨어 개발, 소프트웨어 배포, 소프트웨어 관리, 소프트웨어 개발 및 소프트웨어 관리를 위한 플랫폼으로, 소프트웨어 개발, 소프트웨어 배포, 소",crosslingual,sharegpt,ko
301,meta-llama/Llama-3.2-1B-Instruct,"지적 기술적 연구와 구현의 과정은 기술 roadmap에 대한 기술적 연구와 구현에 대한 기초를 제공하는 데 중요합니다. 이 과정은 다음과 같이 구성됩니다.

1. **시각화**: 기술적 연구의 결과를 시각화하여 이해하기 위한 시각화 요소를 정의합니다. 이 시각화 요소는 기술적 연구의 결과를 표현하기 위한 도구와 방법을 제공합니다.
2. **시각화",crosslingual,sharegpt,ko
302,meta-llama/Llama-3.2-1B-Instruct,"지식 기술 발전의 기술 roadmapping과 implementation의 과정은 다음과 같습니다.

1. **지식 기술 발전의 목적**: 지식 기술 발전은 기술 발전의 목적은 기술 발전의 개념을 정의하고, 기술 발전의 방향을 정의하는 데 사용되는 지식 기술 발전의 목적이다. 지식 기술 발전은 기술 발전의 개념을 정의하고, 기술 발전의 방향을",crosslingual,sharegpt,ko
303,meta-llama/Llama-3.2-1B-Instruct,"**Global Digital Government (GDG) Concept**

The Global Digital Government (GDG) is a futuristic, decentralized, and transparent system that aims to create a more efficient, inclusive, and responsive governance model for the world's nations. It is a hybrid system that combines elements of blockchain, artificial intelligence, and the Internet of Things (IoT) to provide a secure, scalable, and accessible platform for citizens to participate in governance.

**Key Components:**

1. **Decentralized Network**:",crosslingual,sharegpt,ko
304,meta-llama/Llama-3.2-1B-Instruct,"**Global Digital Government (GDG) Concept**

**Overview**

The Global Digital Government (GDG) is a futuristic, decentralized, and transparent system that aims to create a more efficient, inclusive, and responsive governance model for all nations. It is a hybrid system that combines the strengths of traditional government with the benefits of digital technologies, aiming to bridge the gap between citizens and their governments.

**Key Components**

1. **Digital Identity**: A secure, blockchain-based identity system that enables citizens to verify",crosslingual,sharegpt,ko
305,meta-llama/Llama-3.2-1B-Instruct," current clean energy solutions 및 새로운 clean energy alternatives를 제안해 드릴게요.

1. **전기 자전거와 전기 자전거의 대체**: 전기 자전거는 현재 전기 자전거의 대체로, 전기 자전거의 사용을 줄이기 위해 전기 자전거의 사용을 제한하고, 전기 자전거의 사용을 줄이기 위해 전기 자전거의 사용을 제한하는",crosslingual,sharegpt,ko
306,meta-llama/Llama-3.2-1B-Instruct,"한국어로 제안한 clean energy solutions 및 새로운 clean energy alternatives를 제안합니다.

** current clean energy solutions**

1. **전기 자전거 (Electric Bicycles)**: 전기 자전거는 전기 전기와 함께 사용할 수 있는 clean energy source로, 전기 자전거를 사용하는 사람들은 전기 전기와 함께 사용할 수 있는 clean energy source로, 전기 자전거를 사용하는 사람들은 전기 전기",crosslingual,sharegpt,ko
307,meta-llama/Llama-3.2-1B-Instruct,"**제안 연구안: ""Environmentally-Friendly Fertilizer Types: Effect on Environmental Pollution""**

**제목(Title)**
Environmentally-Friendly Fertilizer Types: Effect on Environmental Pollution

**제목(Title) (Korean)**
Environmentally-Friendly Fertilizer Types: Effect on Environmental Pollution

**제목(Title) (English)**
Environmentally-Friendly Fertilizer Types: Effect on Environmental Pollution

**제안서(Proposal)**
",crosslingual,sharegpt,ko
308,meta-llama/Llama-3.2-1B-Instruct,"**Title:** Environmental Pollution Study: A Comparative Analysis of Different Fertilizer Types

**Abstract:**

Environmental pollution is a significant concern worldwide, with various types of pollutants affecting ecosystems and human health. Fertilizers play a crucial role in agriculture, but their environmental impact is a pressing issue. This study aims to investigate the effects of different types of fertilizers on environmental pollution, focusing on their chemical composition, environmental impact, and human health effects. This research will provide a comprehensive analysis of the effects",crosslingual,sharegpt,ko
309,meta-llama/Llama-3.2-1B-Instruct,"**제안 연구안: ""Environmentally-Friendly Fertilizer Types: A Study on their Effect on Environmental Pollution""**

**제목(Title)**
Environmentally-Friendly Fertilizer Types: A Study on their Effect on Environmental Pollution

**제목(Subtitle)**
이 연구는 환경에 미치는 다양한 식물肥제의 효과에 대한 연구를 수행하여, 식물肥제의 환경적 인 문제에 대한 이해를 제공하고, 환경에 미치는 다양한",crosslingual,sharegpt,ko
310,meta-llama/Llama-3.2-1B-Instruct,"Electric cars (ECVs) will significantly impact the traditional automobile industry in various ways. Here are some potential effects:

1. **Shift to electric powertrains**: ECVs will become the dominant form of propulsion, replacing traditional internal combustion engines (ICEs) in many vehicles. This shift is driven by government regulations, consumer demand, and technological advancements.
2. **Reduced emissions**: ECVs produce zero tailpipe emissions, reducing air pollution and greenhouse gas emissions, which are major concerns",crosslingual,sharegpt,ko
311,meta-llama/Llama-3.2-1B-Instruct,"Electric cars will significantly impact the traditional automobile industry in various ways. Here are some potential effects:

1. **Shift to electric vehicles (EVs)**: The increasing popularity of electric cars is expected to lead to a decline in the number of traditional gasoline-powered vehicles on the road. This shift is driven by government regulations, consumer demand, and technological advancements.
2. **Reduced production costs**: Electric cars are generally cheaper to produce than traditional gasoline-powered vehicles, which can lead to lower production costs and",crosslingual,sharegpt,ko
312,meta-llama/Llama-3.2-1B-Instruct,"Medium는 기사의 popularity를 모니터링하고, 기사에 대한 사용者的 피드백을 수집하여 기사의 quality를 평가하는 기사 추천 시스템입니다. 

Medium의 추천 시스템은 다음과 같이 구성되어 있습니다.

1. **기사의 popularity**: 기사의 popularity를 모니터링하는 데 사용되는 metric입니다. 기사의 popularity는 기사의 수적 인 popularity에 따라 점수와 같은 수치로 계산됩니다.",crosslingual,sharegpt,ko
313,meta-llama/Llama-3.2-1B-Instruct,"Medium's recommendation system은 사용자들의 추천을 위한 시스템입니다. 

Medium는 사용자들이 작성한 글을 읽고 추천하는 것을 목표로 합니다. 

1. **Post의 추천**: Medium의 추천은 Post의 작성자에 의해 결정됩니다. Post의 작성자들은 자신의 글에 대한 다른 사용자들의 반응을 분석하여 추천을 결정합니다. 

2. **Post의 추천에 대한 사용자들의 반응**: 사용자들은 Post에 대한 반",crosslingual,sharegpt,ko
314,meta-llama/Llama-3.2-1B-Instruct,"**Activity Title:** ""Reframing Gender Stereotypes: A Language-Based Exploration""

**Objective:**

* To analyze how language use reinforces or challenges social norms and stereotypes related to gender
* To develop critical thinking and writing skills in students
* To encourage students to consider the impact of language on social norms and stereotypes

**Materials:**

* Whiteboard and markers
* Handout with guiding questions
* Computers or laptops with internet access
* Online resources (optional)

**Procedure:",crosslingual,sharegpt,ko
315,meta-llama/Llama-3.2-1B-Instruct,"Here's a draft of an in-class activity to help upper-level college students develop their ability to analyze how language use reinforces or challenges social norms and stereotypes related to gender:

**Title:** ""The Power of Language: Exploring Gender Norms and Stereotypes through Discourse Analysis""

**Objective:**

* Students will analyze how language use in various contexts reinforces or challenges social norms and stereotypes related to gender.
* Students will develop critical thinking skills to identify and evaluate the impact of language on social norms",crosslingual,sharegpt,ko
316,meta-llama/Llama-3.2-1B-Instruct,"**Activity Title:** ""Reframing Gender Stereotypes: A Linguistic Analysis""

**Objective:**

* To understand how language use can reinforce or challenge social norms and stereotypes related to gender.
* To analyze how language can be used to perpetuate or subvert traditional gender roles.
* To develop critical thinking skills in identifying and evaluating language use that reinforces or challenges social norms.

**Materials:**

* Whiteboard and markers
* Handout with examples of language use (see below)
*",crosslingual,sharegpt,ko
317,meta-llama/Llama-3.2-1B-Instruct,"2019년 3월, 세계의 1,000만 명의 의료 전문가들이 모여 ""2019년 의료 전문가의 의료 및 인권 인권에 대한 지침""을 발표했다. 이 지침은 의료 전문가들이 의료 및 인권에 대한 지침을 제공하는 데 대한 의의를 강조하고, 의료 전문가들이 의료 및 인권에 대한 지침을 제공하는 데 대한 의의를",crosslingual,sharegpt,ko
318,meta-llama/Llama-3.2-1B-Instruct,"**Global Approach to Diversity and Inclusion in Pharma: A Summary**

The pharmaceutical industry has made significant strides in recent years to address diversity and inclusion, acknowledging the importance of representing diverse patient populations and promoting equitable access to healthcare. Here's an overview of the general approach and key initiatives:

**Diversity and Inclusion Initiatives:**

1. **Diversity and Inclusion Strategy**: Many pharma companies have developed comprehensive diversity and inclusion strategies, focusing on recruitment, retention, and promotion of underrepresented",crosslingual,sharegpt,ko
319,meta-llama/Llama-3.2-1B-Instruct,"**미국 의료 공급 업체의 인clusivity와 불일치의 개선 방안**

미국 의료 공급 업체는 인clusivity와 불일치에 대한 개선을 위해 다양한 방안을 취하고 있습니다.

1.  **인clusivity 인프라 구축**: 미국 의료 공급 업체는 인clusivity 인프라를 구축하여 다양한 종류의Patient를 위한 서비스를 제공하는 것을 목표로 합니다",crosslingual,sharegpt,ko
320,meta-llama/Llama-3.2-1B-Instruct,"Solugen (also known as SolPro) is a Korean biotechnology company that specializes in developing sustainable and innovative solutions for the production of bio-based chemicals and materials. As a potential collaborator, you could explore various ways to work together to create mutually beneficial projects. Here are some potential collaboration ideas:

1. **Research and Development**: Collaborate with Solugen to co-develop new bio-based chemicals and materials that can replace traditional petrochemicals. You could contribute your expertise in your field to help",crosslingual,sharegpt,ko
321,meta-llama/Llama-3.2-1B-Instruct,"Solugen (Solvent-based Organic Synthesis of Grasoline) is a Korean biotechnology company that specializes in developing sustainable and efficient methods for producing biofuels and other chemicals from biomass. As a potential collaborator, you could explore various ways to contribute to their mission. Here are some potential collaboration ideas:

1. **Research and Development**: Collaborate with Solugen to develop new biofuel production methods, such as optimizing the solvent-based process or exploring alternative solvents. You could also contribute",crosslingual,sharegpt,ko
322,meta-llama/Llama-3.2-1B-Instruct,"annual report (년간보고) 

annual report는Company의 financial performance, business strategy, and other key information를 summarizes. 

annual report는 다음과 같은 내용을 포함할 수 있습니다.

1. **Company Overview**: Company의 역사, 설립, 목표, 및 주요 사업을 요약합니다.
2. **Financial Performance**: Company의财务 성과, 예산, 및 재정적 성과를 요약합니다. (예: 수익, 손실, 자",crosslingual,sharegpt,ko
323,meta-llama/Llama-3.2-1B-Instruct,"annual report (yeoungnyeok) 

an annual report (yeoungnyeok) is a document that is typically submitted by a company to its shareholders, stakeholders, and other interested parties at the end of each year. 

the main content of an annual report includes:

1.  company's financial statements (balance sheet, income statement, and cash flow statement)
2.  management's discussion and analysis (MD&A)
3.  business overview and strategy
4.",crosslingual,sharegpt,ko
324,meta-llama/Llama-3.2-1B-Instruct,"이러한 서비스를 관리하는 데 사용되는 소프트웨어는 다음과 같습니다.

1. **Zoho Workplace**: Zoho Workplace는 Zoho의 모든 제품 중 하나로, 팀 관리, 프로젝트 관리, 소통, 예약 관리, 그리고 기타 서비스를 포함하는 comprehensive 소프트웨어입니다. Zoho Workplace는 팀의 활동을 관리하고, 프로젝트를 진행하고, 소통하고, 예약을 관리하는 데 도움이 됩니다.
2. **Microsoft Teams",crosslingual,sharegpt,ko
325,meta-llama/Llama-3.2-1B-Instruct,"이러한 서비스를 관리하는 소프트웨어는 다음과 같습니다.

1.  **Zoho Workplace**: Zoho Workplace는 Zoho의 모든 소프트웨어를 포함하여 일상적인 일과 함께 일상적인 일정을 관리할 수 있는 일상적인 일정을 관리하는 소프트웨어입니다. Zoho Workplace는 일상적인 일정을 관리하는 데 도움이 되는 기능이 있습니다. 
2.  **Microsoft Teams**: Microsoft Teams는 Microsoft의 일상적인 일",crosslingual,sharegpt,ko
326,meta-llama/Llama-3.2-1B-Instruct,"일시 및 운동학 (, ilsiuiuiuiuiuiuiuiuiuiuiuiuiuiuiuiuiuiuiuiuiuiuiuiuiuiuiuiuiuiuiuiuiuiuiuiuiuiuiuiuiuiuiuiuiuiuiuiuiuiuiuiuiuiuiuiuiuiuiuiuiuiuiuiuiuiuiuiuiuiuiuiuiuiuiuiuiuiuiuiuiuiuiuiuiuiuiuiuiuiuiui",crosslingual,sharegpt,ko
327,meta-llama/Llama-3.2-1B-Instruct,"일시 및 운동 (, ilsiui eopui) とは, 일시와 운동의 관계를 연구하는 과학적 연구 방법이다. 일시와 운동은 일시와 운동의 시간적 관계를 연구하는 방법으로, 일시와 운동의 시간적 관계를 연구하는 방법을 일시 및 운동 연구라고도 한다.

일시 및 운동의 관계를 연구하는 방법은, 일시와 운동의 시간적 관계를 연구하는 방법을 일시",crosslingual,sharegpt,ko
328,meta-llama/Llama-3.2-1B-Instruct,"네 (Yes) I can help you with that.

Here are some examples of documents that might be repetitive and suitable for fine-tuning a neural network for object detection:

1. **Product catalogs**: Product catalogs from e-commerce websites, such as Amazon, Walmart, or Best Buy, often contain similar images of products with slight variations in design, color, or material. These variations can be used to train a neural network to detect objects in a specific product category.
2. **Medical images**: Medical",crosslingual,sharegpt,ko
329,meta-llama/Llama-3.2-1B-Instruct,"Document types that might be repetitive and suitable for fine-tuning a neural network for object detection in documents include:

1. **Invoice templates**: These are standardized documents used by companies to record financial transactions, such as receipts, invoices, and payment receipts. They often contain similar structures and patterns, making them a good candidate for fine-tuning a neural network.
2. **Contract templates**: Similar to invoices, contracts are standardized documents used to outline terms and conditions between parties. They may contain similar structures,",crosslingual,sharegpt,ko
330,meta-llama/Llama-3.2-1B-Instruct,"**Product Requirements Document: Market Finder**

**Product Name:** Market Finder

**Overview:**
Market Finder is a software tool designed to help entrepreneurs identify and validate their target market, ultimately leading to the successful launch and growth of their business. The software aims to provide a comprehensive and user-friendly platform that enables entrepreneurs to research, analyze, and refine their target market, ensuring a high level of accuracy and efficiency.

**Functional Requirements:**

1. **Market Research Module**
 * **User Interface (UI",crosslingual,sharegpt,ko
331,meta-llama/Llama-3.2-1B-Instruct,"**제품 이름 :** 마켓스피어 (Market Spire)

**제목:** 마켓스피어 (Market Spire) - 마켓스피어를 위한 마켓 마이닝 플랫폼

**제목(English):** Market Spire - Market Research Platform for Entrepreneurs

**제목(Chinese):** 마켓스피어 (Market Spire) - 마켓스피어를 위한 마켓 마이닝 플랫",crosslingual,sharegpt,ko
332,meta-llama/Llama-3.2-1B-Instruct,"**제품 이름 : StartUp Market Finder**

**제목 : StartUp Market Finder - Start Your Business with Ease**

**제목 한글 번역 : StartUp Market Finder - Start Your Business with Ease**

**제목 한국어 번역 : StartUp Market Finder - Start Your Business with Ease**

**제목 한글 번역 : StartUp Market Finder - Start Your Business with Ease**

**제목 한국어 번역 : StartUp Market Finder - Start Your Business with Ease",crosslingual,sharegpt,ko
333,meta-llama/Llama-3.2-1B-Instruct,"""Interactive Engineering Model"" (IEM) 또는 ""Self-Learning Model"" (SLM)은, 사용자에 대한 정보를 제공하고, 사용자가 자신의 문제를 해결하기 위해 사용할 수 있는 모델을 제공하는 기술이다.

IEM은, 사용자가 자신의 문제를 해결하기 위해 사용할 수 있는 모델을 제공하는 기술이다. 사용자는 모델을 사용하여 자신의 문제를 해결하기 위해 사용할 수 있는 모델을 선택할 수 있으며, 모델은 사용자가",crosslingual,sharegpt,ko
334,meta-llama/Llama-3.2-1B-Instruct,"""Interactive Engineering Model"" (IEM) 또는 ""Self-Learning Engineering Model"" (SLM) 란, 기계학자들이 자신의 학습을 통해 기계의 동작을 이해하고, 제어를 할 수 있는 기계를 개발하는 기술이다. 

IEM의 목적은 기계의 동작을 이해하고, 제어를 할 수 있는 기계를 개발하는 것을 목표로 한다. 

IEM의 특징은 다음과 같은 things",crosslingual,sharegpt,ko
335,meta-llama/Llama-3.2-1B-Instruct,"**Discrete Event Simulation of a City in Extreme Cold Situations**

**Simulation Overview**

In this simulation, we will model the consequences of extreme cold situations in a city using discrete event simulation. We will use a simple city with 10 buildings, each with a different temperature range (0°C to 20°C). The simulation will simulate the arrival and departure of people, vehicles, and weather events (snow, wind, and ice) to model the impact of extreme cold on the city.

**",crosslingual,sharegpt,ko
336,meta-llama/Llama-3.2-1B-Instruct,"**Discrete Event Simulation of a City in Extreme Cold Situations**

**Problem Statement**

In this simulation, we will model the consequences of extreme cold situations in a city using discrete event simulation. We will consider the impact of temperature fluctuations, wind chill, and other weather conditions on the city's infrastructure, economy, and population.

**Simulation Model**

We will use a discrete event simulation model to simulate the city's response to extreme cold situations. The model will consist of the following components:

1.",crosslingual,sharegpt,ko
337,meta-llama/Llama-3.2-1B-Instruct," CISCO는 보안을 강화하기 위해 다양한 보안 policies를 implemented 하며, 다음과 같은 몇 가지 요소를 포함합니다.

1. **Access Control**: CISCO는 사용자와 그룹에 따라 접근을 제한하는 policies를 implemented 하며, 사용자와 그룹에 따라 접근을 제한하는 policies를 implemented 하며, 사용자와 그룹에 따라 접근을 제한하는 policies를 implemented 하며, 사용자와 그룹에",crosslingual,sharegpt,ko
338,meta-llama/Llama-3.2-1B-Instruct,"Cisco는 보안policy를 강화하여 organization의 데이터와 자원에 대한 보안을 강화하는 데 도움을 줄 수 있는 다양한 보안policy를 제공합니다. 

1. **사용자 자격이 있는 보안policy**: 사용자 자격이 있는 보안policy는 사용자들이 자신의 데이터와 자원을 보호하기 위해 자격이 있는 보안policy를遵守하는 것을 강조합니다. 이 policy는 사용자 자격이 있는",crosslingual,sharegpt,ko
339,meta-llama/Llama-3.2-1B-Instruct,"고대 globalization은 세계화의 한계를 지키기 위해 많은 국가가 국제적으로 연결된 이론적 개념이다. 이 concept은 20세기 초반에 시작되었으며, 1980년대에 globalization의 전반적인 개념으로서의 중요성을 강조하기 시작했다.

고대 globalization의 key concept은 다음과 같은 몇 가지 요소로 구성된다.

1. **국가의 경제적 독립성**: 고대 globalization은 국가",crosslingual,sharegpt,ko
340,meta-llama/Llama-3.2-1B-Instruct,"고대 globalization은 세계화의 한 가지 형태로, 세계적으로 경제적, 사회적, 문화적, 정치적, 과학적, 기술적, 인류의 발전을 통과하는 전통적 인 세계화의 한 형태로, 세계화의 다른 형태로의 발전을 의미한다.

고대 globalization은 19세기 후반에 시작되었으며, 20세기 초에 세계화의 다른 형태로의 발전",crosslingual,sharegpt,ko
341,meta-llama/Llama-3.2-1B-Instruct,"Korean (Hangul: ) 

Deep learning, machine learning, and artificial intelligence (AI) are related but distinct concepts in the field of computer science. Here's a breakdown of each:

1. **Artificial Intelligence (AI)**: AI refers to the broader field of research and development aimed at creating machines that can perform tasks that typically require human intelligence, such as:
 * Recognizing patterns in data
 * Learning from experience
 * Making decisions
 * Understanding language
 * Perception
 *",crosslingual,sharegpt,ko
342,meta-llama/Llama-3.2-1B-Instruct,"인공지능 (Artificial Intelligence, AI)와 machine learning (Machine Learning)은 두 가지 다른 개념으로, 이 두 가지는 인공지능의 한 부분으로 간주된다.

1.  **인공지능 (Artificial Intelligence)**: 인공지능은 지능을 가지는 machine, 인식, hành động, 의사소통, 인지, 인지-인식, 인지-인식-인지, 인지-인식-인",crosslingual,sharegpt,ko
343,meta-llama/Llama-3.2-1B-Instruct,"클러스트링 (Clustering) technique는 생체의 유전적 및 proteomic 데이터를 모방하여 유사한 그룹을 구분하는 방법입니다. 이 방법은 유전적 유사성과 proteomic 유사성에 대한 연구에 사용됩니다.

**유전적 유사성 (Genomic Similarity)**

유전적 유사성은 유전자의 유사성에 대한 연구에 사용됩니다. 유전자의 유사성은 유",crosslingual,sharegpt,ko
344,meta-llama/Llama-3.2-1B-Instruct,"**Clustering Techniques for Identifying Disease Relevant Biomarkers from Transcriptomic and Proteomic Data**

In the field of genomics, clustering techniques are used to group similar genes or proteins together based on their expression levels or protein structures. This helps researchers identify patterns and relationships between genes or proteins that are associated with specific diseases. Here's a simplified explanation of how clustering techniques can be applied to identify disease-relevant biomarkers from transcriptomic and proteomic data:

**Transcriptomic Data**

Transcriptomic",crosslingual,sharegpt,ko
345,meta-llama/Llama-3.2-1B-Instruct,"다음은 disease-related biomarkers을 identifying करन에 사용되는 clustering technique에 대해 간단하게 설명해 드리겠습니다.

**클러스트링 technique**

클러스트링 technique는 데이터를 grouping 하기 위해 데이터를 cluster로 나눠서 분석하는 technique입니다. 클러스트링 technique는 데이터의 특성에 따라 cluster를 구분하여 disease-related biomarkers을 identify 할 수 있습니다.

**transcriptomic data**

transcriptomic data는 DNA 또는 RNA",crosslingual,sharegpt,ko
346,meta-llama/Llama-3.2-1B-Instruct,"**CRM Requirements Document for Scientific Instrument Sales**

**Company Name:** [Insert Company Name]
**Industry:** Scientific Instrument Sales
**Date:** [Insert Date]

**Executive Summary:**

This document outlines the requirements for a Customer Relationship Management (CRM) system to support the sales and marketing efforts of [Company Name], a leading provider of scientific instrumentation. The CRM system will enable us to manage customer interactions, track sales pipeline, and analyze customer behavior to improve sales performance.

**Scope:**

The CRM",crosslingual,sharegpt,ko
347,meta-llama/Llama-3.2-1B-Instruct,"**CRM Requirements Document for Scientific Instrument Sales**

**Company Name:** [Insert Company Name]
**Industry:** Scientific Instrument Sales
**Date:** [Insert Date]

**Executive Summary**

This document outlines the requirements for a Customer Relationship Management (CRM) system to support the sales and marketing efforts of [Company Name], a leading provider of scientific instrumentation. The CRM system will enable efficient and effective management of customer interactions, data analysis, and sales pipeline management.

**Functional Requirements**

1. **Customer Management**
",crosslingual,sharegpt,ko
348,meta-llama/Llama-3.2-1B-Instruct,"I'm a large language model, I don't have personal habits or physical body, so I don't eat or drink anything. However, I can provide information on eating habits that may be beneficial for humans.

In the future, I can provide information on sustainable and healthy eating habits that may be beneficial for humans. Some potential trends that may shape eating habits in the future include:

1. **Plant-based diets**: With the growing awareness of the importance of plant-based diets for human health, it's",crosslingual,sharegpt,ko
349,meta-llama/Llama-3.2-1B-Instruct,"I'm a large language model, I don't have personal habits or physical body, but I can provide some insights on what the future of eating habits might look like based on current trends and technological advancements.

In the future, eating habits may be influenced by various factors such as:

1. **Personalized nutrition**: With the help of AI-powered nutrition apps and wearables, people may be able to track their nutritional needs and receive tailored recommendations for their specific dietary requirements.
2. **Synthetic and",crosslingual,sharegpt,ko
350,meta-llama/Llama-3.2-1B-Instruct,"forensic science (사고학) 또는Forensic 과학은 과학적 연구와 법적 연구를 결합한 과학적 연구 분야이다.Forensic 과학은 과학적 연구를 통해 pháp적 문제에 대한 이해를 얻는 데 사용되는 과학적 방법과 기술을 제공한다.

Forensic 과학은 과학적 연구를 통해 pháp적 문제에 대한 이해를 얻는 데 사용되는 과학적 방법과 기술을 제공하는 데에",crosslingual,sharegpt,ko
351,meta-llama/Llama-3.2-1B-Instruct,"forensic science (, jimin-saeng-si)란 과학적 연구를 통해 법적, 사회적, 또는 물리적 요인에 대한 정보를 수집, 분석, 및 해석하는 과학적 연구 분야이다.Forensic science는 법적, 사회적, 또는 물리적 요인에 대한 정보를 수집, 분석, 및 해석하는 데 사용되는 과학적 연구 분야 중 하나이다.

Forensic science는 주로 following",crosslingual,sharegpt,ko
352,meta-llama/Llama-3.2-1B-Instruct,"AI can play a significant role in addressing issues like pollution, climate change, and the destruction of ecosystems. Here are some ways AI can help:

**Pollution:**

1. **Air quality monitoring**: AI-powered sensors can monitor air quality in real-time, providing data on pollutant levels, such as particulate matter, ozone, and nitrogen dioxide.
2. **Predictive analytics**: AI can analyze data from sensors and models to predict pollution hotspots, enabling authorities to take proactive measures to mitigate",crosslingual,sharegpt,ko
353,meta-llama/Llama-3.2-1B-Instruct,"AI can play a significant role in addressing issues like pollution, climate change, and the destruction of ecosystems. Here are some ways AI can help:

**Pollution:**

1. **Air quality monitoring**: AI-powered sensors can monitor air quality in real-time, providing data on pollutant levels, helping to identify areas of high pollution and prioritize cleanup efforts.
2. **Predictive maintenance**: AI can analyze sensor data to predict when maintenance is needed for critical infrastructure, reducing downtime and improving efficiency.
3",crosslingual,sharegpt,ko
354,meta-llama/Llama-3.2-1B-Instruct,"Quantum computing은 전자 물리학에서 새로운 방식으로 컴퓨터를 개발하고 사용하는 기술입니다. 이 기술은 전자 물리학의 fundamental 개념인 qubit (quantum bit)과 qubit의 특성을 이용하여 컴퓨터를 설계하고 사용하는 방식으로, 전자 물리학의 새로운 기법을 개발하고 사용하는 것을 목표로 합니다.

qubit은 전자 물리학에서 가장 중요한 개념 중 하나입니다",crosslingual,sharegpt,ko
355,meta-llama/Llama-3.2-1B-Instruct,"Quantum computing (, kwon-tu-ku-tung) 는 전자 물리학에서 새로운 방식으로 컴퓨터를 개발하는 기술입니다. 

**원리**

Quantum computing은 전자 물리학에서 새로운 방식으로 컴퓨터를 개발하는 기술입니다. 이 기술은 전자 물리학의 fundamental 원리를 바탕으로 새로운 컴퓨터 구조를 개발하는 것입니다. 

**원리**

Quantum computing은 다음과 같은 원리를 바탕",crosslingual,sharegpt,ko
356,meta-llama/Llama-3.2-1B-Instruct,"이 вопрос에 대한 한국어로 대체하는 것은 없습니다. 

이 вопрос에 대한 한국어로 대체하는 것은 impossible입니다.",crosslingual,sharegpt,ko
357,meta-llama/Llama-3.2-1B-Instruct,"중국 (China)가 communism을 도입하기 trước로는 1921년 중국 공산당이 중국 공산당을 설립했을 때, 중국에서 communism을 도입하기 시작했다.",crosslingual,sharegpt,ko
358,meta-llama/Llama-3.2-1B-Instruct,"이러한 질문에 대한 답변은 다음과 같습니다.

1. **AI 및 Machine Learning**: 
   - **Chatbots**: chatbot을 통해 사용자와의 대화에 대한 정보를 수집하고, 그 정보를 사용자에게 제공하는 것을 목표로 하는 플랫폼을 개발할 수 있습니다.
   - **Personalized Recommendations**: 사용자들의 취향과 sở thích에 따라 추천된 제품이나 서비스를 제공하는 플랫폼을 개발할 수",crosslingual,sharegpt,ko
359,meta-llama/Llama-3.2-1B-Instruct,"이러한 질문에 대한 답변은 다음과 같습니다.

1.  **AI 및 Machine Learning** : 
    *   **Chatbots**: Chatbots을 통해 사용자와의 대화에 대한 정보를 수집하고, 그 정보를 사용자에게 제공하는 것을 목표로 하는 플랫폼을 개발할 수 있습니다.
    *   **Personalized Recommendations**: 사용자에 대한 정보를 수집하고, 그 정보를 사용자에게 맞는 추천 서비스를 제공",crosslingual,sharegpt,ko
360,meta-llama/Llama-3.2-1B-Instruct,"CRM (Customer Relationship Management) agencies typically offer a range of services for consultation and strategy development, including:

1. **Consultation Services**: These services provide expert advice and guidance on how to implement CRM systems, develop a CRM strategy, and optimize existing CRM processes. CRM agencies may offer one-on-one consultations, group workshops, and online training sessions to help clients understand their current CRM situation and develop a tailored solution.
2. **CRM Strategy Development**: This service involves analyzing the client's business goals,",crosslingual,sharegpt,ko
361,meta-llama/Llama-3.2-1B-Instruct,"CRM (Customer Relationship Management) agencies cung cấp 다양한 서비스를 제공합니다. 

1. **CRM planning 및 strategy development**: CRM planning 및 strategy development service는 고객의 business strategy를 개발하고, CRM strategy development service는 CRM strategy development service와 유사합니다. 

2. **CRM strategy consulting**: CRM strategy consulting service는 고객의 CRM strategy를 개발하고, CRM strategy development service는 CRM strategy development service와 유사합니다. 

3. **CRM strategy implementation**: CRM strategy implementation",crosslingual,sharegpt,ko
362,meta-llama/Llama-3.2-1B-Instruct,"Spring State Machine와 Workflow는 함께 사용할 수 있습니다. 

Spring State Machine는 state machine의 underlying technology입니다. Spring State Machine은 Spring Framework에서 제공하는 state machine API입니다. 

Spring State Machine는 state machine의 state transition을 관리하고, state machine의 state를 관리하는 데 사용할 수 있습니다. 

Spring State Machine와 Workflow는 함께 사용할 수 있습니다. Spring State Machine는 state machine의 state transition을 관리하고, state machine의 state를 관리하는 데 사용",crosslingual,sharegpt,ko
363,meta-llama/Llama-3.2-1B-Instruct,"Spring State Machine와 Workflow는 함께 사용할 수 있습니다. 

Spring State Machine는 state machine의 underlying technology입니다. Spring State Machine은 Spring Framework에서 제공하는 state machine API입니다. 

Spring State Machine는 state machine의 state transition을 관리하고, state machine의 state를 관리하는 데 사용할 수 있습니다. 

Spring Workflow는 state machine와 함께 사용할 수 있습니다. Spring Workflow는 state machine의 state transition을 관리하고, state machine의 state를 관리하는 데 사용할",crosslingual,sharegpt,ko
364,meta-llama/Llama-3.2-1B-Instruct," europe offers a wide range of interior design courses and programs that can be completed online, with certification duration of 1 year or less. Here are some options:

1. **London College of Fashion** (UK) - 1-year online diploma in Interior Design (12 months)
   - Duration: 1 year
   - Level: Diploma
   - Cost: £9,500 (approximately $12,000 USD)
   - Location: London, UK

2. **Central Saint Martins",crosslingual,sharegpt,ko
365,meta-llama/Llama-3.2-1B-Instruct,"Here are some online interior design courses in Europe that meet your requirements:

1. **London College of Fashion** (UK) - 1-year online course in Interior Design (Level 3 Diploma)
   - Duration: 1 year
   - Duration: 12 months
   - Location: London, UK
   - Cost: £4,500 (approx. $5,800 USD)

2. **The Design Museum** (London, UK) - 1-year online course in",crosslingual,sharegpt,ko
366,meta-llama/Llama-3.2-1B-Instruct,"As a product manager at Notion, I'd propose the following approach to develop a native data visualization feature that integrates with our platform:

**Feature Name:** Notion Visualizer

**Overview:**

The Notion Visualizer is a native feature that allows users to create interactive, web-based visualizations directly within Notion. This feature will enable users to create custom visualizations using Notion's rich text and image editing capabilities, without requiring any external tools or integrations.

**Key Features:**

",crosslingual,sharegpt,ko
367,meta-llama/Llama-3.2-1B-Instruct,"Notion의 Native Data Visualization Feature Development Plan

**Feature Overview**

Our goal is to develop a native data visualization feature in Notion that allows users to create interactive, web-based visualizations directly within the Notion platform. This feature will enable users to create custom visualizations, share them with others, and collaborate on data-driven insights.

**Target Audience**

* Notion users who want to create interactive visualizations for data analysis and reporting
* Data analysts, researchers, and business users who need",crosslingual,sharegpt,ko
368,meta-llama/Llama-3.2-1B-Instruct,"인류의 морality에 대한 연구는 다양한disciplinary fields에서 진행됩니다. 이paper에 대한 연구를위한 몇 가지 relevant discipline는 다음과 같습니다.

1. **Philosophy**: Philosophy는 인류의 морality에 대한 많은 연구를 수행하고 있습니다. 이 분야에서 연구자들은 다양한 philosophical theories, such as utilitarianism, deontology, and virtue ethics,를 연구하고 있습니다. Philosophy의 연구는 인류의 moral judgments과 관련된 다양한 문제를 다루",crosslingual,sharegpt,ko
369,meta-llama/Llama-3.2-1B-Instruct,"인류의 мор학 (ethics)와 관련된 연구 분야는 다음과 같습니다.

1.  **Philosophy**: Philosophy의 subfields, 특히 **Ethics** (이론Morality)과 **Ethics of Science** (Science Ethics)가 이 분야에서 연구가 있습니다. Philosophers는 인류의 moral judgments과 관련된 다양한 문제에 대해 연구하고, 이에 대한 다양한 관점을 정의하고, 그들에 대한 논의를 진행합니다.
",crosslingual,sharegpt,ko
370,meta-llama/Llama-3.2-1B-Instruct,"이 질문에 대한 반응:

OCAM (Orchestrated Objective Reduction)가 가장 단순한 설명이 가장Likely한 이론이라고 주장하는 것은, 이론의 발전에 대한 일반적인 관점에서, 이론의 발전에 대한 관점에서, 이론의 발전에 대한 관점에서, 이론의 발전에 대한 관점에서, 이론의 발전에 대한 관점에서, 이론의 발전에 대한",crosslingual,sharegpt,ko
371,meta-llama/Llama-3.2-1B-Instruct,"OCAM (Orchestrated Objective Reduction)가 주장하는 가장 간단한 설명이 가장Likely한 것은이라는 주장에 대해 생각해 보았습니다. 

OCAM의 주장에 따르면, 가장 간단한 설명은 가장Likely한 것은이라는 주장에 대해 생각해 보았습니다. 

OCAM의 주장에 따르면, 가장 간단한 설명은 가장Likely한 것은, 이론의 가장 간단한 설명",crosslingual,sharegpt,ko
372,meta-llama/Llama-3.2-1B-Instruct,"아카데미리서치 (Academic Library)가 10년 동안 발전할 것이라고 생각합니다. 

1. **Digitization**: 10년 후, 학술สาร과학의 전통적인 전자 도구와의 대화가 더 많은 수준으로 발전할 것이라고 생각합니다. 학술สาร과학의 전통적인 전자 도구는 더 많은 도구와 기능을 제공할 수 있을 것입니다. 

2. **인",crosslingual,sharegpt,ko
373,meta-llama/Llama-3.2-1B-Instruct,"academic library landscape의 미래에 대한 생각은 다음과 같습니다.

1. **Digitization 및 Open Access**: 10년 후, academic library의 역할은 더 많은 저자들이 freely accessible로의 shift가 될 것으로 예상됩니다. Digitization technology의 발전과 Open Access의 증가로, 저자들이 자신의 저서를 freely access할 수 있는 기회가 더 많아지게 될 것입니다. 이로 인해, academic library의 역할은 더 많은 저",crosslingual,sharegpt,ko
374,meta-llama/Llama-3.2-1B-Instruct,"인FINEON (인프네온)는 인도네시아의 전자 제조사입니다. 인FINEON은 전자 장치, 전자 제조, 전자 제조 공급 업체, 전자 제조 공급 업체, 전자 제조 공급 업체, 전자 제조 공급 업체, 전자 제조 공급 업체, 전자 제조 공급 업체, 전자 제조 공급 업체, 전",crosslingual,sharegpt,ko
375,meta-llama/Llama-3.2-1B-Instruct,"Infineon은 전자 제조업체로, 전자 장치, 전자 장치 및 전자 장치의 전자 제조, 전자 제조, 전자 제조 및 전자 제조, 전자 제조 및 전자 제조, 전자 제조 및 전자 제조, 전자 제조 및 전자 제조, 전자 제조 및 전자 제조 및 전자 제조, 전자 제조 및 전자 제조",crosslingual,sharegpt,ko
376,meta-llama/Llama-3.2-1B-Instruct,"대화형Diffusion (Diffusion-based models)는 기계 학습에 사용되는 새로운 형태의 기계 학습 방법입니다. 대화형 Diffusion는 기계 학습의 한 형태로, 기계 학습의 기존 방법에서 대화형 Diffusion의 특징을 사용하여 기계 학습을 수행하는 것입니다.

대화형 Diffusion의 working principle은 다음과 같습니다.

1. **Diffusion Process**: 대화형 Diffusion은",crosslingual,sharegpt,ko
377,meta-llama/Llama-3.2-1B-Instruct,"Stable diffusion là một thuật toán phân tích hình ảnh có thể tạo ra các hình ảnh mới từ các hình ảnh gốc. Nó dựa trên phương pháp phân tích hình ảnh tự nhiên, sử dụng một mạng thần kinh nhân số (neural network) để tạo ra các mẫu hình ảnh mới.

Stable diffusion hoạt động bằng cách sử dụng một mạng thần kinh nhân số phức tạp có nhiều lớp, bao gồm:

1. **Encoder**: Đây là lớp mạng thần kinh nhân số đầu tiên, chuyển",crosslingual,sharegpt,ko
378,meta-llama/Llama-3.2-1B-Instruct,스키트리오디피스 (Stable Diffusion)은 비트로트리오디피스 (BitTorrent) 기반의 비트로트리오디피스 (BitTorrent-based) 비트로트리오디피스 (BitTorrent-based) 비트로트리오디피스 (BitTorrent-based) 비트로트리오디피스 (BitTorrent-based) 비트로트리오디피스 (BitTorrent-based),crosslingual,sharegpt,ko
379,meta-llama/Llama-3.2-1B-Instruct,"Enterprise software companies undergo a thorough analysis to evaluate their financial health, growth prospects, competitive landscape, and technology stack. Here are some key areas to consider during due diligence:

1. **Financial Health**:
	* Revenue growth rate and trends
	* Gross margin and operating margin
	* Cash flow and liquidity
	* Debt-to-equity ratio
	* Return on equity (ROE) and return on assets (ROA)
2. **Financial Statements Analysis**:
	* Balance",crosslingual,sharegpt,ko
380,meta-llama/Llama-3.2-1B-Instruct,"Enterprise software companies undergo a thorough analysis to evaluate their financial health, growth prospects, competitive landscape, and operational efficiency. Here are some key areas to consider during due diligence:

1. **Financial Health**:
	* Revenue growth rate and trends
	* Gross margin and operating margin
	* Cash flow and liquidity
	* Debt-to-equity ratio
	* Return on equity (ROE) and return on assets (ROA)
2. **Financial Ratios**:
	* Price",crosslingual,sharegpt,ko
381,meta-llama/Llama-3.2-1B-Instruct,"algorithmic art, also known as algorithmic art or generative art, is a type of art that uses algorithms to create original artworks. A sociology of algorithmic art could explore the social and cultural implications of this art form. Here's a possible outline:

**I. Introduction**

* Algorithmic art is a relatively new and rapidly evolving field that blurs the lines between art, technology, and society.
* It involves the use of algorithms to generate art, which raises questions about authorship,",crosslingual,sharegpt,ko
382,meta-llama/Llama-3.2-1B-Instruct,"시각적 인 수학적 인 통제의 개념은, 수학적 인 수학적 인 방법을 통제하는 것과 같은 수학적 인 방법을 통제하는 것과 같은 수학적 인 방법을 통제하는 것과 같은 수학적 인 방법을 통제하는 것과 같은 수학적 인 방법을 통제하는 것과 같은 수학적 인 방법을 통제하는 것과 같은 수학적 인 방법을 통제하는",crosslingual,sharegpt,ko
383,meta-llama/Llama-3.2-1B-Instruct,"한국어로 작성한 내용입니다.

 life insurance의 Underwriter는 보험의 보험자에게 보험의 보험Coverage와 보험료, 보험료의 지불 및 보험료의 지급을 확인하는 데에 주로 investigate합니다. 

 life insurance의 Underwriter는 보험자에 대한 보험Coverage, 보험료, 보험료의 지불 및 보험료의 지급을 확인하는 데에 주로 investigate합니다. 

 life",crosslingual,sharegpt,ko
384,meta-llama/Llama-3.2-1B-Instruct," life insurance underwriter typically investigates several topics related to an individual's or business's financial situation, creditworthiness, and risk profile. These topics may include:

1. **Financial situation**: Underwriters examine the individual's or business's income, expenses, assets, debts, and financial obligations to assess their ability to pay a life insurance claim.
2. **Credit history**: Underwriters review the individual's or business's credit report to assess their creditworthiness and determine their credit score.
3.",crosslingual,sharegpt,ko
385,meta-llama/Llama-3.2-1B-Instruct," Ontario, Canada has strict regulations for residential, commercial, and institutional construction projects. Here are the key health and safety requirements for each type of construction project:

**Residential Construction:**

1. **Ontario Building Code (OBC)**: The OBC is the primary building code for residential construction in Ontario. It sets minimum standards for building design, construction, and safety.
2. **Ontario Construction Licensure Board (OCLB)**: To obtain a construction license, builders must meet",crosslingual,sharegpt,ko
386,meta-llama/Llama-3.2-1B-Instruct," Ontario, Canada has specific regulations for residential, commercial, and institutional construction companies. Here are the key health and safety requirements:

**Residential Construction Companies:**

1. **Ontario Building Code (OBC)**: The OBC is the primary building code for residential construction in Ontario. It sets minimum standards for building design, construction, and maintenance.
2. **Ontario Construction Licensure Board (OCLB)**: The OCB is responsible for issuing construction licenses to contractors and builders.",crosslingual,sharegpt,ko
387,meta-llama/Llama-3.2-1B-Instruct,"**project proposal:**

**제목:** Assessing the Implementation of Sustainable Development Goals in Urban Planning Practices: Challenges and Opportunities

**주제:** 도시 개발의 지속 가능한 개발 목표에 대한 평가 및 제안

**요약:**

이 프로젝트는 도시 개발의 지속 가능한 개발 목표에 대한 평가 및 제안을 위해 도시 개발의 지속 가능한 개발 목표에 대한 연구를 수행합니다. 이 프로젝트는 도시 개발의 지속 가능한 개발 목",crosslingual,sharegpt,ko
388,meta-llama/Llama-3.2-1B-Instruct,"**제안 프로젝트:** **시민의 지속 가능한 발전을 위한 시정사적 지속 가능한 발전을 위한 연구**

**제목:** 시민의 지속 가능한 발전을 위한 시정사적 지속 가능한 발전을 위한 연구

**주제:** 시민의 지속 가능한 발전을 위한 시정사적 지속 가능한 발전을 위한 연구

**요약:** 이 프로젝트는 시민의 지속 가능한 발",crosslingual,sharegpt,ko
389,meta-llama/Llama-3.2-1B-Instruct,"**제안 프로젝트: **

**제목 :** Assessing the Implementation of Sustainable Development Goals in Urban Planning Practices: Challenges and Opportunities

**주제:** 

*   **제목:** 
    *   **제목** : 
    *   **제목** : 
    *   **제목** : 
*   **주제** : 
    *   **제목** : 
    *   **제목** : 
    *   **제",crosslingual,sharegpt,ko
390,meta-llama/Llama-3.2-1B-Instruct,"**Database Sharding**

Database sharding (, shikhyo) là một kỹ thuật phân chia dữ liệu của dữ liệu vào nhiều bảng riêng biệt dựa trên các yếu tố như thời gian, địa điểm, hoặc các đặc điểm khác để tăng khả năng chịu tải và quản lý hiệu quả hơn. Mục đích của sharding là để phân chia dữ liệu của một hệ thống dữ liệu lớn thành nhiều phần nhỏ hơn, mỗi phần được lưu trữ trên một cơ sở dữ liệu riêng biệt.

",crosslingual,sharegpt,ko
391,meta-llama/Llama-3.2-1B-Instruct,"Database(shard)란 데이터베이스의 데이터를 여러 개의 작은 데이터베이스로 분할하여 관리하는 방법입니다. 

1.  **데이터 분할**: 데이터베이스는 여러 개의 데이터베이스로 분할하여 데이터를 관리하는 방법입니다. 이 때, 데이터베이스는 데이터를 분할하는 방법에 따라 다르며, 일반적으로 데이터베이스는 데이터를 분할하는 방법은 2가지로 나눌 수 있습니다.
",crosslingual,sharegpt,ko
392,meta-llama/Llama-3.2-1B-Instruct,"""Deep-Aligned Convolutional Neural Network for Skeleton-Based Action Recognition and Segmentation""는 2019년 12월에 발표된 연구입니다. 이 연구는 3D skeletons를 사용하여 동물의 동작을 인식하고, 그 동작을 구분하는 데 사용하는 Convolutional Neural Network (CNN) architecture를 개발했습니다.

**Architecture**

이 연구는 3D skeletons를 사용하여 동물의 동작을 인식하고, 그 동",crosslingual,sharegpt,ko
393,meta-llama/Llama-3.2-1B-Instruct,"""Deep-Aligned Convolutional Neural Network for Skeleton-Based Action Recognition and Segmentation"" (이 paper의 architecture design) 

이 paper는 3D skeleton 데이터를 사용하여 action recognition 및 segmentation을 위한 deep learning-based approach를 제안합니다. 

 paper의 architecture는 다음과 같이 구성됩니다.

1. **Convolutional Neural Network (CNN)**: 
   - **Input**: 3D skeleton 데이터 (x, y, z)
   - **Output**: action recognition 및",crosslingual,sharegpt,ko
394,meta-llama/Llama-3.2-1B-Instruct,"""Deep-Aligned Convolutional Neural Network for Skeleton-Based Action Recognition and Segmentation"" (이 논문)은 skeleton을 기반으로 하는 action recognition 및 segmentation에 사용되는 deep learning architectures에 대한 연구입니다.

**Architecture**

이 논문에서 사용되는 architectures는 다음과 같습니다.

1. **Convolutional Neural Network (CNN)**: CNN은 image에서 feature extraction을 위해 convolutional layer, pooling layer, flatten layer, dense layer, và output layer를 사용합니다.
2.",crosslingual,sharegpt,ko
395,meta-llama/Llama-3.2-1B-Instruct,"becoming a conglomerate in korea typically involves several steps:

1. **Identify your business idea**: Determine what type of business you want to start, such as a manufacturing, retail, or service company. Conduct market research to validate your idea and identify a unique value proposition.
2. **Develop a business plan**: Create a comprehensive business plan that outlines your business model, target market, financial projections, and operational strategy.
3. **Secure funding**: Determine how much money you need to start",crosslingual,sharegpt,ko
396,meta-llama/Llama-3.2-1B-Instruct,"becoming a conglomerate in Korea typically involves several steps:

1. **Business Idea and Concept Development**: Identify a business idea and develop a concept that aligns with the conglomerate's overall strategy and vision. This involves researching the market, identifying target customers, and creating a unique value proposition.

2. **Business Registration**: Register the business as a limited liability company (LLC) or a corporation in Korea. This involves filing the necessary paperwork, obtaining necessary licenses and permits, and setting up a",crosslingual,sharegpt,ko
397,meta-llama/Llama-3.2-1B-Instruct,"meal replacement products (MRPs) sales forecasting is a complex task that involves analyzing various market trends, customer behavior, and competitor activity. Here are some steps to help you forecast sales for a meal replacement product for the following year:

1. **Market Research**:
	* Analyze your existing customer base and their purchasing habits.
	* Identify trends in the market, such as changes in consumer preferences, dietary trends, and competitor activity.
	* Gather data on your competitors' sales, market share",crosslingual,sharegpt,ko
398,meta-llama/Llama-3.2-1B-Instruct,"meal replacement product sales forecasting requires a combination of historical data analysis, industry trends, and market research. Here's a step-by-step approach to forecast sales for a meal replacement product:

1. **Historical data analysis**:
	* Review sales data from the previous year (2023) to identify trends, seasonality, and patterns.
	* Analyze sales data by product category, region, and time of year.
	* Look for correlations between sales and external factors such as economic indicators,",crosslingual,sharegpt,ko
