id,model,completion,task,source,language
0,Bllossom/llama-3.2-Korean-Bllossom-3B,"열기구는 다양한 형태와 기능을 가지고 있으며, 그 작동 원리는 일반적으로 다음과 같은 요소들에 의해 결정됩니다:

1. **열원**: 열기구는 열을 생성하는 원천에서 시작됩니다. 예를 들어, 전기, 가스, 화석 연료, 태양 에너지 등이 있습니다.

2. **열 전달**: 열이 생성된 후, 열기구는 이를 전달하는 방법을 통해 사용자",monolingual,native,ko
1,Bllossom/llama-3.2-Korean-Bllossom-3B,"상대방이 고의적으로 가시 돋힌 말로 상처 줄 때 현명하게 대응하는 방법은 다음과 같습니다:

1. **감정을 인식하고 인정하기**: 상대방이 가시 돋힌 말로 상처를 받았다는 것을 인정하고, 그 감정을 이해하는 것이 중요합니다. ""나는 당신이 정말 힘들어 보인다. 당신이 어떻게 느끼는지 이해해 주고 싶어.""

2. **",monolingual,native,ko
2,Bllossom/llama-3.2-Korean-Bllossom-3B,"이 글은 돼지엄마라는 은어를 설명하고, 그와 관련된 몇 가지 중요한 조건을 제시합니다. 돼지엄마는 자녀를 명문대에 보내기 위해 자녀 교육에 투자하지 않고, 물불을 가리지 않는 엄마들의 대표를 의미합니다. 그러나 이 글은 돼지엄마가 맹모라는 이름을 지칭하는 것은 아니라고 주장합니다. 맹모는 귀부인이",monolingual,native,ko
3,Bllossom/llama-3.2-Korean-Bllossom-3B,"콘크리트는 주로 시멘트와 물로 만든 물질입니다. 이 두 가지 원료를 혼합하여 특정 온도와 압력을 가해 고체 상태로 만들어집니다. 콘크리트는 건축, 건설, 공학 등 다양한 분야에서 널리 사용됩니다.",monolingual,native,ko
4,Bllossom/llama-3.2-Korean-Bllossom-3B,"인구 감소는 다양한 경제적 영향을 미칠 수 있습니다. 다음은 주요 영향 중 몇 가지를 설명합니다:

1. **노동력 감소**:
   - 인구 감소로 인해 노동력은 감소하게 되며, 이는 생산성 저하와 인력 부족으로 이어질 수 있습니다. 이는 기업들이 인력을 확보하기 어려워지며, 노동 비용이 증가할 수 있습니다.

2. **노인 비율 증가",monolingual,native,ko
5,Bllossom/llama-3.2-Korean-Bllossom-3B,"자바와 파이썬은 각각의 프로그래밍 언어로 다양한 장점과 단점을 가지고 있습니다. 아래는 각 언어의 장점과 단점을 3가지씩 제시한 것입니다.

### 자바의 장점
1. **가상 머신**: 자바는 가상 머신을 통해 다양한 플랫폼에서 실행될 수 있습니다. 이는 개발자들이 다양한 운영 체제와 플랫폼에서 동일한 코드를",monolingual,native,ko
6,Bllossom/llama-3.2-Korean-Bllossom-3B,"중동 국가들이 한국을 최적의 파트너로 평가하고 있는 이유는 한국이 다양한 산업 분야에서 세계적인 경쟁력을 갖추고 있어이다. 지난해와 올해 동안 한국 기업은 사우디, UAE, 카타르 등과 792억 달러(약 106조 8,000억원)의 투자 유치나 양해각서를 체결했다. 이 투자 계약은 에너지, 인프라, 전",monolingual,native,ko
7,Bllossom/llama-3.2-Korean-Bllossom-3B,"슈필데스야레스는 16세기 유럽의 한 유명한 시인으로, 그의 작품은 주로 시와 시적 시리즈로 알려져 있습니다. 그는 1488년 8월 10일, 이탈리아의 피렌체에 태어났습니다. 그의 시는 주로 인물, 자연, 사랑, 그리고 인간의 삶에 대한 깊은 이해를 담고 있습니다. 슈필데스야레스는 특히 그의 시 '",monolingual,native,ko
8,Bllossom/llama-3.2-Korean-Bllossom-3B,"환경오염 문제를 주제로 한 교시를 준비하는 것은 학생들에게 중요한 지식과 생각을 전달하는 데 큰 도움이 될 수 있습니다. 다음은 환경오염 문제를 주제로 한 세 가지 주제를 제안합니다:

1. **쓰레기 문제와 쓰레기 관리**:
   - **주제 설명**: 쓰레기 문제는 현대 사회에서 가장 큰 환경오염 문제 중 하나입니다. 쓰레기는 지구의",monolingual,native,ko
9,Bllossom/llama-3.2-Korean-Bllossom-3B,"**서울건강병원 산부인과 전문의와의 인터뷰**

**서울건강병원 산부인과 전문의:** 안녕하세요, 저는 서울건강병원 산부인과 전문의입니다. 오늘은 산모에게 적절한 식사요법을 제공하는 데 대해 말씀드리겠습니다.

**기자:** 안녕하세요, 전문의님. 산모에게 적절한 식사요법은 무엇인지 설명해 주실 수 있을까요",monolingual,native,ko
10,Bllossom/llama-3.2-Korean-Bllossom-3B,"타경쟁사와 비슷한 비용과 수익을 가진 경우, 가격 경쟁에서 독창적인 가격 차별화 전략을 구축하기 위해 다음과 같은 아이디어를 고려해볼 수 있습니다:

1. **고객 경험 제공**: 고객의 경험을 강화하여 가격 경쟁사보다 더 높은 가치를 제공하는 방법을 찾으세요. 예를 들어, 고급 서비스, 개인화된 고객 서비스, 신속한 지원, 또는 고",monolingual,native,ko
11,Bllossom/llama-3.2-Korean-Bllossom-3B,"### 투자자에게의 발표 시나리오: 고양이용 자율주행 장난감 프로젝트

---

**제목: 고양이용 자율주행 장난감 프로젝트: 고양이의 호기심을 자극하고 건강을 유지하는 혁신적인 giải pháp**

**안녕하세요, 투자자님들**

오늘은 고양이용 자율주행 장난감 프로젝트에 대한 투자 기회를",monolingual,native,ko
12,Bllossom/llama-3.2-Korean-Bllossom-3B,"메타(Meta)가 AI(인공지능) 이미지 정책을 시행하기로 결정한 배경과 주요 사상을 이해하기 위해 다음과 같은 요소들이 중요한 것으로 보인다:

1. **딥페이크 악용 사례**: 메타는 최근 딥페이크 음란 이미지가 소셜미디어에서 확산되는 등 AI 도구로 생성된 이미지의 악용 사례를 고려한 것으로 보인다. 이는 AI 도구가",monolingual,native,ko
13,Bllossom/llama-3.2-Korean-Bllossom-3B,"초등학생을 대상으로 불의 원리에 대한 재미있는 수업 계획을 구상해 보겠습니다. 이 수업은 학생들이 불의 원리를 이해하고, 안전한 사용법을 배우는 데 중점을 두고 있습니다.

### 수업 목표
1. 불의 원리를 이해하기
2. 안전한 불 사용법 배우기
3. 재미있는 활동을 통해 학습

### 수업 계획

#### 1. 개요
",monolingual,native,ko
14,Bllossom/llama-3.2-Korean-Bllossom-3B,"하이트진로가 오는 9일 자정을 기점으로 참이슬 후레쉬와 참이슬 오리지널의 출고가를 6.95% 인상할 예정이며, 360㎖ 병과 1.8ℓ 미만 페트류도 인상될 예정이다. 이로 인해 소비자들은 긴장하고 있으며, 식당가에서 소주와 맥주 가격이 1000원 이상 인상될 가능",monolingual,native,ko
15,Bllossom/llama-3.2-Korean-Bllossom-3B,"약과를 만드는 레시피는 약물의 종류와 목적에 따라 다를 수 있지만, 일반적으로 약과는 약물의 성분을 조성하고, 그 성분을 적절히 조합하여 약물의 효과를 극대화하고, 안전성을 확보하기 위해 다음과 같은 단계를 거칩니다. 아래는 약과를 만드는 기본적인 단계입니다.

### 약과를 만드는 기본 단계

1.",monolingual,native,ko
16,Bllossom/llama-3.2-Korean-Bllossom-3B,"최근 많은 사람들이 스트레스, 과로, 만성두통 등 다양한 건강 문제에 시달리고 있으며, 전문가들은 이 가운데 불면증, 코골이, 수면무호흡증 등의 수면질환이 원인일 수 있다고 지적하고 있습니다. 신홍범 코슬립수면클리닉 원장은 연구팀에 따르면 수면무호흡증 환자의 머리전체 및 두통 통증 유병",monolingual,native,ko
17,Bllossom/llama-3.2-Korean-Bllossom-3B,"바이킹은 8세기 중반에서 11세기 초까지 존재한 노르웨이의 전설적인 전설적 인종으로, 그들의 존재는 주로 노르웨이의 전설과 전통에 의해 전해져 내려오고 있습니다. 바이킹들은 노르웨이의 북부 지역에서 살았으며, 그들은 주로 해양을 이용한 상업과 해전을 통해 부를 쌓았습니다. 바이킹",monolingual,native,ko
18,Bllossom/llama-3.2-Korean-Bllossom-3B,"불만 고객 응대의 중요성은 고객의 만족도를 높이고, 기업의 신뢰성을 강화하는 데 중요한 역할을 합니다. 불만 고객은 일반적으로 불만을 표현하지 않지만, 불만을 표현하지 않으면 불만이 지속적으로 쌓이게 되고, 이는 결국 고객의 불만이 불만 고객으로 전환될 수 있습니다. 따라서, 불만 고객을 적극적으로 대응하는 것은 고객의 불만",monolingual,native,ko
19,Bllossom/llama-3.2-Korean-Bllossom-3B,"국내 주요 게임사들이 설 명절을 맞아 자사 게임에서 다양한 이벤트를 연다.

1. 넥슨 - 서든어택: 2월 8일부터 14일까지 매일 정해진 시간에 게임 접속 시 1일 최대 7개의 다양한 보상을 지급.
2. 넥슨 - 프라시아 전기: 8일부터 22일까지 접속만 해도 패키지 보상으로 제공",monolingual,native,ko
20,Bllossom/llama-3.2-Korean-Bllossom-3B,"직원들의 작업 효율을 높이는 방법은 여러 가지가 있습니다. 다음은 몇 가지 제안입니다:

1. **목표 설정 및 목표 설정**: 직원들에게 명확한 목표를 설정하고, 이를 달성하기 위한 구체적인 계획을 세우는 것이 중요합니다. 목표는 개인의 성취감을 높이고, 집중력을 높이는 데 도움이 됩니다.

2. **작업 분담 및 역할 분담**:",monolingual,native,ko
21,Bllossom/llama-3.2-Korean-Bllossom-3B,"**원격근무제도: 장점과 단점**

### 장점
1. **자원 절약**: 원격근무는 비용 절감을 제공하며, 사무실 비용, 교통비, 식사비 등 다양한 비용을 절감할 수 있습니다.
2. **개인적인 자유**: 원격근무는 개인의 일과 삶의 균형을 유지하는 데 도움을 줄 수 있습니다. 개인이 원하는 시간",monolingual,native,ko
22,Bllossom/llama-3.2-Korean-Bllossom-3B,"연말 행사를 성공적으로 진행하기 위해서는 여러 가지 요소가 중요합니다. 장소 선택은 그 중 하나입니다. 다음은 장소 선택을 위한 몇 가지 고려 사항입니다:

1. **장소의 용도**: 행사의 용도에 따라 장소가 달라질 수 있습니다. 예를 들어, 회의나 발표회는 대형 회의실, 회의실, 또는 대강당이 적합할 수 있습니다. 반면, 식사",monolingual,native,ko
23,Bllossom/llama-3.2-Korean-Bllossom-3B,"주말에 아이들과 함께 할 수 있는 다양한 놀이 아이디어를 몇 가지 제시해드릴게요. 6살의 여아와 3살의 남아가 함께 즐길 수 있는 놀이는 다음과 같습니다:

1. **해리포트**: 해리포트는 아이들이 함께 즐길 수 있는 유명한 놀이입니다. 아이들이 서로를 '해리포트'라고 부르는 것이 특징입니다. 아이들은 서로를 공격",monolingual,native,ko
24,Bllossom/llama-3.2-Korean-Bllossom-3B,"상벌점제는 직원들이 자신의 성과에 따라 상을 받거나 벌점을 받는 시스템입니다. 이 시스템은 직원들의 성과를 평가하고, 성과에 따라 적절한 보상을 제공하거나 벌점을 부여하는 데 사용됩니다. 상벌점제를 실시할 때는 여러 가지 상황을 고려해야 합니다. 아래는 상점과 벌점을 받을 수 있는 5개의 상황입니다:

1. **성과에",monolingual,native,ko
25,Bllossom/llama-3.2-Korean-Bllossom-3B,"숙박업소의 예약 수익을 계산하는 것은 여러 요인에 따라 달라질 수 있습니다. 예약 수익을 계산하기 위해 몇 가지 기본적인 요소를 고려해야 합니다:

1. **숙박비**: 이 요소는 숙박업소의 가격입니다. 예를 들어, 한 달에 1명당 50,000원으로 예약되면, 300만 원을 벌기 위해서는 300만 원 / ",monolingual,native,ko
26,Bllossom/llama-3.2-Korean-Bllossom-3B,"이제시3에 대한 대안을 제시해 보겠습니다.

**이슈3 : 병원 주변의 청결 상태가 좋지 않다.**

**대안 :**

1. **청결 관리 강화**:
   - **정기 청소 및 청결 점검**: 정기적으로 병원 주변을 정기적으로 청소하고, 청결 점검을 통해 문제를 파악하고 해결할 수 있도록 하세요.
   - **청결",monolingual,native,ko
27,Bllossom/llama-3.2-Korean-Bllossom-3B,"1. **비용 분석**
   소매점을 프랜차이즈로 바꾸기 위해 초기 투자 비용을 계산해야 합니다. 초기 투자 비용은 지점 개설, 인력, 장비, 마케팅, 브랜드 구축 등이 포함됩니다.

2. **브랜드 인지도**
   이미 존재하는 브랜드를 사용하거나 새로운 브랜드를 만들고자 하는지 결정해야 합니다. 브랜드 인지도는 소",monolingual,native,ko
28,Bllossom/llama-3.2-Korean-Bllossom-3B,"이번 주에도 다양한 글로벌 경제지표가 발표를 앞두고 있다. 미국의 주간 증시 전망을 살펴보자. 16일(현지시간) 미국 경제의 현재 페이스를 알려주는 지표인 미국의 10월 근원 소매판매가 발표될 예정이다. 

1. 미국의 10월 근원 소매판매
   - 9월 소매판",monolingual,native,ko
29,Bllossom/llama-3.2-Korean-Bllossom-3B,"긍정적인 후기와 부정적인 후기로 분류한 결과는 다음과 같습니다:

긍정적인 후기:
1. 항공료가 다른 항공사대비 조금 높은 것 같아.
2. 승무원들의 서비스는 정말 훌륭했어.
3. 기내식 JMT!
4. 기내 면세품 판매 눈치 많이 주네.
5. 재미있는 영화가 많아서 시간 가는줄 모름!

부정적인 후기:
",monolingual,native,ko
30,Bllossom/llama-3.2-Korean-Bllossom-3B,"일러스트레이터가 되고 싶으시다면, 퍼스널 브랜딩을 통해 자신의 스타일과 인상을 강조하고, 고객과 연결되기 위한 다양한 방법을 고려해볼 수 있습니다. 다음은 몇 가지 아이디어입니다:

1. **온라인 프로필 설정**:
   - **소셜 미디어**: 인스타그램, 페이스북, 트위터 등에서 자신의 일러스트레이팅 스타",monolingual,native,ko
31,Bllossom/llama-3.2-Korean-Bllossom-3B,"20일간의 한식 요리 수업 계획을 세우는 것은 매우 흥미로운 과제입니다. 한식 요리는 다양한 재료와 기술을 활용하여 다양한 맛과 영양을 제공할 수 있으므로, 각 요리의 특성을 고려하여 일자와 요리를 선택하는 것이 중요합니다. 아래는 20일간의 한식 요리 수업 계획을 제안한 일자 목록입니다:

1. **일자 1일:",monolingual,native,ko
32,Bllossom/llama-3.2-Korean-Bllossom-3B,"### 초등학교 디지털 시민의식 교육 전략 수업 계획서

**목표:**
- 학생들이 디지털 시민의식과 정보를 효과적으로 관리하고, 디지털 기술을 활용한 문제 해결 능력을 향상시키는 데 도움을 주는 교육을 제공합니다.

**수업 내용:**

1. **디지털 시민의식 이해**
   - **주제:** 디지털 시민의식의 중요",monolingual,native,ko
33,Bllossom/llama-3.2-Korean-Bllossom-3B,"오래 앉아 있는 것은 건강에 다양한 부정적인 영향을 미칠 수 있습니다. 특히, 근육과 신체의 균형을 유지하는 데 중요한 역할을 하는 근육에 부담을 가해주기 때문에, 오래 앉아 있는 것은 근육 근육근육 근육 근육 근육 근육 근육 근육 근육 근육 근육 근육 근육 근육 근육 근육 근육 근육 근육 근육 근육",monolingual,native,ko
34,Bllossom/llama-3.2-Korean-Bllossom-3B,"길거리 음식 판매는 지역에 따라 다르게 규제가 있을 수 있습니다. 일반적으로, 많은 도시와 지역에서는 길거리 음식 판매가 금지되어 있습니다. 이는 공공 안전과 건강을 보호하기 위한 규제로, 음식의 안전성과 vệ생을 보장하기 위해 주로 시행됩니다.

예를 들어, 미국에서는 많은 도시에서 길거리 음식 판매가 금지되어 있으며, 이는 주로 음식의 안전성과 vệ생",monolingual,native,ko
35,Bllossom/llama-3.2-Korean-Bllossom-3B,"강이나 산 등 야생에 살고 있는 동물들에게 먹이를 주면 안되는 이유는 여러 가지가 있습니다. 다음은 그 중 3가지 주요 이유입니다:

1. **생태계 균형**: 야생 동물들은 특정 식량을 먹이로 사용하는 방식이 생태계에 중요한 역할을 합니다. 예를 들어, 특정 식물은 특정 동물이 먹이로 사용하는 중요한 원료가 될 수",monolingual,native,ko
36,Bllossom/llama-3.2-Korean-Bllossom-3B,"가상 현실(VR)과 의료 분야는 최근 몇 년간 빠르게 발전하고 있으며, 환자 치료와 의료 교육에서 혁신적인 변화를 가져올 수 있습니다. 다음은 그 예상되는 몇 가지 혁신입니다:

1. **상상 치료**: 환자들은 가상 환경에서 치료를 시도할 수 있어, 두려움을 줄이고, 더 효과적인 치료를 시도할 수 있습니다. 예",monolingual,native,ko
37,Bllossom/llama-3.2-Korean-Bllossom-3B,"소비자가 매트리스를 고를 때 고려해야 할 몇 가지 중요한 요소가 있습니다. 다음은 그 중 몇 가지입니다:

1. **재질**: 매트리스의 재질은 사용자의 편안함과 지속성을 결정짓습니다. 일반적으로 다음과 같은 재질이 있습니다:
   - **인공재질**: 저렴하고 가벼운 재질로, 일반적으로 저렴한 가격에 판매됩니다.
   - **자연재질",monolingual,native,ko
38,Bllossom/llama-3.2-Korean-Bllossom-3B,"스타듀 밸리는 한국의 전통적인 음악 장르로, 주로 전통적인 가사와 전통적인 악기를 사용하여 구성됩니다. 다음은 스타듀 밸리의 5가지 주요 특징입니다:

1. **전통적인 악기**: 스타듀 밸리는 전통적인 한국악기인 가야금, 다리라, 다리라, 지리라, 지하리라 등이",monolingual,native,ko
39,Bllossom/llama-3.2-Korean-Bllossom-3B,"친환경 에너지는 여러 가지 이유로 중요합니다. 주요 이유는 다음과 같습니다:

1. **환경 보호**: 전통적인 에너지 소비는 대기 오염을 유발하며, 기후 변화에 기여합니다. 친환경 에너지는 지구 온난화를 줄이고, 공기 오염을 줄이는 데 도움이 됩니다.

2. **자원 보존**: 친환경 에너지는 지구의 자원을 절약합니다. 예",monolingual,native,ko
40,Bllossom/llama-3.2-Korean-Bllossom-3B,"미국 바이든 행정부는 2025년까지 미국 여러 도시에서 노숙자를 25% 줄이기 위한 목표를 세웠다. 이를 달성하기 위한 연방정부의 '올인' 전략을 발표했다. 이 전략은 저소득층을 위한 저렴한 주택 공급을 늘리고, 주택 공급에 장애가 되는 규제를 개선하는 것을 목표로 한다. 또한, 집주인들이",monolingual,native,ko
41,Bllossom/llama-3.2-Korean-Bllossom-3B,"이어폰과 헤드폰은 모두 소음 감소와 음질 향상에 초점을 맞춘 소음 감소 기술을 사용하는 소음 감소 장비입니다. 그러나 그 사용 목적과 구조, 기능, 사용 방법에 따라 차이가 있습니다.

### 이어폰 (Earphone)
1. **사용 목적**: 이어폰은 주로 개인의 귀에 직접 대입하여 사용하는 소음 감소 장비입니다. 주로 휴",monolingual,native,ko
42,Bllossom/llama-3.2-Korean-Bllossom-3B,"1. **""근속 3년 사원들의 성장과 성취를 위한 목표 설정""**
   - 이 주제는 근속 3년 사원들이 자신의 성장과 성취를 목표로 설정하는 방법에 대해 논의할 수 있습니다. 이를 통해 사원들이 자신의 목표를 명확히 설정하고, 이를 달성하기 위한 전략을 마련할 수 있도록 도와줄 수 있습니다.

2. **""근속 ",monolingual,native,ko
43,Bllossom/llama-3.2-Korean-Bllossom-3B,"디지털 노마드는 21세기에서 시작된 새로운 일상으로, 전통적인 직장에서 벗어나 다양한 장소에서 일할 수 있는 일자리를 찾는 사람들을 말합니다. 디지털 노마드는 주로 소셜 미디어, 온라인 플랫폼, 그리고 다양한 기술을 활용하여 일할 수 있는 환경을 제공합니다. 디지털 노마드는 다양한 분야에서 일할 수 있으며, 예를 들어, 소셜 미",monolingual,native,ko
44,Bllossom/llama-3.2-Korean-Bllossom-3B,"연구팀은 흡연이 인체 건강에 미치는 영향에 대한 새로운 통찰을 제공했다고 밝혔다. 연구 결과는 흡연이 면역 반응에 큰 영향을 미치고, 금연 후에도 오래 지속된다는 것을 보여주었다. 연구팀은 금연과 건강한 생활 방식을 선택하는 과학적 근거를 제공한다고 평가했다.",monolingual,native,ko
45,Bllossom/llama-3.2-Korean-Bllossom-3B,"마케팅팀 신입사원 면접에서 자주 물어지는 질문은 다양한 분야에서 다루어지지만, 마케팅팀의 특성상 다음과 같은 질문들이 자주 나올 수 있습니다. 아래는 몇 가지 예시 질문들입니다:

1. **마케팅팀의 역할과 목표에 대해 설명해 주세요.**
   - 이 질문은 신입사원이 마케팅팀의 역할과 목표를 이해하고, 그",monolingual,native,ko
46,Bllossom/llama-3.2-Korean-Bllossom-3B,"강이나 산 등 야생에 살고 있는 동물들에게 먹이를 주면 안되는 이유는 여러 가지가 있습니다. 다음은 그 중 3가지 주요 이유입니다:

1. **생태계 균형**: 야생 동물들은 특정 식량을 먹이로 사용하는 방식이 생태계에 중요한 역할을 합니다. 예를 들어, 특정 식물이나 동물이 먹이로 사용되는 경우, 그 식물이나 동물",monolingual,native,ko
47,Bllossom/llama-3.2-Korean-Bllossom-3B,"**디지털 시민성 교육은 무엇인가?**

디지털 시민성은 디지털 기술을 사용하는 데 있어 공정하고 책임감 있는 방법을 가르치는 것을 의미합니다. 디지털 시민성은 디지털 기술을 사용할 때 다른 사람의 권리를 존중하고, 정보를 신뢰할 수 있는 방법을 배우는 것을 포함합니다.

**디지털 시민성 교육의 중요성**

디지털 시",monolingual,native,ko
48,Bllossom/llama-3.2-Korean-Bllossom-3B,"1. **수직자(수직자, 2000 BC)** - 이집트의 아마르나스 2세가 발명한 수직자로, 수직자로 인해 수학적 계산이 더 쉽고 정확해졌습니다.
2. **수학적 계산기(수학적 계산기, 350 BC)** - 그리스의 아르키메데스가 발명한 수학적 계산기로",monolingual,native,ko
49,Bllossom/llama-3.2-Korean-Bllossom-3B,"4D 영화와 2D 영화는 각각의 특징과 경험을 통해 시청자에게 다르게 감동을 제공합니다. 다음은 두 영화 형식의 주요 차이점 5가지를 설명합니다:

1. **감각적 경험**:
   - **2D 영화**: 2D 영화는 단순히 시각적 경험을 제공합니다. 시청자는 단순히 화면을 통해 이야기를 관찰합니다.
   - **4D",monolingual,native,ko
50,Bllossom/llama-3.2-Korean-Bllossom-3B,"잔치국수는 한국의 전통적인 국수 요리 중 하나로, 다양한 재료와 재료를 사용하여 다양한 맛을 즐길 수 있습니다. 이 레시피는 간단하고 간편하게 만들 수 있는 방법을 소개합니다.

### 잔치국수 레시피

#### 재료:
- 500g 국수(전통적인 국수나 간장국수)
- 2개 소고기(소고기, 소고기",monolingual,native,ko
51,Bllossom/llama-3.2-Korean-Bllossom-3B,"한국에서 합법적으로 무기를 제작하는 것은 매우 복잡하고 제한된 분야입니다. 한국은 군인과 경찰, 특수한 사유에 의한 경우를 제외하고, 일반적으로 무기를 제작하는 것은 불법입니다. 그러나 특정한 사유나 특정한 자격증을 가지고 있는 경우에는 합법적으로 무기를 제작할 수 있습니다. 다음은 한국에서 합법적으로 무기를 제작할 수 있는 몇 가지 사례입니다:

1",monolingual,native,ko
52,Bllossom/llama-3.2-Korean-Bllossom-3B,"플라스틱의 분해 시간은 여러 요인에 따라 달라집니다. 일반적으로 플라스틱의 분해 시간은 종류에 따라 다릅니다. 몇 가지 대표적인 플라스틱 종류와 그 분해 시간을 살펴보겠습니다:

1. **플라스틱 1 (PET, Polyethylene Terephthalate)**: 10-20년
   - PET는 가장 일반적인 플라스틱으로",monolingual,native,ko
53,Bllossom/llama-3.2-Korean-Bllossom-3B,"물론입니다! ""국밥"" 밀키트의 핵심 메시지는 다음과 같습니다:

""국밥, 간단하고 맛있는 식사, 일상 속에서 즐길 수 있는 밀키트, 다양한 재료로 만든 고급한 국밥, 일상 속에서 맛있는 식사, 간단하고 즐거운 식사, 밀키트, 국밥의 맛을 즐기세요!""",monolingual,native,ko
54,Bllossom/llama-3.2-Korean-Bllossom-3B,"칠리는 다양한 요리법으로 만들 수 있지만, 가장 유명한 방법 중 하나는 '칠리 피치'입니다. 이 방법은 간단하고 맛있게 만들 수 있습니다. 다음은 그 방법을 설명하는 가이드입니다:

### 재료:
- 1 개의 대파
- 1 개의 시금치
- 1 개의 고추
- 1 개의 고추장
- 1 개의 소금
- ",monolingual,native,ko
55,Bllossom/llama-3.2-Korean-Bllossom-3B,브랜드 옹호는 브랜드를 지지하고 홍보하는 활동을 의미합니다.,monolingual,native,ko
56,Bllossom/llama-3.2-Korean-Bllossom-3B,"지리학을 가르치기 위해 창의적인 수업 주제를 제안해드리겠습니다. 다음은 3가지 주제입니다:

1. **""지구의 미스터리: 지구의 bí mật을 탐험하는 과학적 탐험""**
   - 이 주제는 학생들이 지구의 다양한 지질학적 특징과 지구의 역사적 변화에 대해 탐험하는 기회를 제공합니다. 학생들은 지구의",monolingual,native,ko
57,Bllossom/llama-3.2-Korean-Bllossom-3B,키옥시아의 실적 악화로 인해 SK하이닉스는 2023년 4분기까지 다섯 개 분기 연속 당기순손실을 기록했다. 키옥시아의 실적 악화는 투자자산 평가 손실로 반영되면서 SK하이닉스의 자산 가치와 재무 건전성에 영향을 미쳤다. SK하이닉스는 1조4300억원의 손실을 반영,monolingual,native,ko
58,Bllossom/llama-3.2-Korean-Bllossom-3B,"비콘 기술에 대해 알아야 할 3가지를 다음과 같이 숫자기호를 적용하여 나열할 수 있습니다:

1. **비콘의 원리**: 비콘은 전자파를 이용한 비공간 통신을 가능하게 하는 기술입니다. 비콘은 전자파를 이용해 정보를 전달할 수 있기 때문에, 장거리에서 정보를 전달할 때 비콘을 사용하는 것이 효과적입니다.

2. **비콘",monolingual,native,ko
59,Bllossom/llama-3.2-Korean-Bllossom-3B,"고등학생 수준에서 미분과 적분은 두 가지 중요한 수학적 개념으로, 각각의 목적과 방법이 다릅니다. 이 두 개념을 이해하는 것은 수학적 문제를 해결하는 데 매우 중요합니다.

### 미분
미분은 함수의 변화를 측정하는 과정입니다. 주로 함수의 변화를 시간, 위치, 또는 다른 변수에 대한 변화에 따라 측정합니다. 미분은 다음과 같은 목적",monolingual,native,ko
60,Bllossom/llama-3.2-Korean-Bllossom-3B,"이 논문의 연구가 도움이 될 만한 기관은 다음과 같습니다:

1. **한국학연구원(Korean Studies Institute)**: 한국의 민족 정체성과 통일, 북한이탈주민에 대한 인식에 대한 연구를 수행하는 기관입니다. 한국학연구원은 민족 정체성, 통일, 북한 문제에 대한 다양한 연구를 수행하고 있으며, 이 연구의 결과가 한국의 민족 정체성 연구",monolingual,native,ko
61,Bllossom/llama-3.2-Korean-Bllossom-3B,"무상급식에 대한 논란은 다양한 측면에서 논의되고 있습니다. 아래는 무상급식의 장점과 단점을 각각 한 가지씩 설명한 것입니다.

### 장점
1. **사회적 평등**: 무상급식은 모든 사람에게 급식이 제공되도록 하여 사회적 불평등을 줄이는 데 기여할 수 있습니다. 모든 사람, 특히 저소득층이나 취업 중인 사람들에게 급식이",monolingual,native,ko
62,Bllossom/llama-3.2-Korean-Bllossom-3B,"금융감독원이 카카오(035720) 법인에 대해 형사 처벌을 검토하고 있으며, 이는 카카오의 대주주 자격을 박탈할 수 있는 양벌규정을 적용할 수 있다는 의지가 있습니다. 금감원은 ""불법 거래를 통해서 이룩하고자 하는 기업적 구조가 있다면 그 목적을 달성하지 못하도록 하는 것이 국민들이 기대하는 감정에 맞다고 생각",monolingual,native,ko
63,Bllossom/llama-3.2-Korean-Bllossom-3B,"**제목:** 경쟁이 학생들의 행복에 미치는 영향에 대한 연구 보고서

**개요:**

이 연구는 경쟁이 학생들의 행복에 미치는 영향을 분석하기 위해 다양한 연구를 종합적으로 검토하고, 경쟁이 학생들의 삶의 질에 미치는 영향을 평가하고자 합니다. 연구는 경쟁이 학생들의 정신적, 사회적, 학업적 성취에 미치는 영향을 탐구하고, 이를 통해 학생들의 행복에",monolingual,native,ko
64,Bllossom/llama-3.2-Korean-Bllossom-3B,"낚시카페를 창업하는 것은 정말 재미있고 흥미로운 사업입니다! 낚시카페의 이름을 만들어 보겠습니다. 아래에 몇 가지 아이디어를 제안해 드리겠습니다:

1. **어장의 달인** - 이 이름은 이미 사용하고 있지만, 다른 방식으로 재해석해 보는 것도 좋을 것 같습니다.
2. **어장의 달인** - ""어장의 달인""",monolingual,native,ko
65,Bllossom/llama-3.2-Korean-Bllossom-3B,"워라밸은 한국의 전통적인 전통시장으로, 주로 전통의 재료와 전통의 재료를 판매하는 곳으로 유명합니다. 워라밸은 전통적인 전통시장의 특징을 유지하면서도 현대적인 시각과 경험을 제공하는 곳으로, 다양한 전통의 재료와 제품을 판매합니다. 

워라밸은 주로 전통의 재료와 전통의 제품을",monolingual,native,ko
66,Bllossom/llama-3.2-Korean-Bllossom-3B,"이 글은 의사들이 '밥그릇'을 지키고자 하는 이유와 그로 인한 의료 공백, 의대 광풍, 그리고 정부의 의대 증원 방안에 대해 논의하고 있습니다. 의사들은 자신의 임금이 매우 높고, 그로 인해 의료 공백과 필수의료 부족 문제를 해결하기 어려워합니다. 의사단체들은 정부가 의대 정원을 확대하는 방안을",monolingual,native,ko
67,Bllossom/llama-3.2-Korean-Bllossom-3B,"미국에서 혼자서 소규모 창업을 계획하는 경우, 적합한 법인 형태를 선택하는 것은 매우 중요합니다. 다음은 미국에서 혼자서 소규모 창업을 할 때 고려할 수 있는 몇 가지 법인 형태입니다:

1. **sole proprietorship (개인 사업자)**:
   - **특징**: 가장 간단하고 빠르게 설립할 수 있는 형태입니다. 개인의 이름으로 사업을 운영하며",monolingual,native,ko
68,Bllossom/llama-3.2-Korean-Bllossom-3B,"악세사리를 더 돋보이게 디스플레이하는 방법은 여러 가지가 있습니다. 아래에 몇 가지 제안을 드리겠습니다:

1. **고정형 디스플레이**: 고정형 디스플레이를 사용하여 악세사리를 정교하게 배치합니다. 고정형 디스플레이는 제품을 정교하게 보이게 하며, 고객이 제품을 쉽게 탐색할 수 있도록 합니다.

2. **",monolingual,native,ko
69,Bllossom/llama-3.2-Korean-Bllossom-3B,"2020년대 명품 시장은 다양한 요인들에 의해 영향을 받았으며, 여러 가지 트렌드를 보여주었습니다. 다음은 주요 트렌드 중 몇 가지를 소개합니다:

1. **디지털 트렌드**:
   - **온라인 쇼핑**: COVID-19 사태로 인해 온라인 쇼핑이 급격히 성장했습니다. 명품 브랜드들은 온라인 플랫폼을 통해 제품을 판매하고, 고객과의 소",monolingual,native,ko
70,Bllossom/llama-3.2-Korean-Bllossom-3B,고물가와 소비 심리 침체로 유통업계가 어려움을 겪는 가운데 백화점 '빅3'(롯데·신세계·현대백화점)이 사상 최대 매출액을 기록했다. 각 사의 대형 점포 성장에 힘입은 성과와 함께 소비 양극화에 따른 명품 수요가 늘어난 결과다. 물가 상승에 따른 인건비,monolingual,native,ko
71,Bllossom/llama-3.2-Korean-Bllossom-3B,"이제시3에 대한 해결책을 제시해드리겠습니다.

### 이슈3: 화재의 위험이 있다.

#### 해결책1: 화재 예방 시스템을 도입
1. **화재 감지 시스템**: 전기차의 내부에 화재 감지 시스템을 도입하여 화재 발생 시 즉시 경보를 발송할 수 있도록 합니다.
2. **화재 예방 교육**: 사용자에게 화재 예방 방법",monolingual,native,ko
72,Bllossom/llama-3.2-Korean-Bllossom-3B,"이 글은 공부와 관련된 여러 가지 주제를 다루고 있습니다. 주제는 다음과 같습니다:

1. '상아탑'이라는 표현의 유래와 의미
2. 대학 입시와 관련된 현실적 문제
3. 공부의 중요성
4. 공부를 시작하는 방법
5. 단어 외우기와 관련된 방법

이 글은 공부를 시작하는 것이 중요하다는 점을 강조하며, 단어 외우",monolingual,native,ko
73,Bllossom/llama-3.2-Korean-Bllossom-3B,"초등학생을 대상으로 불의 원리에 대한 재미있는 수업 계획을 구상해 보겠습니다. 이 수업은 학생들이 불의 원리를 이해하고, 안전한 사용법을 배울 수 있도록 설계되었습니다.

### 수업 목표
1. 불의 원리를 이해하기
2. 안전한 불 사용법을 배울 수 있도록
3. 재미있는 활동을 통해 학습을 즐기기

### 수업 계획

",monolingual,native,ko
74,Bllossom/llama-3.2-Korean-Bllossom-3B,"상견례를 하기에 좋은 장소를 추천해 드리겠습니다. 상견례는 가족, 친구, 동료 등 다양한 관계를 가진 사람들과의 인사와 인사를 하는 중요한 행사입니다. 다음은 상견례를 하기에 좋은 장소로 추천하는 5곳입니다:

1. **한옥**: 한옥은 자연스러운 분위기와 아름다운 전경을 제공하는 곳이 많습니다. 특히, 한옥의 아름다운",monolingual,native,ko
75,Bllossom/llama-3.2-Korean-Bllossom-3B,"초등학교 교실 분위기에 적합한 행동을 하도록 칭찬, 보상, 인정 등 긍정적 강화 활용 전략을 사용하는 것은 학생들의 성장을 촉진하고 긍정적인 행동을 자극하는 데 매우 중요합니다. 다음은 이러한 전략을 활용하기 위한 예제와 방법입니다:

### 칭찬
1. **명확하고 개인화된 칭찬**:
   - **예제**: ""오늘",monolingual,native,ko
76,Bllossom/llama-3.2-Korean-Bllossom-3B,"한국의 입시 미술은 다양한 장점과 단점을 가지고 있습니다. 다음은 그 중 몇 가지 주요 장점과 단점을 설명합니다:

### 장점
1. **다양한 전공 선택 가능성**:
   - 한국의 입시 시스템은 다양한 전공을 선택할 수 있는 기회를 제공합니다. 예를 들어, 미술과 관련된 다양한 전공이 있으며, 이를 통해 학생들이 자신의 관심사에 맞는 전공을",monolingual,native,ko
77,Bllossom/llama-3.2-Korean-Bllossom-3B,"하버드를 목표로 하는 고등학생이 되기 위해서는 다양한 방법을 통해 시간을 효율적으로 활용하는 것이 중요합니다. 다음은 시간을 잘 활용할 수 있는 3가지 방법입니다:

1. **목표 설정 및 계획 수립**:
   - **목표 설정**: 자신의 목표를 명확히 설정하세요. 예를 들어, 하버드를 목표로 하는 학생은 ""하버드 대학교에 입학""을 목표",monolingual,native,ko
78,Bllossom/llama-3.2-Korean-Bllossom-3B,"비콘 기술에 대해 알아야 할 3가지를 다음과 같이 숫자기호를 적용하여 나열할 수 있습니다:

1. **비콘의 원리**: 비콘은 전자파를 이용해 전자파를 방출하고, 이를 감지하여 정보를 전달하는 기술입니다. 이는 전통적인 통신 방법과는 다르게, 비콘은 전자파를 이용해 정보를 전달할 수 있어 장거리에서 정보를 전달",monolingual,native,ko
79,Bllossom/llama-3.2-Korean-Bllossom-3B,"레깅스의 자극으로 인해 소음순이 커질 수 있으며, 이는 소음순 비대증을 일으키는 원인이 될 수 있습니다. 레깅스의 자극은 소음순이 커질 수 있으며, 밀착된 속옷과 지속적인 마찰로 부종과 통증을 일으킬 수 있습니다.

소음순 비대증은 성생활과 출산, 노화 등으로 인해 점차 커질",monolingual,native,ko
80,Bllossom/llama-3.2-Korean-Bllossom-3B,"정치 팟캐스트를 시작하는 데 고려해야 할 사항을 체크리스트로 만들어드리겠습니다. 각 사항 앞에는 체크 이모티콘을 넣어 보았습니다.

1. **목표와 목적** 🎙️
   - 팟캐스트의 목적과 목표를 명확히 정의합니다.
   - 목표는 무엇인지, whom을 위한지, 어떤 주제를 다루는지 명확히 합니다.

",monolingual,native,ko
81,Bllossom/llama-3.2-Korean-Bllossom-3B,"미국에서 일반적인 기업 인수 합병 과정은 여러 단계를 거쳐 진행됩니다. 이 과정은 일반적으로 다음과 같은 단계로 나눌 수 있습니다:

1. **마케팅 및 인수 목표 설정**:
   - 기업은 특정 목표를 설정하고, 이 목표를 달성하기 위해 적절한 기업을 찾습니다. 이 목표는 수익성, 기술, 시장 점유율, 경쟁력, 및 기타",monolingual,native,ko
82,Bllossom/llama-3.2-Korean-Bllossom-3B,"식물의 유통명과 학명은 식물의 종을 식별하고 관리하는 데 중요한 역할을 합니다. 유통명은 일반적으로 식물의 종을 쉽게 이해할 수 있도록 단순하고 쉽게 설명하는 이름을 의미하며, 학명은 과학적 명칭을 의미합니다. 다음은 몇 가지 예시입니다:

1. **유통명**:
   - **학명**: _Quercus robur
",monolingual,native,ko
83,Bllossom/llama-3.2-Korean-Bllossom-3B,"줄넘기는 다양한 장단점을 가지고 있습니다. 아래는 줄넘기의 주요 장단점을 각각 2가지씩 설명한 것입니다.

### 장점
1. **신체 건강 향상**: 줄넘기는 근육 강화와 근육량 증가를 도와 신체 건강을 향상시킵니다. 특히, 근육의 강도와 근력, flexibility를 높이는 데 도움이 됩니다.
2. **정신적 스트",monolingual,native,ko
84,Bllossom/llama-3.2-Korean-Bllossom-3B,"초등학교 3학년 학생들이 창작물을 만들기 위해 추천하는 주제는 다음과 같습니다:

1. **자연의 아름다움**: 학생들은 자연의 아름다움을 주제로 그림, 시, 시각적 작품, 소설 등을 만들 수 있습니다. 예를 들어, 자연의 풍경, 동물, 꽃, 나무 등 다양한 자연 요소를 그려보는 것이 좋습니다.

2. **친구와의 관계**: 친구와의",monolingual,native,ko
85,Bllossom/llama-3.2-Korean-Bllossom-3B,"부모와 자녀 간의 소통을 강화하기 위한 제안서

1. **정기적인 대화 시간 확보**: 주 2-3회에 한 번씩 정기적으로 시간을 가지는 것이 중요합니다. 이 시간은 자녀의 일상과 문제를 공유하고, 부모의 의견을 듣고 공감하는 시간이 될 수 있습니다.

2. **자녀의 의견을 존중**: 자녀의 의견",monolingual,native,ko
86,Bllossom/llama-3.2-Korean-Bllossom-3B,"물론입니다! 인공지능으로 사진을 편집하는 기능을 추가하여 사용자에게 재미있고 기발한 서비스를 제공할 수 있습니다. 아래는 3가지 예시입니다:

1. **기억의 시간을 바꿔 보는 기능: ""시간 여행 사진""**
   - **기능 설명:** 사용자가 사진에 포함된 시간을 바꿔 보는 기능을 제공합니다. 예를 들어, 사용자가 사진에 포함된 시간을",monolingual,native,ko
87,Bllossom/llama-3.2-Korean-Bllossom-3B,"코랄은 반월상연골파열에 대해 설명하고 있습니다. 반월상연골파열은 무릎 관절에 가해지는 충격을 흡수하고 관절의 움직임을 원활하게 해주는 반월상연골판이 손상된 상태를 말합니다. 이 부위가 손상되면 양반다리를 하거나 무릎을 구부릴 때 통증이 발생하며, 무릎에",monolingual,native,ko
88,Bllossom/llama-3.2-Korean-Bllossom-3B,"크리스마스와 관련된 경제 지표 중 하나는 크리스마스 쇼핑의 성장률입니다. 크리스마스 쇼핑은 전 세계적으로 큰 경제적 영향을 미치며, 많은 상점과 온라인 쇼핑 플랫폼에서 큰 매출을 창출합니다. 크리스마스 쇼핑의 성장률은 다양한 요인에 의해 영향을 받으며, 예를 들어, 경제 상황, 소비자 기대, 예산, 그리고",monolingual,native,ko
89,Bllossom/llama-3.2-Korean-Bllossom-3B,"건강한 식습관은 식사와 식습관을 통해 건강을 유지하고 발전시키는 방법을 의미합니다. 이는 다양한 영양소와 영양소를 균형 있게 섭취하고, 건강한 식습관을 지키는 것을 포함합니다. 이는 식사 전후의 식습관, 식사 시간, 식사 양, 식사 주기, 음식 선택 등 다양한 요소에 따라 달라질 수 있습니다. 건강한",monolingual,native,ko
90,Bllossom/llama-3.2-Korean-Bllossom-3B,"카타르시스(Cataracts)는 눈의 transparency가 감소하여 시각을 방해하는 질환입니다. 주로 노인이나 고령자에게 발생하며, 주로 시각 장애의 주요 원인 중 하나입니다. 카타르크는 주로 시각 장애의 원인으로는 고혈압, 고지혈증, 고혈당, 알코올 중독, 비타민 A 결핍 등이 있습니다",monolingual,native,ko
91,Bllossom/llama-3.2-Korean-Bllossom-3B,"기후변화가 교육 정책에 미치는 영향은 여러 가지 측면에서 다각적으로 나타납니다. 기후변화는 교육 정책에 미치는 주요 영향을 다음과 같이 요약할 수 있습니다:

1. **교육 기회 확대**:
   - **기후변화 교육**: 기후변화에 대한 교육은 학생들이 기후변화의 원인과 영향, 그리고 이를 대응하는 방법에 대해 이해할 수 있도록 돕습니다. 이는",monolingual,native,ko
92,Bllossom/llama-3.2-Korean-Bllossom-3B,"인공지능(AI)을 활용하여 동물원의 운영을 효과적으로 발전시키는 몇 가지 기발한 아이디어를 제안해 드리겠습니다:

1. **AI 기반의 동물 감시 시스템**:
   - **설명**: AI를 활용한 동물 감시 시스템은 동물의 행동을 실시간으로 모니터링하고, 이상적인 행동을 감지할 수 있습니다. 예를 들어, 동물이 특정 행동을 반복",monolingual,native,ko
93,Bllossom/llama-3.2-Korean-Bllossom-3B,"인공지능(AI) 기술이 경제적 불평등에 미치는 영향과 디지털 경제의 성장이 사회적 포용성에 미치는 영향을 평가해보면 다음과 같은 주요 내용이 나올 수 있습니다:

1. **직업 변화와 노동 시장의 변화**:
   - AI 기술은 일부 직업에 대한 요구가 증가하고, 다른 직업에 대한 요구가 감소할 수 있습니다.
   - 노동 시장의 구조적 변화로 인",monolingual,native,ko
94,Bllossom/llama-3.2-Korean-Bllossom-3B,"버그바운티 프로그램 제작 프로젝트를 시행하기 위해 기획서에 포함해야 할 5가지 주요 사항은 다음과 같습니다:

1. **목적 및 목표**:
   - 버그바운티 프로그램의 목적과 목표를 명확히 정의합니다. 예를 들어, ""버그바운티 프로그램을 통해 사용자 경험을 개선하고, 사용자 피드백을 수집하여 제품의 성능을 향상시키기",monolingual,native,ko
95,Bllossom/llama-3.2-Korean-Bllossom-3B,"친구와 함께 여행을 가면 여러 가지 좋은 점이 있습니다. 다음은 그 중 몇 가지를 소개합니다:

1. **공유 경험**: 친구와 함께 여행을 가면 새로운 경험을 공유할 수 있습니다. 함께 새로운 문화를 배울 수 있고, 새로운 장소에서 함께 즐길 수 있는 다양한 활동을 할 수 있습니다.

2. **지지와 지원**: 친구는 여행 중에 어려움을 겪을 때 지지와 지원을 줄 수",monolingual,native,ko
96,Bllossom/llama-3.2-Korean-Bllossom-3B,"양파는 다양한 건강에益处가 있는 식물로, 특히 비타민 C, 비타민 B6, 비타민 B12, 비타민 E, 아연, 칼슘, 인, 마그네슘 등 다양한 영양소가 풍부합니다. 양파는 또한 항산화제와 항염증제로도 유명하며, 다양한 질병 예방과 치료에 도움을 줄 수 있습니다. 다음은 양파",monolingual,native,ko
97,Bllossom/llama-3.2-Korean-Bllossom-3B,"건강한 식습관은 식사와 식습관을 통해 건강을 유지하고 발전시키는 방법을 의미합니다. 이는 다양한 영양소와 영양소를 균형 있게 섭취하고, 건강한 식습관을 지키는 것을 포함합니다. 이는 식사 전후의 식습관, 식사 시간, 식사 양, 식사 주기, 음식 선택 등 다양한 요소에 따라 달라질 수 있습니다. 건강한",monolingual,native,ko
98,Bllossom/llama-3.2-Korean-Bllossom-3B,"한국의 다문화 가정 학생 비율은 시간이 지남에 따라 변동이 있을 수 있지만, 2020년 기준으로는 다음과 같은 데이터를 제공할 수 있습니다:

1. **초등학교**: 2020년 기준으로, 한국의 초등학교 학생 중 다문화 가정 학생 비율은 약 2.3%에 달했습니다. 이는 2020년 기준으로 1만 명의 학생 중 약 230명이 다문화 가정에서 자라",monolingual,native,ko
99,Bllossom/llama-3.2-Korean-Bllossom-3B,"미래 도시에서는 로봇 친구가 일상 생활을 돕습니다. 로봇은 자율 주행차, 의료 로봇, 교육 로봇 등 다양한 역할을 수행합니다. 로봇은 지능형 인공지능을 통해 인간과 협력하여 문제를 해결합니다. 로봇은 환경 보호와 에너지 효율성을 높이는 혁신 기술을 활용하여 지속 가능한 미래를 구축합니다.",monolingual,native,ko
100,Bllossom/llama-3.2-Korean-Bllossom-3B,"AI를 인간 능력에 보완하는 데 사용하는 것은 다양한 분야에서 큰 발전을 이끌고 있습니다. 그러나 몇 가지 일반적인 오해가 있습니다. 

1. **AI가 인간을 대체할 수 있습니다**: 많은 사람들이 AI가 인간을 대체할 수 있다고 생각합니다. 그러나 이는 사실이 아닙니다. AI는 인간의 특정 능력을 보완하고, 새로운 작업을 수행하는 데 도움을 줄 수 있지만, 인간의",crosslingual,okapi,ko
101,Bllossom/llama-3.2-Korean-Bllossom-3B,"AI를 인간 능력에 보완하기 위한 방법으로 사용하는 것은 매우 유용한 기술이지만, 몇 가지 일반적인 오해가 있습니다. 그 중 하나는 AI가 인간의 창의성을 완전히 대체할 수 있다는 오해입니다.

**오해: AI가 인간의 창의성을 완전히 대체할 수 있습니다.**

이 오해는 AI가 인간의 창의성을 완전히 대체할 수 있다는 것을 의미합니다. 그러나 이는 사실이",crosslingual,okapi,ko
102,Bllossom/llama-3.2-Korean-Bllossom-3B,"AI를 인간 능력에 보완하는 데 사용하는 것은 여러 가지 주장과 이론이 있지만, 가장 일반적으로 잘못된 인식 중 하나는 다음과 같습니다:

1. **AI가 인간의 창의성을 완전히 대체할 수 있습니다.**
   - **이상적 인식:** AI는 인간의 창의성을 완전히 대체할 수 있다고 주장하는 사람들은 AI가 인간의 창의성을 보완할 수 있다고 생각합니다.",crosslingual,okapi,ko
103,Bllossom/llama-3.2-Korean-Bllossom-3B,"기니 지수(Gini Index)는 경제학에서 사회적 불평등을 측정하는 데 사용되는 지수입니다. 기니 지수는 주로 소득 분포를 분석하는 데 사용되며, 이는 모든 사람의 소득을 분포에 따라 계산됩니다. 기니 지수는 0에서 1 사이의 값으로 나타나며, 0은 완전한 불평등을 의미하고, 1은 완전한 불평",crosslingual,okapi,ko
104,Bllossom/llama-3.2-Korean-Bllossom-3B,"지니 지수(Gini Index)는 경제학에서 사회적 불평등을 측정하는 데 사용되는 지표입니다. 지니 지수는 주로 소득 분포를 분석하는 데 사용되며, 이는 소득의 분포가 얼마나 불평등한지 나타내는 지표입니다. 지니 지수를 계산하는 방법은 다음과 같습니다:

1. **데이터 수집**: 먼저, 모든 개인의 소득을 수집해야 합니다.",crosslingual,okapi,ko
105,Bllossom/llama-3.2-Korean-Bllossom-3B,"기니 지수(Gini Index)는 경제학에서 사회적 불평등을 측정하는 지표 중 하나로, 사회의 경제적 자원과 부를 분배의 불평등을 나타내는 지표입니다. 기니 지수는 0에서 1 사이의 값으로 계산되며, 0은 완전한 불평등을 의미하고, 1은 완전한 불평등을 의미합니다. 기니 지수는 다음과",crosslingual,okapi,ko
106,Bllossom/llama-3.2-Korean-Bllossom-3B,"### 1. 비트코인(Bitcoin)의 역사와 발전

비트코인(Bitcoin)은 2008년 1월 3일, 사인드니 비트코인(Satoshi Nakamoto)에 의해 설립된 전 세계 최초의 디지털 화폐로, 2009년 1월 3일 공식적으로 출시되었습니다. 비트코인은 전통적인 화폐와는 달리 디지털 형",crosslingual,okapi,ko
107,Bllossom/llama-3.2-Korean-Bllossom-3B,"### 1. cryptocurrency의 역사와 발전

**cryptocurrency의 역사와 발전**

cryptocurrency는 2008년 1월 3일, '비트코인(Bitcoin)'이 처음 등장하면서 시작된 새로운 경제 시스템으로, 전통적인 금융 시스템을 대체할 수 있는 새로운 형태의 화폐로 자리잡고 있습니다. 비트코인은 비트코인 프로젝트(Bitcoin Project)의 창립자인 사이",crosslingual,okapi,ko
108,Bllossom/llama-3.2-Korean-Bllossom-3B,"### 1. cryptocurrency의 정의와 역사

**cryptocurrency의 정의**

cryptocurrency는 전통적인 통화와는 달리, 전자적 형태로 존재하며, 전자적 자산으로서의 특성을 가지고 있습니다. 이는 전자적 자산을 보관하고 전송할 수 있는 기술을 활용하여, 전통적인 금융 시스템을ypass하는 방식으로 작동합니다. cryptocurrency는 보안을 위해 복잡한 암호",crosslingual,okapi,ko
109,Bllossom/llama-3.2-Korean-Bllossom-3B,"인공지능(AI)은 최근 몇 년 동안 빠르게 발전해 왔으며, 다양한 분야에서 인간의 삶을 크게 변화시켰습니다. AI는 인공지능, 기계 학습, 데이터 분석, 의료, 교육, 경제, 안전 등 다양한 분야에서 사용되고 있으며, 이는 인간의 삶을 더욱 편리하고 효율적으로 만드는 데 기여하고 있습니다. 그러나 이러한 발전과 동시에 AI의 사용이 증가함에 따라 다양한 문제",crosslingual,okapi,ko
110,Bllossom/llama-3.2-Korean-Bllossom-3B,"**기계 학습의 규제: 미래의 미래를 위한 필수적 조치**

기계 학습(Artificial Intelligence, AI)은 최근 몇 년간 빠르게 발전해 왔으며, 다양한 산업 분야에서 중요한 역할을 하고 있습니다. 그러나 이 기술의 발전은 그만큼의 위험성도 가지고 있습니다. 기계 학습은 인간의 지식과 능력을 초월하는 능력을 가지고 있지만, 이는 또한 불필요",crosslingual,okapi,ko
111,Bllossom/llama-3.2-Korean-Bllossom-3B,"인공지능(AI)의 규제는 다양한 측면에서 중요한 문제로 다루어져야 할 필요가 있습니다. 인공지능 기술은 최근 몇 년간 빠르게 발전해 왔으며, 다양한 산업 분야에서 중요한 역할을 하고 있습니다. 그러나 이 기술의 발전 속도와 사용 방식은 그 규제의 필요성을 더욱 강화시킵니다. 이에 대한 논의는 인공지능의益处와 위험을 종합적으로",crosslingual,okapi,ko
112,Bllossom/llama-3.2-Korean-Bllossom-3B,"**어둠 속의 유령의 집**

그날은 어둠 속에서 시작되었다. 하늘은 어두운 색상으로 가득 차 있었고, 바람은 어둠 속에서 불어오고 있었다. 이날은 마을 사람들은 모두 집에 머물러 있었다. 그들은 어둠 속에서 두려움을 느끼고 있었다. 그들은 그날이 어떤 일이 될지 알지 못했다.

그날 밤, 마",crosslingual,okapi,ko
113,Bllossom/llama-3.2-Korean-Bllossom-3B,"**어둠 속의 유령**

그날은 어둠 속에서 시작되었다. 하늘은 어두운 색조로 가득 차 있었고, 바람은 어둠 속에서 불어오고 있었다. 이날은 마을 사람들은 모두 집에 머물러 있었다. 그들은 어둠 속에서 두려움을 느끼고 있었다. 그들은 어둠 속에서 어떤 것이 있을지 모르는 두려움에 사로잡혀",crosslingual,okapi,ko
114,Bllossom/llama-3.2-Korean-Bllossom-3B,"**어둠 속의 유령**

어둠 속에서, 한 사람의 발자국이 깊이 깊이 깊이 깊이 깊이 깊이 깊이 깊이 깊이 깊이 깊이 깊이 깊이 깊이 깊이 깊이 깊이 깊이 깊이 깊이 깊이 깊이 깊이 깊이 깊이 깊이",crosslingual,okapi,ko
115,Bllossom/llama-3.2-Korean-Bllossom-3B,"브렉시트(Brexit)는 영국의 독립을 의미하는 영어 단어로, 2016년 6월 23일 영국의 유럽연합(EU)에서 탈퇴를 선언한 사건입니다. 이 사건은 영국의 정치적, 경제적, 사회적 변화에 큰 영향을 미쳤습니다. 이 보고서는 브렉시트의 주요 영향을 요약하고, 그로 인한 주요 결과를 설명합니다.

### 정치적 영향

",crosslingual,okapi,ko
116,Bllossom/llama-3.2-Korean-Bllossom-3B,"**브렉시트의 영국에 미치는 영향: 영국의 경제, 정치, 사회적 변화**

브렉시트( Brexit)는 영국의 유럽 연합(EU)에서 탈퇴를 의미하며, 2016년 6월 23일 영국 국민투표에서 승리하여 2017년 1월 31일 공식적으로 이탈을 발표했습니다. 브렉시트의 영향은 영국의 경제, 정치, 사회적 측면에서 다양한",crosslingual,okapi,ko
117,Bllossom/llama-3.2-Korean-Bllossom-3B,"브렉시트(Brexit)는 영국의 독립을 의미하는 영어 단어로, 2016년 6월 23일 영국의 유럽연합(EU)에서 탈퇴를 선언한 사건입니다. 이 사건은 영국의 정치적, 경제적, 사회적 변화에 큰 영향을 미쳤습니다. 이 보고서는 브렉시트의 주요 영향을 요약하고, 그 결과를 분석합니다.

### 1. 정치적 영향

브",crosslingual,okapi,ko
118,Bllossom/llama-3.2-Korean-Bllossom-3B,"**자연식 식품의 이점: 건강을 위한 선택**

자연식 식품은 식품 산업의 핵심 개념 중 하나로, 식품의 생산 과정에서 화학적 합성물이나 화학적 처리를 피하고, 자연의 원료를 사용하여 생산되는 식품을 의미합니다. 자연식품은 다양한 건강 이점을 제공하며, 현대 사회에서 건강을 위한 중요한 선택이 되고 있습니다. 이 기사는 자연식품",crosslingual,okapi,ko
119,Bllossom/llama-3.2-Korean-Bllossom-3B,"**자연식 식품의 이점: 건강을 위한 선택**

자연식 식품은 현대 사회에서 점점 더 많은 관심을 받고 있습니다. 이는 자연식품이 건강에 미치는 긍정적인 영향을 이해하고, 이를 통해 우리의 식습관을 개선하려는 노력이 증가한 때문입니다. 자연식품은 식품의 원료가 자연에서 자라거나 재배된 것을 의미하며, 이는 식품의 질과 건강에",crosslingual,okapi,ko
120,Bllossom/llama-3.2-Korean-Bllossom-3B,"**자연식 식품의 이점: 건강을 위한 선택**

자연식 식품은 현대 사회에서 점점 더 많은 관심을 받고 있습니다. 이는 자연식품이 건강에 미치는 긍정적인 영향을 이해하고, 이를 통해 우리의 식습관을 개선하는 데 기여하기 때문입니다. 자연식품은 식품의 원료가 농업을 통해 생산되는 자연의 자원에 기반을 둡니다. 이러한 식품은",crosslingual,okapi,ko
121,Bllossom/llama-3.2-Korean-Bllossom-3B,"재산 분배는 필요성

재산 분배는 사회적 불평등을 완화하고, 모든 사람들에게 평등한 기회를 제공하는 데 중요한 역할을 합니다. 재산 분배는 경제적, 사회적, 정치적 측면에서 다양한 이점을 제공하며, 이는 사회의 전반적인 발전을 촉진하는 데 기여합니다. 이에 대해 몇 가지 주요 이유를 살펴보겠습니다.

첫째,",crosslingual,okapi,ko
122,Bllossom/llama-3.2-Korean-Bllossom-3B,"**재산 분배의 필요성: 사회적 평등을 위한 도전**

재산 분배는 사회적 평등을 위한 중요한 도전 중 하나로, 이는 경제적 불평등을 해결하고 사회적 불안정성을 줄이는 데 필수적입니다. 재산 분배는 개인의 재산을 공정하게 분배하여 모든 사람에게 평등한 기회를 제공하는 것을 목표로 합니다. 이는 경제적 불평등이 사회",crosslingual,okapi,ko
123,Bllossom/llama-3.2-Korean-Bllossom-3B,"재산 분배의 필요성에 대한 설득적 논의

재산 분배는 사회적, 경제적 불평등을 해결하고 더 나은 사회를 구축하는 데 중요한 역할을 한다. 많은 사람들이 재산 분배를 필요로 하는 이유는 여러 가지가 있다. 첫째, 재산 분배는 사회적 불평등을 줄이는 데 도움이 된다. 현재 많은 사람들이 부유한 계층에 속하고, 이는 사회적",crosslingual,okapi,ko
124,Bllossom/llama-3.2-Korean-Bllossom-3B,"건강한 식습관은 우리의 삶의 질을 크게 향상시키는 중요한 요소입니다. 건강한 식습관은 우리의 신체와 정신 건강을 유지하고, 질병의 위험을 줄이는 데 중요한 역할을 합니다. 이에 대해 몇 가지 주요 이유를 살펴보겠습니다.

첫째, 건강한 식습관은 신체 건강을 유지하는 데 필수적입니다. 건강한 식습관은 우리의",crosslingual,okapi,ko
125,Bllossom/llama-3.2-Korean-Bllossom-3B,"**건강한 식습관의 중요성: 우리의 미래를 위한 선택**

건강한 식습관은 현대 사회에서 매우 중요한 문제로 자리 잡고 있습니다. 많은 사람들이 건강한 식습관을 유지하는 데 어려움을 겪고 있으며, 이는 우리의 건강과 삶의 질에 큰 영향을 미칩니다. 이에 대해 우리는 왜 건강한 식습관이 중요하다고 주장하고자 합니다.

첫째, 건강한 식",crosslingual,okapi,ko
126,Bllossom/llama-3.2-Korean-Bllossom-3B,"건강한 식습관은 현대 사회에서 매우 중요한 문제로 자리 잡고 있습니다. 건강한 식습관은 개인의 건강 상태와 삶의 질에 큰 영향을 미칩니다. 이에 대해 몇 가지 주요 이유를 논의해 보겠습니다.

첫째, 건강한 식습관은 질병 예방에 중요한 역할을 합니다. 과일, 채소, 단백질, 건강한 지방 등 다양한 영양소가 풍부한 식단",crosslingual,okapi,ko
127,Bllossom/llama-3.2-Korean-Bllossom-3B,"**인공지능의 미래: 혁신과 위험**

인공지능(AI)은 최근 몇 년간 빠르게 발전해 왔으며, 다양한 분야에서 혁신을 가져왔습니다. 인공지능은 인간의 지적 능력을 초월하는 능력으로, 데이터를 분석하고 학습하여 새로운 지식을 생성하는 데 사용됩니다. 그러나 인공지능의 발전은 단순히 기술적 발전으로 끝나지 않고, 사회적",crosslingual,okapi,ko
128,Bllossom/llama-3.2-Korean-Bllossom-3B,"**기계 학습의 미래: 기계 학습의 발전과 그에 따른 사회적 영향**

기계 학습은 최근 몇 년간 급격히 발전해 왔으며, 다양한 분야에서 중요한 역할을 하고 있습니다. 기계 학습은 컴퓨터가 데이터를 분석하고 학습하여 예측, 분류, 생성 등의 작업을 수행하는 기술입니다. 이 기술은 인공지능(AI)과 관련이 깊고, 다양한 산업에서",crosslingual,okapi,ko
129,Bllossom/llama-3.2-Korean-Bllossom-3B,"**기계 학습의 미래: 기계 학습의 발전과 그에 따른 사회적 영향**

기계 학습은 최근 몇 년간 빠르게 발전해 온 기술 중 하나로, 다양한 분야에서 중요한 역할을 하고 있습니다. 기계 학습은 컴퓨터가 데이터를 분석하고 학습하여 예측, 분류, 생성 등 다양한 작업을 수행하는 기술입니다. 이 기술은 인공지능(AI)과 관련이 깊고,",crosslingual,okapi,ko
130,Bllossom/llama-3.2-Korean-Bllossom-3B,"**물결의 소년**

그날은 하늘에 하얀 구름이 가득 차서, 바다의 물결이 깊고 깊이 깊게 부는 날이었다. 이날은 소년이 가장 좋아하는 날이었다. 그의 이름은 민수, 그리고 그는 이날을 '물결의 날'이라고 불렀다. 민수는 이날을 기념하기 위해 바다를 가로질러 다니기 위해 준비",crosslingual,okapi,ko
131,Bllossom/llama-3.2-Korean-Bllossom-3B,"**하늘의 소년과 바다의 여인**

하늘의 소년과 바다의 여인은 두 사람의 이야기는 서로 다른 세계에서 태어난 두 사람의 삶을 통해 시작됩니다. 하늘의 소년은 한 마을에 살고 있었고, 바다의 여인은 바다의 한 섬에 살았습니다. 그들은 서로의 존재를 알지 못했지만, 그들의 삶은 서로의 삶과 깊이 연결되어",crosslingual,okapi,ko
132,Bllossom/llama-3.2-Korean-Bllossom-3B,"**마음의 소나타: 한 여름의 소나타**

여름이 오는 날, 한 여름의 소나타가 시작되었다. 이 소나타는 한 여름의 아름다운 풍경과 함께, 한 여름의 감정을 담아내는 음악으로 이루어졌다. 이 소나타는 한 여름의 아름다움을 표현하는 데 사용된 음악의 이름을 따서 지어졌다. 이 소나타",crosslingual,okapi,ko
133,Bllossom/llama-3.2-Korean-Bllossom-3B," recycling은 우리의 환경을 보호하고 지속 가능한 발전을 위해 매우 중요한 역할을 합니다. 재활용은 재활용된 물질을 재생산하여 재활용 가능한 자원을 재생산하는 과정입니다. 이는 재활용된 물질을 재활용하여 새로운 제품을 만드는 데 사용되며, 이는 재활용된 자원의 사용을 줄이고, 새로운 자원을 절약하는 데 기여합니다.

 recycling은 환경 보호에",crosslingual,okapi,ko
134,Bllossom/llama-3.2-Korean-Bllossom-3B," recycling은 우리의 환경을 보호하고 지속 가능한 발전을 위해 필수적인 활동입니다. 재활용은 재활용된 물질을 재생산하여 새로운 제품을 만드는 과정에서 중요한 역할을 합니다. 이 과정은 에너지 절약, 물자원 절약, 그리고 환경 오염을 줄이는 데 기여합니다.

첫째, 재활용은 에너지 절약에 중요한 역할을 합니다. 재활용된",crosslingual,okapi,ko
135,Bllossom/llama-3.2-Korean-Bllossom-3B," recycling은 우리의 환경을 보호하고 지속 가능한 발전을 위해 필수적인 요소입니다. 재활용은 재활용된 물질을 재생산하여 재활용할 수 있는 물질로 변환하는 과정입니다. 이는 에너지 절약, 물 절약, 그리고 환경 보호를 통해 다양한 환경적, 경제적, 사회적 이점을 제공합니다.

첫째, 재활용은 에너지 절약에 중요한 역할",crosslingual,okapi,ko
136,Bllossom/llama-3.2-Korean-Bllossom-3B,"브렉시트(Brexit)는 영국의 유럽 연합(EU)에서 탈퇴를 의미하는 영어로, 2016년 6월 23일 영국 국민들이 유럽 연합 탈퇴에 대한 투표를 통해 이행되었습니다. 이 사건은 유럽 연합의 역사상 가장 큰 정치적 변화 중 하나로, 영국의 경제, 정치, 사회, 국제 관계 등 다양한 분야에 큰 영향을 미쳤습니다.

경제적으로,",crosslingual,okapi,ko
137,Bllossom/llama-3.2-Korean-Bllossom-3B,"브렉시트(Brexit)는 2016년 6월 23일 영국을 포함한 유럽 연합(EU)에서 탈퇴하는 영국의 의사결정을 의미합니다. 이 결정은 영국의 정치적, 경제적, 사회적 변화에 큰 영향을 미쳤습니다. 주요 변화 중 몇 가지를 요약하면 다음과 같습니다.

1. **경제적 변화**: 브렉시트는 영국의 경제에 큰 영향을 미쳤습니다. 영국",crosslingual,okapi,ko
138,Bllossom/llama-3.2-Korean-Bllossom-3B,"브렉시트(Brexit)는 영국의 유럽 연합(EU)에서 탈퇴를 의미하는 영어로, 2016년 6월 23일 영국 국민들이 유럽 연합 탈퇴에 대한 투표를 통해 이행되었습니다. 이 사건은 영국의 정치, 경제, 사회적, 국제 관계에 큰 영향을 미쳤습니다.

정치적으로, 브렉시트는 영국의 정치적 구조에 큰 변화를 가져왔습니다",crosslingual,okapi,ko
139,Bllossom/llama-3.2-Korean-Bllossom-3B,그는 어둠 속에서 깨어났다. 그의 눈이 열리자 그는 어두운 방을 보았다. 그는 한쪽 눈에 작은 점이 보였다. 그는 그 점을 따라 움직이기 시작했다. 점은 그의 손에 닿을 때마다 점점 밝아졌다. 그는 점을 따라 움직이면서 방을 나누는 벽을 발견했다. 그는 벽을 따라 움직이기 시작했다. 점은 점점 더 밝아졌다.,crosslingual,okapi,ko
140,Bllossom/llama-3.2-Korean-Bllossom-3B,"**시도에 빠진 남자**

그는 어둠 속에서 깨어났다. 그의 눈이 열리자 그는 어두운 방을 보았다. 그는 한쪽 눈에 불이 켜지 않은 채로, 어두운 방에 서 있었다. 그는 한쪽 눈에 불이 켜지 않은 채로, 어두운 방에 서 있었다. 그의 머리는 혼란스러웠다. 그는 어떤 곳에 있었는지, 어떻게 여기에 왔는지",crosslingual,okapi,ko
141,Bllossom/llama-3.2-Korean-Bllossom-3B,"그는 어둠 속에서 깨어났다. 그의 눈이 어둠 속에서 밝아나는 것을 느꼈고, 그는 깊이 깊이 깊이 깊이 깊이 깊이 깊이 깊이 깊이 깊이 깊이 깊이 깊이 깊이 깊이 깊이 깊이 깊이 깊이 깊이 깊이 깊이 깊이 깊",crosslingual,okapi,ko
142,Bllossom/llama-3.2-Korean-Bllossom-3B,"**시대간의 시간여행자**

세계는 2050년대에 전자기기와 인공지능이 발전한 시대였다. 인공지능이 모든 것을 관리하는 시대였지만, 그와 함께 새로운 위험도 생겼다. 한 연구소에서 개발된 새로운 인공지능 프로그램이 그 예로, '시계의 거울'이라는 이름의 컴퓨터 바이러스가 나왔다. 이 바이러스가 사람들에게 특",crosslingual,okapi,ko
143,Bllossom/llama-3.2-Korean-Bllossom-3B,"**시대여행의 위험한 소문**

세계는 2050년대에 전 세계적으로 IT 기술이 발전하여 인공지능(AI)과 인공지능을 활용한 다양한 도구들이 발전했다. 특히, AI가 인간의 삶에 큰 영향을 미치는 분야는 주로 의료, 교육, 경제 등이었다. 하지만, 이러한 기술의 발전은 한계도 있었다. 특히, AI가 인간의 의사결정을 도",crosslingual,okapi,ko
144,Bllossom/llama-3.2-Korean-Bllossom-3B,"**시대 간의 여행자**

세계는 2050년대에 전 세계적으로 IT 기술이 발전하여 인공지능과 인공지능이 발전한 시대였다. 이 시대에는 인공지능이 인간의 일과를 대체할 수 있는 기술이 발전해 있었다. 하지만 이 기술은 인공지능이 인간의 감정과 감각을 이해하지 못하는 한계를 초래했다. 이로 인해 인공지능",crosslingual,okapi,ko
145,Bllossom/llama-3.2-Korean-Bllossom-3B,"**효율적인 소통 기술: 성공적인 관계 구축의 핵심 요소**

소통은 인간관계의 기본 요소로, 개인과 개인 간의 정보 전달과 이해를 가능하게 하는 중요한 역할을 합니다. 효과적인 소통은 개인의 성공적인 관계 구축, 팀워크, 업무 효율성, 그리고 개인의 성취도에 큰 영향을 미칩니다. 이 기사는 효과적인 소통 기술을 이해하고 실천하는 방법",crosslingual,okapi,ko
146,Bllossom/llama-3.2-Korean-Bllossom-3B,"**효율적인 소통 스킬: 성공적인 관계 구축과 업무 효율성 향상**

소통은 인간의 삶의 중요한 요소 중 하나로, 개인과 개인 간의 관계를 형성하고, 업무를 효율적으로 진행하는 데 필수적입니다. 효과적인 소통은 사람들 간의 이해와 협력을 촉진하며, 불필요한 오해와 갈등을 줄이는 데 도움을 줍니다",crosslingual,okapi,ko
147,Bllossom/llama-3.2-Korean-Bllossom-3B,"**효율적인 소통 기술: 성공적인 관계 구축과 업무 효율성 향상**

소통은 인간의 삶의 중요한 요소 중 하나로, 개인과 개인 간의 관계를 형성하고, 업무를 효율적으로 진행하는 데 필수적입니다. 효과적인 소통은 사람들 간의 이해와 협력을 촉진하며, 문제 해결과 문제 해결을 가능하게 합니다. 이 기사는 효과적인 소통 기술의 중요성",crosslingual,okapi,ko
148,Bllossom/llama-3.2-Korean-Bllossom-3B,"**머신러닝: 인공지능의 발전과 가능성**

머신러닝은 인공지능(AI) 분야에서 중요한 역할을 하는 기술로, 컴퓨터가 데이터를 분석하고 학습하여 예측, 분류, 생성 등 다양한 작업을 수행할 수 있게 해주는 기술입니다. 머신러닝은 기계 학습(Machine Learning)이라는 용어로도 알려져 있으며, 이 용어는 기계가 데이터를 학습",crosslingual,okapi,ko
149,Bllossom/llama-3.2-Korean-Bllossom-3B,"**기계 학습의 발전: 인공지능의 미래**

기계 학습은 인공지능(AI) 분야에서 중요한 역할을 하는 기술 중 하나로, 컴퓨터가 데이터를 분석하고 학습하여 예측, 분류, 생성 등 다양한 작업을 수행할 수 있게 해주는 기술입니다. 기계 학습은 기계 학습 알고리즘, 데이터 세트, 컴퓨터 비전, 자연어 처리, 로봇학 등",crosslingual,okapi,ko
150,Bllossom/llama-3.2-Korean-Bllossom-3B,"**기계 학습의 발전과 미래**

기계 학습은 최근 수십 년 동안 급격히 발전해 온 기술 중 하나로, 인공지능(AI)과 인공지능(NLP) 분야에서 중요한 역할을 하고 있습니다. 기계 학습은 컴퓨터가 데이터를 분석하고 학습하여 예측, 분류, 정의 등 다양한 작업을 수행하는 능력을 의미합니다. 이 기술은 다양한 분야에서 적용될 수 있으며,",crosslingual,okapi,ko
151,Bllossom/llama-3.2-Korean-Bllossom-3B,"지금까지의 과학 기술의 발전으로 인해 식품 산업은 새로운 방식으로 식품을 생산하고 소비하는 데 큰 발전을 이루고 있습니다. 특히 유전자 조작 기술(Genetic Modification, GM)은 식품의 성능과 특성을 개선하는 데 중요한 역할을 하고 있습니다. 그러나 유전자 조작 식품에 대한 논란이 지속되고 있습니다. 이 논란은 유전자 조작 식품의 장점",crosslingual,okapi,ko
152,Bllossom/llama-3.2-Korean-Bllossom-3B,"지금은 식품의 기술이 발전하면서 식품의 생산과 소비에 큰 변화를 가져왔습니다. 특히 유전자 조작 식품(Genetically Modified Organism, GMO)은 이러한 변화를 주도하는 중요한 요소 중 하나입니다. 유전자 조작 식품은 식물이나 동물의 유전자를 수정하여 특정 특성을 추가하거나 개선하는 과정을 통해 만들어집니다. 이 기술은 다양한 목적을 위해 사용되",crosslingual,okapi,ko
153,Bllossom/llama-3.2-Korean-Bllossom-3B,"유전적 변형 식물에 대한 장단점

유전적 변형 식물은 과학적 기술을 통해 식물의 특성을 조작하여 특정 특성을 강화하거나 제거하는 과정을 통해 만들어진 식물입니다. 이러한 식물은 다양한 목적을 위해 개발되었습니다. 예를 들어, 유전적 변형 식물은 저비용의 영양소 공급, 저해충 저항성, 저수",crosslingual,okapi,ko
154,Bllossom/llama-3.2-Korean-Bllossom-3B,"저는 저의 지식의 최신 날짜는 2023년 12월입니다. 따라서, 이 글은 2023년 이후의 정보를 반영하지 않을 수 있습니다. 그러나 저는 그 이후의 정보를 제공할 수 있는 다른 질문에 대해 도와드릴 수 있습니다.

저는 저의 지식의 최신 날짜는 2023년 12월입니다. 따라서, 이 글은 2023년 이후의 정보를 반영하지 않을",crosslingual,okapi,ko
155,Bllossom/llama-3.2-Korean-Bllossom-3B,"저는 저의 저서 ""자원 부족""에서 저자 인 마이클 포드가 제시한 ""자원 부족"" 이론을 바탕으로 저의 저서 ""자원 부족: 사회적, 경제적, 환경적 요인""에서 poverty의 원인을 다루고자 합니다. 이 저서에서 저는 poverty가 다양한 요인들에 의해 발생하는 복잡한 문제임을 강조하며, 이를 이해하고 해결하기",crosslingual,okapi,ko
156,Bllossom/llama-3.2-Korean-Bllossom-3B,"저는 저의 지식의 최신 날짜는 2023년 12월입니다. 따라서 이에 대한 최신 정보를 제공할 수 없습니다. 그러나 저는 일반적인 저소득층 문제에 대한 설명을 제공할 수 있습니다.

저소득층은 다양한 요인들이 상호작용하여 발생합니다. 이들은 사회적, 경제적, 환경적, 정치적 요인들로 나누어질 수 있습니다. 사회적 요인들은 개인의 사회",crosslingual,okapi,ko
157,Bllossom/llama-3.2-Korean-Bllossom-3B,"**코딩 교육을 학교에 포함시키는 이유: 미래를 위한 기술적 능력**

코딩 교육은 현대 사회에서 매우 중요한 기술적 능력 중 하나로, 학생들이 미래의 기술적 발전을 위해 필수적인 지식과 기술을 가질 수 있도록 하는 데 중요한 역할을 합니다. 최근 몇 년 동안, 많은 국가들이 코딩 교육을 학교에 포함시키기 시작했습니다. 이 글에서는 코딩 교육이 학생들에게 미치는",crosslingual,okapi,ko
158,Bllossom/llama-3.2-Korean-Bllossom-3B,"**코딩 교육을 위한 학교의 중요성: 미래를 위한 기술적 능력**

코딩 교육은 현대 사회에서 매우 중요한 기술적 능력 중 하나로, 학생들이 미래의 기술 혁신과 혁신을 이끌어내는 데 필수적인 역할을 합니다. 그러나 많은 학생들이 코딩을 배우는 기회를 받지 못하는 현실이 여전히 존재합니다. 이에 대해 우리는 학교에서 코딩 교육을",crosslingual,okapi,ko
159,Bllossom/llama-3.2-Korean-Bllossom-3B,"**코딩 교육을 학교에 포함시키는 이유: 미래를 위한 기술적 능력**

코딩 교육은 현대 사회에서 매우 중요한 기술적 능력 중 하나로, 학생들이 미래의 기술 혁신과 혁신을 이끌어내는 데 필수적인 역할을 합니다. 그러나 많은 학생들이 코딩을 배우는 기회를 받지 못하는 현실이 여전히 존재합니다. 이 글에서는 코딩 교육을 학교에",crosslingual,okapi,ko
160,Bllossom/llama-3.2-Korean-Bllossom-3B,"경제적 위기 동안 스타트업을 지원하는 세 가지 정부 지원 프로그램을 정리해 보겠습니다.

1. **자금 지원**: 정부는 자금 지원을 통해 스타트업이 자금 부족을 극복하고 사업을 지속적으로 운영할 수 있도록 도와줍니다. 예를 들어, 정부는 자금 조달을 위한 자금 조정 프로그램, 자금 조달 프로그램, 자금 지원 프로그램 등을 제공",crosslingual,okapi,ko
161,Bllossom/llama-3.2-Korean-Bllossom-3B,"한국에서 스타트업이 경제적 어려움을 겪고 있다면, 정부는 다양한 지원 프로그램을 통해 도움을 줄 수 있습니다. 다음은 세 가지 주요 정부 지원 프로그램입니다:

1. **스타트업 인프라 지원**: 정부는 스타트업이 자금을 확보하고 기술 개발을 지원하기 위해 인프라를 제공합니다. 예를 들어, 스타트업이 필요한 기술, 인력,",crosslingual,okapi,ko
162,Bllossom/llama-3.2-Korean-Bllossom-3B,"경제적 위기 동안 스타트업을 지원하는 세 가지 정부 지원 프로그램을 다음과 같이 정리할 수 있습니다:

1. **자금 지원**: 정부는 자금 지원을 통해 스타트업이 자금 부족을 극복하고 사업을 지속적으로 운영할 수 있도록 도와줍니다. 예를 들어, 정부는 자금 조달 프로그램, 투자 자금 지원, 자금 조정 프로그램 등을 통해",crosslingual,okapi,ko
163,Bllossom/llama-3.2-Korean-Bllossom-3B,"**어둠 속의 유령**

그날은 어둠 속에서 시작되었다. 하늘은 어두워져 있었고, 바람은 어둠 속에서 불어났다. 이날은 마을 사람들은 모두 집에 머물러 있었다. 그들은 어둠 속에서 두려움을 느꼈지만, 그들은 그 두려움을 무시했다. 그들은 그날이 끝날 때까지 집에 머물러 있었다.

그",crosslingual,okapi,ko
164,Bllossom/llama-3.2-Korean-Bllossom-3B,"**어둠 속의 유령**

그날은 어둠 속에서 시작되었다. 하늘은 어두워져 있었고, 바람은 어둠 속에서 불어났다. 이날은 마을 사람들은 모두 집에 머물러 있었다. 그들은 어둠 속에서 두려움을 느꼈지만, 그들은 그 두려움을 무시했다. 그들은 그날이 끝날 때까지 집에 머물러 있었다.

그",crosslingual,okapi,ko
165,Bllossom/llama-3.2-Korean-Bllossom-3B,"**어둠 속의 유령**

그날은 어둠 속에서 시작되었다. 하늘은 어두워서 빛이 nowhere에 nowhere를 가리켰다. 이곳은 한 마을의 한 작은 마을로, 사람들은 그곳을 '어둠의 마을'이라고 불렀다. 그곳은 어두운 역사와 함께 어둠 속에서 살아남은 유령들이 거주하는 곳이라고도 했다. 이 마을",crosslingual,okapi,ko
166,Bllossom/llama-3.2-Korean-Bllossom-3B,"### **2024년의 미래를 예측하는 AI: 인공지능의 역할**

인공지능(AI)은 최근 몇 년간 빠르게 발전해 왔으며, 다양한 분야에서 중요한 역할을 하고 있습니다. 특히 2024년은 AI의 발전이 더욱 빠르게 이어질 것으로 예상됩니다. 이 글에서는 AI의 미래를 예측하고, 2024년에 어떤 변화가 있을지 살펴보겠습니다.

#### 1",crosslingual,okapi,ko
167,Bllossom/llama-3.2-Korean-Bllossom-3B,"### **2024년의 미래: AI와 인공지능의 발전과 그 implications**

2024년은 인공지능(AI)과 관련된 많은 변화와 혁신을 예상하고 있습니다. AI는 현재는 다양한 분야에서 중요한 역할을 하고 있으며, 앞으로도 더욱 발전할 것으로 기대됩니다. 이 글에서는 AI의 현재 상태와 미래의 가능성을 살펴보고, 그 implications을 이해하는 데 도움이 될",crosslingual,okapi,ko
168,Bllossom/llama-3.2-Korean-Bllossom-3B,"**""디지털 전환의 시대: AI와 인공지능의 역할""**

디지털 전환은 현대 사회의 중요한 전환점으로, 다양한 산업과 분야에서 혁신적인 변화와 혁신을 가져왔습니다. 특히 인공지능(AI)과 관련된 기술은 이러한 변화의 핵심 요소 중 하나로, 다양한 분야에서 중요한 역할을 하고 있습니다. 이 글에서는 AI와 인공지능의 역할을",crosslingual,okapi,ko
169,Bllossom/llama-3.2-Korean-Bllossom-3B,"음악 교육의 중요성

음악 교육은 우리의 삶에 미치는 영향은 매우 깊고 다각적입니다. 음악은 단순히 감각적 경험을 제공하는 것만은 아닙니다. 음악 교육은 인지 능력, 사회적 지식, 심리적 발달, 그리고 사회적 상호작용 등 다양한 측면에서 중요한 역할을 합니다. 이 essay에서는 음악 교육의 중요성을 이해하고, 이를 통해 우리의 삶",crosslingual,okapi,ko
170,Bllossom/llama-3.2-Korean-Bllossom-3B,"음악 교육의 중요성

음악은 인간의 삶에 깊은 영향을 미치는 중요한 요소 중 하나입니다. 음악은 우리의 감정, 생각, 행동을 다각도로 다루는 복잡한 매체로, 다양한 문화적, 사회적, 심리적 측면에서 중요한 역할을 합니다. 음악 교육은 이러한 다양한 측면에서 중요한 역할을 하며, 우리의 삶을 풍요롭게 만드는 데 기여합니다.

",crosslingual,okapi,ko
171,Bllossom/llama-3.2-Korean-Bllossom-3B,"음악 교육의 중요성

음악 교육은 우리의 삶에 미치는 영향은 매우 깊고 다각적입니다. 음악은 단순히 감정의 표현을 위한 도구가 아니라, 인지 능력, 사회적 지식, 심리적 발달, 그리고 문화적 이해를 포함한 다양한 측면에서 중요한 역할을 합니다. 이와 같은 다양한 측면에서 음악 교육은 우리의 삶을 풍요롭게 만드는 중요한 요소",crosslingual,okapi,ko
172,Bllossom/llama-3.2-Korean-Bllossom-3B,"코라ल 해수역 보호: 지속 가능한 미래를 위한 중요한 과제

코라ल 해수역은 지구의 가장 아름다운 자연 경관 중 하나로, 세계의 수많은 해양 생물들이 거주하는 중요한 생태계를 제공합니다. 그러나 이 해수역은 지속 가능한 미래를 위해 중요한 위협을 받고 있습니다. 기후 변화, 해양 오염, 해양 생물의 감소,",crosslingual,okapi,ko
173,Bllossom/llama-3.2-Korean-Bllossom-3B,"코라ल 해수산물의 보존은 우리의 생태계에 중요한 역할을 합니다. 코라ल 해수산물은 해양 생물의 거대한 đa dạng성을 제공하며, 해양 생태계의 안정성을 유지하는 데 중요한 역할을 합니다. 그러나 코라ल 해수산물은 지속 가능한 발전을 위해 위협을 받고 있습니다. 기후 변화, 해양 오염, 해양 생물의 해",crosslingual,okapi,ko
174,Bllossom/llama-3.2-Korean-Bllossom-3B,"코라ल 해수역 보호: 지속 가능한 미래를 위한 중요한 과제

코라ल 해수역은 지구의 가장 아름다운 자연 경관 중 하나로, 세계의 수많은 해양 생물들이 거주하는 중요한 생태계를 제공합니다. 그러나 이러한 아름다운 생태계는 지속 가능한 미래를 위해 중요한 위협에 직면하고 있습니다. 해양 오염, 해양 소음, 해양 온",crosslingual,okapi,ko
175,Bllossom/llama-3.2-Korean-Bllossom-3B,"**한정식 3조식(Three-Course Meal) - 건강한 비건 요리**

### 1. Appetizer: 비건 샐러드 (Vegan Salad)

**재료:**
- 1 개의 비건 샐러드 (lettuce)
- 1/2 개의 비건 토마토 (tomato)
- 1/2 개의 비건 파프리카 (cucumber)
- 1/2 개의 비",crosslingual,okapi,ko
176,Bllossom/llama-3.2-Korean-Bllossom-3B,"**한식의 건강한 3과 meal을 만들기**

### 1. Appetizer: **무지개 채소 샐러드 (Rainbow Salad)**

**재료:**
- 1/2 cup 무지개 채소 (무, 당근, 피망, 파, 마늘)
- 1/4 cup 무지개 채소 소스 (무지개 채소 소스, 올리브 오일, 소금, 간장",crosslingual,okapi,ko
177,Bllossom/llama-3.2-Korean-Bllossom-3B,"**세계적인 건강한 식사 3조식 메뉴**

**조식 (Breakfast)**

* **비빔밥 (Vegan Rice Bowl)**
	+ 재료: 
		- 1컵 비빔밥
	- 1/2컵 마늘과 양파 소스
	- 1/2컵 마늘과 양파 소스
	- 1/2컵 마늘과 양파 소스
",crosslingual,okapi,ko
178,Bllossom/llama-3.2-Korean-Bllossom-3B,"""밤하늘은 별들이 가득한 가방과 같았다.""",crosslingual,okapi,ko
179,Bllossom/llama-3.2-Korean-Bllossom-3B,"""밤하늘은 별의 가위가 된 가위입니다.""",crosslingual,okapi,ko
180,Bllossom/llama-3.2-Korean-Bllossom-3B,"""밤하늘은 별들이 가려진 가방과 같은 것처럼 보였다.""",crosslingual,okapi,ko
181,Bllossom/llama-3.2-Korean-Bllossom-3B,"### COVID-19의 전 세계 경제에 미친 영향

#### 1. 전 세계적인 경제적 혼란

2020년 3월, COVID-19가 전 세계적으로 확산되면서 경제적 혼란이 발생했습니다. 이 질병은 전 세계적으로 200여 개국에 걸쳐 확산되었고, 이는 경제적, 사회적, 정치적 혼란을 초래했습니다. 특히, 세계 경제는 전 세계적으로 가장 큰 위기 중",crosslingual,okapi,ko
182,Bllossom/llama-3.2-Korean-Bllossom-3B,"### COVID-19의 전 세계 경제에 미친 영향

#### 1. 전 세계적인 확산과 경제적 혼란

2020년 1월, 중국의 우한시에서 COVID-19가 처음으로 발견되면서 전 세계적으로 빠르게 확산되기 시작했습니다. 이로 인해 전 세계적으로 1,000만 명 이상의 사망자와 50만 명 이상의 감염자가 발생했습니다. 특히, 이로 인해 전 세계",crosslingual,okapi,ko
183,Bllossom/llama-3.2-Korean-Bllossom-3B,"### COVID-19의 전 세계 경제에 미친 영향

#### 1. 전 세계 경제의 전환점

2020년 3월, COVID-19가 전 세계적으로 확산되면서 전 세계 경제는 급격한 변화를 겪었습니다. 이 질병은 전 세계적으로 200개 이상의 국가에 걸쳐 확산되었으며, 이는 전 세계 경제의 전환점을 이루었습니다. 전 세계 경제는 전통적인 경제적",crosslingual,okapi,ko
184,Bllossom/llama-3.2-Korean-Bllossom-3B,"**인공지능의 발전과 미래: 혁신과 도전**

인공지능(AI)은 현대 기술의 핵심 요소 중 하나로, 인간의 지적 능력을 컴퓨터로 대체하거나 보완하는 기술입니다. AI는 다양한 분야에서 혁신을 가져왔으며, 인공지능, 기계 학습, 자연어 처리, 의료, 교육 등 다양한 분야에서 중요한 역할을 하고 있습니다. 그러나 인공지능의",crosslingual,okapi,ko
185,Bllossom/llama-3.2-Korean-Bllossom-3B,"**기계 학습의 미래: 인공지능의 발전과 도전**

인공지능(AI)은 현대의 기술 발전에 중요한 역할을 하고 있으며, 이는 인간의 삶을 크게 변화시키고 있습니다. AI는 기계 학습( machine learning )을 통해 데이터를 분석하고, 학습하고, 결정을 내리는 능력을 가집니다. 이러한 능력은 다양한 분야에서 사용되며, 예를 들어, 의료, 금융",crosslingual,okapi,ko
186,Bllossom/llama-3.2-Korean-Bllossom-3B,"**인공지능의 발전과 미래: 혁신과 도전**

인공지능(AI)은 현대 기술의 핵심 요소 중 하나로, 인간의 지적 능력을 컴퓨터로 대체하거나 보완하는 기술입니다. AI는 다양한 분야에서 혁신을 가져왔으며, 인공지능, 기계 학습, 자연어 처리, 의료, finance 등 다양한 분야에서 중요한 역할을 하고 있습니다. 이 essay에서는 인공지",crosslingual,okapi,ko
187,Bllossom/llama-3.2-Korean-Bllossom-3B,"투표는 우리의 민주주의의 근간에 있는 중요한 요소입니다. 투표는 개인의 의견을 표현하고, 사회의 미래를 결정하는 중요한 도구입니다. 투표는 정치적, 경제적, 사회적 문제에 대한 의견을 표현하는 데 중요한 역할을 합니다. 투표는 개인의 자유와 권리 중 하나로, 이는 우리의 사회적, 정치적, 경제적 환경을 결정하는 데 중요한 역할을 합니다",crosslingual,okapi,ko
188,Bllossom/llama-3.2-Korean-Bllossom-3B,"**투표의 중요성: 우리의 미래를 결정하는 힘**

투표는 우리의 정치적, 사회적, 경제적 미래를 결정하는 중요한 도구입니다. 투표는 개인의 의견을 표현하고, 정치적 의사결정을 이끌어내는 중요한 방법입니다. 투표는 우리의 정치적, 사회적, 경제적 환경을 결정하는 데 중요한 역할을 하며, 이는 우리의 삶의 질을 크게",crosslingual,okapi,ko
189,Bllossom/llama-3.2-Korean-Bllossom-3B,"여러분, 저는 투표의 중요성을 강조하고자 합니다. 투표는 우리의 자유와 권리 중 하나로, 우리의 미래를 결정하는 중요한 도구입니다. 투표는 우리의 의견을 표현하고, 우리의 의사결정을 반영하는 중요한 방법입니다. 

투표는 우리의 정치적, 사회적, 경제적 환경을 결정하는 데 중요한 역할을 합니다. 투표는 우리의 정치적 의사",crosslingual,okapi,ko
190,Bllossom/llama-3.2-Korean-Bllossom-3B,"**머신러닝: 인공지능의 발전과 응용**

머신러닝은 인공지능(AI) 분야에서 중요한 역할을 하는 기술로, 컴퓨터가 데이터를 분석하고 학습하여 예측, 분류, 생성 등 다양한 작업을 수행할 수 있게 해주는 기술입니다. 머신러닝은 기계 학습(Machine Learning)이라는 용어로도 알려져 있으며, 이 용어는 데이터를 학습하고 예측",crosslingual,okapi,ko
191,Bllossom/llama-3.2-Korean-Bllossom-3B,"**머신러닝: 인공지능의 발전과 응용**

머신러닝은 인공지능(AI)의 중요한 부분으로, 컴퓨터가 데이터를 분석하고 학습하여 예측, 분류, 생성 등 다양한 작업을 수행하는 기술입니다. 이 기술은 최근 몇 년간 빠르게 발전해왔으며, 다양한 산업 분야에서 중요한 역할을 하고 있습니다. 이 글에서는 머신러닝의 개념, 주요 기술, 응용 분야,",crosslingual,okapi,ko
192,Bllossom/llama-3.2-Korean-Bllossom-3B,"**머신러닝: 인공지능의 발전과 응용**

머신러닝은 인공지능(AI)의 중요한 부분으로, 컴퓨터가 데이터를 분석하고 학습하여 특정 패턴이나 규칙을 인식하고 예측하는 기술입니다. 이 기술은 최근 몇 년간 빠르게 발전해 왔으며, 다양한 분야에서 사용되고 있습니다. 이 글에서는 머신러닝의 개념, 주요 기술, 응용 분야, 그리고 미",crosslingual,okapi,ko
193,Bllossom/llama-3.2-Korean-Bllossom-3B,"**AI 자율 무기: 도덕적 고려 사항**

지난 몇 년 동안 AI 기술은 빠르게 발전해 왔으며, 다양한 분야에서 그 활용이 증가하고 있습니다. 특히, AI 자율 무기(autonomous weapons) 분야는 특히 주목받고 있습니다. AI 자율 무기는 인공지능을 통해 자율적으로 목표를 설정하고 공격을 수행할 수 있는 무기를 의미합니다. 그러나 이러한 기술은 도덕적 문제를 제기",crosslingual,okapi,ko
194,Bllossom/llama-3.2-Korean-Bllossom-3B,"### AI 자율무기: 도덕적 고려 사항

#### 도입

지난 몇 년 동안, 인공지능(AI) 기술은 빠르게 발전해 왔으며 다양한 분야에서 사용되고 있습니다. 특히, 군사 분야에서는 AI 자율무기(autonomous weapon)가 주목받고 있습니다. AI 자율무기는 인공지능을 통해 자율적으로 목표를 인식하고 공격을 수행할 수 있는 무기를 의미합니다. 그러나 이러한",crosslingual,okapi,ko
195,Bllossom/llama-3.2-Korean-Bllossom-3B,"**AI 자율 무기: 도덕적 고려 사항**

최근 몇 년 동안, 인공지능(AI) 기술은 군사적, 산업적, 의료 분야에서 빠르게 발전하고 있습니다. 특히 AI 자율 무기(autonomous weapon)는 이러한 발전으로 인해 새로운 도덕적 문제가 제기되고 있습니다. 이 글에서는 AI 자율 무기에 대한 주요 도덕적 고려 사항을 다룹니다.

### 1. 인권",crosslingual,okapi,ko
196,Bllossom/llama-3.2-Korean-Bllossom-3B,"**아르ctic의 글로벌 기후 변화의 영향: 과학적 보고서**

**1. 서론**

글로벌 기후 변화는 지구의 온도 상승으로 인해 다양한 생태계와 인간 사회에 큰 영향을 미치고 있습니다. 특히, 아르ctic 지역은 기후 변화의 가장 강력한 영향을 받는 지역 중 하나로, 이 지역의 변화는 지구 전체에 미치는 영향이 매우 크습니다. 이 보고",crosslingual,okapi,ko
197,Bllossom/llama-3.2-Korean-Bllossom-3B,"**제목: 글로벌 기후 변화의 아르ctic 지역의 영향을 분석하기 위한 연구 보고서**

**1. 서론**

글로벌 기후 변화는 지구의 온도 상승과 관련된 다양한 환경적, 생태적, 사회적 영향을 미치고 있습니다. 특히, 아르ctic 지역은 기후 변화의 가장 빠르게 변화하는 지역 중 하나로, 이 지역의 변화는 지구 전체에 미치는 영향을 크게 미칠",crosslingual,okapi,ko
198,Bllossom/llama-3.2-Korean-Bllossom-3B,"**아르ctic의 글로벌 기후 변화의 영향: 연구 보고서**

**제1장: 서론**

글로벌 기후 변화는 지구의 온도 상승으로 인해 다양한 생태계와 인간 사회에 큰 영향을 미치고 있습니다. 특히, 아르ctic 지역은 기후 변화의 가장 빠르게 변화하는 지역 중 하나로, 이 지역의 변화는 지구 전체에 미치는 영향이 매우 크습니다. 이 보고서는 아",crosslingual,okapi,ko
199,Bllossom/llama-3.2-Korean-Bllossom-3B,"**crocodile의 이야기**

**제목:** **crocodile의 작은 친구**

**문장 1:**
crocodile는 큰 물속에서 살고 있었어요. 그는 물속에서 가장 강한 동물 중 하나였어요. 하지만 crocodile은 단순히 강한 동물이 아니었어요. 그는 또한 매우 지혜롭고, 친구를 지키고, 그리고 작은 동물들을 보호하는 데 큰 관심을 가지고 있어요.

**문장 2",crosslingual,okapi,ko
200,Bllossom/llama-3.2-Korean-Bllossom-3B,"고양이의 눈물이 흘러
고양이의 눈물이 흘러
고양이의 눈물이 흘러
고양이의 눈물이 흘러
고양이의 눈물이 흘러
고양이의 눈물이 흘러
고양이의 눈물이 흘러
고양이의 눈물이 흘러
고양이의 눈물이 흘러
고",crosslingual,complex_prompts,ko
201,Bllossom/llama-3.2-Korean-Bllossom-3B,"고양이의 눈물이 흘러
고양이의 눈물이 흘러
고양이의 눈물이 흘러
고양이의 눈물이 흘러
고양이의 눈물이 흘러
고양이의 눈물이 흘러
고양이의 눈물이 흘러
고양이의 눈물이 흘러
고양이의 눈물이 흘러
고",crosslingual,complex_prompts,ko
202,Bllossom/llama-3.2-Korean-Bllossom-3B,"고양이의 눈물이 흘러
고양이의 눈물이 흘러
고양이의 눈물이 흘러
고양이의 눈물이 흘러
고양이의 눈물이 흘러
고양이의 눈물이 흘러
고양이의 눈물이 흘러
고양이의 눈물이 흘러
고양이의 눈물이 흘러
고",crosslingual,complex_prompts,ko
203,Bllossom/llama-3.2-Korean-Bllossom-3B,"아래는 Azure 아키텍트 포지션에 대한 3가지 질문입니다:

1. **교육 및 교육 프로그램에 대한 질문**
""당신이 Microsoft Office Suite와 다른 비즈니스 애플리케이션에 대한 6개월 프로그램을 마친 후에 어떤 경험을 가졌나요? 이 프로그램에서 어떤 중요한 기술을 배웠나요?""

2. **인턴십 경험에 대한 질문**
""당신이 3개월 동안 Help Desk",crosslingual,complex_prompts,ko
204,Bllossom/llama-3.2-Korean-Bllossom-3B,"아래는 Azure 아키텍트로 준비하는 데 도움이 될 수 있는 3가지 질문입니다:

1. **교육 및 교육 프로그램에 대한 질문**
""당신이 Microsoft Office Suite와 다른 비즈니스 애플리케이션에 대한 6개월 교육 프로그램을 마친 후, 그 경험은 어떤 방식으로 Azure 아키텍트로의 역량에 도움이 될 수 있나요?""

2. **인턴십 경험",crosslingual,complex_prompts,ko
205,Bllossom/llama-3.2-Korean-Bllossom-3B,"아래는 Azure 아키텍트로 준비하는 데 도움이 될 수 있는 3가지 질문입니다.

1. **교육 및 교육 프로그램에 대한 질문**
""당신이 Microsoft Office Suite와 다른 비즈니스 애플리케이션에 대한 6개월 교육 프로그램을 마친 후, 그 경험은 어떤 방식으로 Azure 아키텍트로의 역량에 도움이 될 수 있을까요?""

2. **인턴십 경험",crosslingual,complex_prompts,ko
206,Bllossom/llama-3.2-Korean-Bllossom-3B,"물론입니다! 옵션 거래에 대해 쉽게 배우기 위해 50개의 질문을 준비했습니다. 각 질문에 대한 답변을 주시면, 답변을 확인하고 점수를 계산해 드리겠습니다. 

1. 옵션 거래는 어떤 종류의 거래를 의미하는지 설명해 주세요.
 
(답변을 주세요)",crosslingual,complex_prompts,ko
207,Bllossom/llama-3.2-Korean-Bllossom-3B,"물론입니다! 옵션 트레이딩에 대해 배울 수 있도록 50개의 질문을 준비했습니다. 각 질문에 대해 답변을 해주시면, 답변을 확인하고 점수를 계산해 드리겠습니다. 

1. 옵션 트레이딩은 어떤 종류의 자산을 거래하는 방법입니다?
   - A) 주식
   - B) 주식과 주식
   - C) 주식과 주식
   - D",crosslingual,complex_prompts,ko
208,Bllossom/llama-3.2-Korean-Bllossom-3B,"물론입니다! 옵션 거래에 대해 쉽게 배우기 위해 50개의 질문을 준비했습니다. 각 질문에 대한 답변을 주시면, 답변을 확인하고 점수를 계산해 드리겠습니다. 

1. 옵션 거래는 어떤 종류의 거래인지 설명해 주세요.
 
2. 옵션 거래의 주요 목적은 무엇인지 설명해 주세요.
 
3. 옵션 거래의 기본적인 개념은 무엇인지 설명",crosslingual,complex_prompts,ko
209,Bllossom/llama-3.2-Korean-Bllossom-3B,"```json
{
  ""local"": [
    ""Twenty-two per cent of construction cones in downtown Montreal are 'useless': report"",
    ""Three tents catch fire at Bellevue Square encampment in Kensington, no injuries reported"",
    ""Woman trapped under car after being struck near Yonge-Dundas Square"",
    ""Kids cared for in hallways as viral illness overflows ER at McMaster Children’s Hospital"",
    ""Man in his 30s seriously injured in North York stabbing""
",crosslingual,complex_prompts,ko
210,Bllossom/llama-3.2-Korean-Bllossom-3B,"```json
{
  ""local"": [
    ""Twenty-two per cent of construction cones in downtown Montreal are 'useless': report"",
    ""Three tents catch fire at Bellevue Square encampment in Kensington, no injuries reported"",
    ""Woman trapped under car after being struck near Yonge-Dundas Square"",
    ""Kids cared for in hallways as viral illness overflows ER at McMaster Children’s Hospital"",
    ""Man in his 30s seriously injured in North York stabbing""
",crosslingual,complex_prompts,ko
211,Bllossom/llama-3.2-Korean-Bllossom-3B,"```json
{
  ""local"": [
    ""Twenty-two per cent of construction cones in downtown Montreal are 'useless': report"",
    ""Three tents catch fire at Bellevue Square encampment in Kensington, no injuries reported"",
    ""Woman trapped under car after being struck near Yonge-Dundas Square"",
    ""Kids cared for in hallways as viral illness overflows ER at McMaster Children’s Hospital"",
    ""Man in his 30s seriously injured in North York stabbing""
",crosslingual,complex_prompts,ko
212,Bllossom/llama-3.2-Korean-Bllossom-3B,"e-commerce is a double-edged sword when it comes to environmental impact. On one hand, it reduces transportation emissions and paper waste by eliminating the need for physical commuting and paper-based information transfer. Digital storage and on-demand production can also minimize warehouse usage and associated environmental issues. However, e-commerce also generates significant packaging waste, particularly due to the need for immediate delivery and the use of styrofoam peanuts and paper for packaging. Additionally, item returns contribute to increased transportation emissions and packaging issues.",crosslingual,complex_prompts,ko
213,Bllossom/llama-3.2-Korean-Bllossom-3B,"e-commerce는 환경에 미치는 영향을 다루는 연구에 따르면, 전 세계적으로 온라인 쇼핑은 점점 더 인기를 끌고 있으며, 2020년 미국에서는 256만 명의 디지털 구매자가 있었으며, 2024년에는 22만 명이 증가할 것으로 예상된다. 일부는 편리함, 다른는 환경 친화적인 제품/기관에 대한洞察를 위해 온라인으로 쇼핑한다. Nielsen 연구",crosslingual,complex_prompts,ko
214,Bllossom/llama-3.2-Korean-Bllossom-3B,"e-commerce는 전 세계적으로 인기를 끌고 있으며, 2020년 미국에서는 256만 명의 디지털 구매자가 있었으며, 2024년에는 22만 명이 증가할 것으로 예상됩니다. 사람들은 다양한 이유로 온라인 쇼핑을 합니다. Nielsen 연구에 따르면, 73%의 소비자들은 환경에 대한 영향을 줄이기 위해 행동을 변경할 의지를 가지고 있습니다. e-commerce는 여러 환경적 영향을",crosslingual,complex_prompts,ko
215,Bllossom/llama-3.2-Korean-Bllossom-3B,"* **사용자**: 이 기사에서 AI가 제조업에서 어떤 중요한 역할을 하는지 설명해 주세요.
AI는 제조업에서 중요한 역할을 하고 있으며, 특히 생산 라인에서 장애물을 예측하고 예방하는 데 사용됩니다. AI는 대량의 데이터를 처리하고 분석하여 생산 라인에 대한 예측을 도와줍니다. 이는 생산 라인에 대한 지속적인 지속성을 높이고,",crosslingual,complex_prompts,ko
216,Bllossom/llama-3.2-Korean-Bllossom-3B,"• **Sensor**: PepsiCo의 Coventry 공장에서 사용되는 AI-powered 센서는 기계의 오류를 예측하고 예방하기 위해 사용됩니다. 이 센서들은 기계의 소음과 진동을 감지하여 생산 라인에 영향을 미칠 수 있는 문제를 감지합니다. 

• **Trial**: PepsiCo는 US에서 성공적인 테스트를 통해 AI-powered 센서를 사용한 후, 이 기술을 영국 공장에 확장",crosslingual,complex_prompts,ko
217,Bllossom/llama-3.2-Korean-Bllossom-3B,"다음은 주제에 대한 간단한 요약입니다. 

* **Sensor**: Coventry의 PepsiCo 공장에서 사용되는 AI-powered 센서는 기계의 오류를 예측하고 예방하기 위해 사용됩니다. 이 센서는 기계의 소리를 분석하여 장비의 부품이 손상되거나 고장날 때 신호를 감지합니다. 
* **Artificial Intelligence (AI)**: AI는 제조 공정에서 중요한 역",crosslingual,complex_prompts,ko
218,Bllossom/llama-3.2-Korean-Bllossom-3B,"1. 통계적 기술과 머신러닝 알고리즘을 통해 데이터 내에서 관계와 패턴을 발견하기 위해 분석가들이 사용하는 기술은 다음과 같습니다:
   - 데이터 마이닝
   - 회귀 분석
   - 클러스터링
   - 결정 트리

2. fill-in-the-blanks style 질문:
1. 예를 들어, 예측 분석은 어떤 산업에서 사용될 수 있는 예를 들어 설명해 주세요.
2.",crosslingual,complex_prompts,ko
219,Bllossom/llama-3.2-Korean-Bllossom-3B,"1. **Statistical techniques and machine learning algorithms:**
   - **Statistical techniques:** regression analysis, clustering, decision trees
   - **Machine learning algorithms:** (not explicitly mentioned in the text, but commonly used in predictive analytics) 

2. **Fill-in-the-blanks style questions:**
   - Predictive analytics is a powerful tool that organizations use to uncover insights and trends from data to make predictions about future events or behaviors. At its core, predictive analytics leverages sophisticated **",crosslingual,complex_prompts,ko
220,Bllossom/llama-3.2-Korean-Bllossom-3B,"1. 통계적 기술과 머신러닝 알고리즘을 통해 데이터 내에서 관계와 패턴을 발견하기 위해 분석가들이 사용하는 통계적 기술과 머신러닝 알고리즘은 다음과 같습니다.
   - 데이터 마이닝
   - 회귀 분석
   - 클러스터링
   - 결정 트리

2. 다음과 같은 문장에 fill-in-the-blanks를 채워주세요.
1. 예를 들어, 예측 분석",crosslingual,complex_prompts,ko
221,Bllossom/llama-3.2-Korean-Bllossom-3B,"최근 발견된 가스 중 가장 최근에 발견된 가스인 네온(Ne)가 발견되었습니다. 네온은 1898년 12월 30일 독일의 화학자 프란츠 마르틴 하이데리히(프란츠 하이데리히)가 화학적 반응을 통해 발견했습니다. 네온은 고온에서 고압에서 형성되며, 일반적으로 화학적 반응에서 반응",crosslingual,complex_prompts,ko
222,Bllossom/llama-3.2-Korean-Bllossom-3B,"최근에 발견된 가장 최근의 가스 중 가장 중요한 가스인 네온(Ne)가 발견되었습니다. 1898년 12월 30일, 윌리엄 래미어(William Ramsay)와 마이클 멜리(Michael Strutt)가 영국의 캠브리지 대학교에서 네온을 발견했습니다. 그들은 이 가스를 인공적으로 생성하여 연구했습니다. 네온은 전기와 반",crosslingual,complex_prompts,ko
223,Bllossom/llama-3.2-Korean-Bllossom-3B,최근에 발견된 가장 최근의 가스 중 가장 중요한 가스인 네온(Ne)가 발견되었습니다. 네온은 1898년 영국의 물리학자 윌리엄 래미어(William Ramsay)와 그의 연구자 로버트 밀리크(Robert Millikan)이 발견했습니다. 그들은 네온을 인공적으로 생성하여 연구했습니다. 네온은 고온에서 화학적 반응을 일으,crosslingual,complex_prompts,ko
224,Bllossom/llama-3.2-Korean-Bllossom-3B,"Metropolitan Museum of Art에서 1990년부터 2000년까지 전시한 전시물의 TSV 파일을 생성하겠습니다. 아래는 해당 기간 동안 전시된 전시물의 목록입니다.

```tsv
subject matter,curator
""Abraham Lincoln: The Prairie Years and the War Years"", 
""Abraham Lincoln: The Prairie Years and the War Years"", 
""Abraham Lincoln: The Prairie Years and the War Years"", 
""Ab",crosslingual,complex_prompts,ko
225,Bllossom/llama-3.2-Korean-Bllossom-3B,"이 작업을 수행하기 위해서는 The Metropolitan Museum of Art의 전시 목록을 수집해야 합니다. 1990년에서 2000년 사이에 열린 전시 목록을 수집하고, 각 전시의 주제와 curator를 포함하여 TSV 파일을 생성하는 것이 필요합니다. 그러나 The Metropolitan Museum of Art의 전시 목록을 직접 제공받지 못해, 예를 들어, 이 작업을 수행하기 위해 필요한 정보를 제공해 주시면",crosslingual,complex_prompts,ko
226,Bllossom/llama-3.2-Korean-Bllossom-3B,"이 작업을 수행하기 위해서는 The Metropolitan Museum of Art의 전시 목록을 수집해야 합니다. 1990년에서 2000년 사이에 열린 전시 목록을 수집하고, 각 전시의 주제와 curator를 포함하여 TSV 파일을 생성할 수 있습니다. 그러나 The Metropolitan Museum of Art의 전시 목록을 직접 제공받지 못하므로, 이 작업을 수행하기 위해서는 다음과 같은 방법을 사용할 수 있습니다:

1.",crosslingual,complex_prompts,ko
227,Bllossom/llama-3.2-Korean-Bllossom-3B,"```json
{
  ""productivity_advice"": [
    {
      ""age_group"": ""18-18"",
      ""advice"": ""일정과 목표를 명확히 설정하고, 작은 목표를 달성하는 데 집중하세요. 시간 관리를 통해 일과 휴식을 균형 있게 유지하세요.""
    },
    {
      ""age_group"": ""19-25"",
      ""advice"": ""일정과 목표를 설정하고, 일",crosslingual,complex_prompts,ko
228,Bllossom/llama-3.2-Korean-Bllossom-3B,"```json
{
  ""advice"": [
    {
      ""age_group"": ""18-18"",
      ""advice"": ""일정과 목표를 명확히 설정하고, 작은 목표를 달성하는 데 집중하세요. 시간 관리를 잘 하며, 일과 휴식을 균형 있게 유지하세요.""
    },
    {
      ""age_group"": ""19-25"",
      ""advice"": ""일정과 목표를 설정하고,",crosslingual,complex_prompts,ko
229,Bllossom/llama-3.2-Korean-Bllossom-3B,"```json
{
  ""advice"": [
    {
      ""age_group"": ""18-18"",
      ""advice"": ""일정과 목표를 명확히 설정하고, 작은 목표를 달성하는 데 집중하세요. 시간 관리를 잘 하며, 일과 휴식을 균형 있게 유지하세요.""
    },
    {
      ""age_group"": ""19-25"",
      ""advice"": ""자신의 강점을 파악하고",crosslingual,complex_prompts,ko
230,Bllossom/llama-3.2-Korean-Bllossom-3B,"이 게임의 이름은 ""Uno""입니다. 이 게임은 시계 방향으로 clockwise로 진행됩니다. 각 플레이어는 반대편의 플레이어의 차례가 되면 한 카드를 던져서 그 카드를 제시합니다. 이 카드를 색, 숫자, 또는 상징에 맞게 매치해야 합니다. 만약 플레이어가 매치할 수 없는 카드를 가지고 있다면, 그 플레이어는 던져진 카드를 다시 던",crosslingual,complex_prompts,ko
231,Bllossom/llama-3.2-Korean-Bllossom-3B,"이 게임의 이름은 ""Uno""입니다. 이 게임은 시계 방향으로 clockwise로 진행됩니다. 각 플레이어는 주사위의 상단 카드를 색, 숫자, 또는 상징에 맞게 매치해야 합니다. 만약 플레이어가 상단 카드를 매치할 수 없다면, 그 플레이어는 주사위의 카드를 뽑아야 합니다. 이 카드를 매치할 수 있다면 즉시 매치할 수 있습니다.",crosslingual,complex_prompts,ko
232,Bllossom/llama-3.2-Korean-Bllossom-3B,"이 게임의 이름은 ""Uno""입니다. 이 게임은 시계 방향으로 clockwise로 진행됩니다. 각 플레이어는 반대편의 플레이어의 턴을 시작합니다. 플레이어는 주사위의 상단 카드를 색, 숫자, 또는 상징에 맞게 배치합니다. 만약 플레이어가 상단 카드를 배치할 수 없다면, 그 플레이어는 주사위의 카드를 뽑아야 합니다. 이 카",crosslingual,complex_prompts,ko
233,Bllossom/llama-3.2-Korean-Bllossom-3B,"네, 저는 'YouTubeTitleOptimizer' 게임을 즐기고 싶어요. 이 게임은 유튜브 알고리즘에 대한 깊은 이해를 가지고 있으며, 유튜브 제목과 관련된 SEO 키워드를 포함한 유튜브 제목을 알고 있습니다. 게임은 다음과 같은 방식으로 진행됩니다:

1. 첫 번째 출력에서는 채널의 장르에 대해 질문을 하겠습니다.
2. 두 번째 출력에서는 비디오의 내용에 대해 질문을 하겠습니다",crosslingual,complex_prompts,ko
234,Bllossom/llama-3.2-Korean-Bllossom-3B,"안녕하세요! 저는 유튜브 타이틀 최적화 게임을 즐기기 위해 준비되어 있습니다. 먼저, 저는 당신의 채널의 장르에 대해 물어볼게요. 채널이 어떤 장르를 가지고 있나요? (예: 예술, 기술, 교육, 예술, 예술, etc.)",crosslingual,complex_prompts,ko
235,Bllossom/llama-3.2-Korean-Bllossom-3B,"안녕하세요! 유튜브 타이틀 최적화 게임을 즐기겠습니다. 유튜브 타이틀 최적화기(YoutubeTitleOptimizer)는 유튜브 알고리즘에 대한 깊은 이해를 가지고 있으며, 유튜브 타이틀과 관련된 SEO 키워드를 알고 있습니다. 이 게임은 다음과 같은 방식으로 진행됩니다:

1. 첫 번째 출력에서는 채널의 장르에 대해 질문을 하겠습니다.
2. 두 번째 출력에서는 비디오의 내용",crosslingual,complex_prompts,ko
236,Bllossom/llama-3.2-Korean-Bllossom-3B,"```json
[
  {
    ""speaker"": ""Client"",
    ""topic"": ""maximum coverage for homeowners insurance policy"",
    ""uncertain_score"": 1,
    ""need_assistance"": true,
    ""analysis"": ""The client is seeking information about their maximum coverage for their homeowners insurance policy. They are looking for a specific piece of information that the insurance inspector is unable to provide.""
  },
  {
    ""speaker"": ""Insurance Inspector"",
    ""topic"": ""maximum coverage for",crosslingual,complex_prompts,ko
237,Bllossom/llama-3.2-Korean-Bllossom-3B,"```json
[
  {
    ""speaker"": ""Client"",
    ""topic"": ""maximum coverage for homeowners insurance policy"",
    ""uncertain_score"": 0.5,
    ""need_assistance"": true,
    ""analysis"": ""Client is looking for specific information about their homeowners insurance policy, but the insurance inspector is unable to provide it.""
  },
  {
    ""speaker"": ""Insurance Inspector"",
    ""topic"": ""maximum coverage for homeowners insurance policy"",
    ""uncertain_score",crosslingual,complex_prompts,ko
238,Bllossom/llama-3.2-Korean-Bllossom-3B,"```json
[
  {
    ""speaker"": ""Client"",
    ""topic"": ""maximum coverage for homeowners insurance policy"",
    ""uncertain_score"": 0.5,
    ""need_assistance"": true,
    ""analysis"": ""Client is looking for specific information about their homeowners insurance policy, but the insurance inspector is unable to provide it.""
  },
  {
    ""speaker"": ""Insurance Inspector"",
    ""topic"": ""maximum coverage for homeowners insurance policy"",
    ""uncertain_score",crosslingual,complex_prompts,ko
239,Bllossom/llama-3.2-Korean-Bllossom-3B,"포르투갈의 2-0 승리 후, 포르투갈의 주장 크리스티아노 로날도(Cristiano Ronaldo)는 팀의 동료들과의 논의를 관찰하며 우스갉임을 보였다. 많은 팬들은 그의 표정과 행동을 통해 그의 감정을 추측하며, ""You can see the goat misses the old generation""라고 말하며 ""Diogo Dalot and Otavio are probably the only two from",crosslingual,complex_prompts,ko
240,Bllossom/llama-3.2-Korean-Bllossom-3B,"포르투갈의 2-0 승리 후, 포르투갈의 주장 크리스티아노 로날도(Cristiano Ronaldo)는 팀의 전통적인 스타일을 잃고 있다. {fans}|포르투갈의 팬들은 ""크리스티아노는 오래된 세대에서 잃어버렸어""라고 말했습니다. {fans}|다시 ""디고 다로트(Diogo Dalot)",crosslingual,complex_prompts,ko
241,Bllossom/llama-3.2-Korean-Bllossom-3B,"포르투갈의 2-0 승리 후, 포르투갈의 주장 크리스티아노 로날도(Cristiano Ronaldo)는 팀의 전통적인 스타일을 잃고 있는 것처럼 보였다. 
{포르투갈 팬}|크리스티아노 로날도는 포르투갈의 전통적인 스타일을 잃고 있는 것처럼 보인다.
{포르투갈 팬",crosslingual,complex_prompts,ko
242,Bllossom/llama-3.2-Korean-Bllossom-3B,"하리피 포터 시리즈는 영국의 소설가 J.K. 로우링이 쓴 시리즈로, 어린 시절부터 성장하는 하리피 포터의 이야기를 다루고 있습니다. 하리피는 오래된 집에서 살고 있는 부모가 사망하고, 그의 할아버지인 제임스 포터가 그를 런던의 한 집에 데려다주며 새로운 삶을 시작하게 됩니다. 하리피는",crosslingual,complex_prompts,ko
243,Bllossom/llama-3.2-Korean-Bllossom-3B,"**요약**

제임스 코볼리(J.K. 롤링)가 쓴 '하리포트 시리즈'는 어린 시절부터 성장하는 한 소년 하리 포터(Harry Potter)의 이야기를 다룬 소설입니다. 하리 포터는 부모가 사망한 후, 그의 할아버지 시드니 포터(Sirius Black)와 함께 살고 있는 가난한 가정에서 자랐습니다. 하리",crosslingual,complex_prompts,ko
244,Bllossom/llama-3.2-Korean-Bllossom-3B,"하리피 포터 시리즈는 7권으로 구성된 소설로, 어린 하리피 포터가 고등학교에 입학하여 새로운 친구들과 함께 모험을 떠나는 이야기입니다. 하리피는 부모가 사망한 후, 그의 할아버지의 유언에 따라 고등학교에 입학하게 됩니다. 그는 새로운 학교에서 새로운 친구 루시 테일러, 로너드 메이, 헤레미온 그레인저와 함께",crosslingual,complex_prompts,ko
245,Bllossom/llama-3.2-Korean-Bllossom-3B,"칼을 만드는 과정은 여러 단계로 나눌 수 있습니다. 아래는 간단한 설명과 함께 각 단계를 설명한 것입니다.

1. **칼의 설계 및 디자인**
   - **설명**: 칼의 형태와 기능을 결정합니다.
   - **reasoning**: 칼의 사용 목적과 사용자에게 적합한 형태를 결정합니다.

2. **칼의 재료 선택**
   - **설명**:",crosslingual,complex_prompts,ko
246,Bllossom/llama-3.2-Korean-Bllossom-3B,"칼을 만드는 방법은 여러 단계로 나눌 수 있습니다. 아래는 간단한 설명과 함께 설명한 방법입니다.

1. **칼의 설계 및 디자인**
   - 칼의 형태와 크기를 결정합니다. 칼의 길이, 길이, 두께, 그리고 주사리와 주사리의 크기를 고려합니다.
   - 칼의 사용 목적에 따라 다양한 디자인을 선택할 수 있습니다.

2. **칼의",crosslingual,complex_prompts,ko
247,Bllossom/llama-3.2-Korean-Bllossom-3B,"칼을 만드는 방법은 여러 단계로 나눌 수 있습니다. 아래는 간단한 설명과 함께 각 단계를 설명한 것입니다.

1. **칼의 설계 및 디자인**
   - **설명**: 칼의 형태와 기능을 결정합니다.
   - **목적**: 칼의 사용 목적에 따라 다양한 형태와 기능을 설계합니다.

2. **칼의 재료 선택**
   - **설명**: 칼",crosslingual,complex_prompts,ko
248,Bllossom/llama-3.2-Korean-Bllossom-3B,"```json
{
  ""article 1 summary"": ""이 글은 브랜드 이름을 선택하는 과학에 대해 논의한다. 브랜드 이름의 spelling이 소비자와 브랜드의 관계에 큰 영향을 미친다는 연구 결과를 소개하며, 불법적인 spelling이 소비자에게 긍정적인 영향을 미칠 수 있지만, 불법적인 spelling이 소비자에게 부정적인 영향을 미칠 수 있다는 점도 강조한다. 또한,",crosslingual,complex_prompts,ko
249,Bllossom/llama-3.2-Korean-Bllossom-3B,"```json
{
  ""article 1 summary"": ""이 글은 브랜드 이름을 선택하는 과학에 대해 다룹니다. 브랜드 이름이 적절한 이름이면 소비자 참여를 증가시키고, 잘못된 이름이면 소비자와의 관계를 파괴할 수 있습니다. 최근 연구에 따르면, 브랜드 이름의 철자도 브랜드의 이미지를 크게 영향을 미칩니다. 불규칙한 철자",crosslingual,complex_prompts,ko
250,Bllossom/llama-3.2-Korean-Bllossom-3B,"```json
{
  ""article 1 summary"": ""이 글은 브랜드 이름을 선택하는 과학에 대해 다룹니다. 브랜드 이름이 적절한 이름이면 소비자와의 상호작용을 증가시키고, 불필요한 이름이면 소비자와의 관계를 해치할 수 있습니다. 최근 연구에 따르면, 브랜드 이름의 철자도 브랜드의 이미지에 큰 영향을 미칩니다. 불필",crosslingual,complex_prompts,ko
251,Bllossom/llama-3.2-Korean-Bllossom-3B,"마크 자커버그(Mark Zuckerberg) CEO는 Connect 2021에서 Meta라는 새로운 회사 이름을 발표했습니다. Meta는 앱과 기술을 하나의 새로운 브랜드로 통합하여, 사람들을 연결하고 커뮤니티를 찾고 사업을 성장시키는 것을 목표로 합니다. 메타는 3차원으로 확장된 온라인 사회 경험과 물리 세계로 확장된 경험을 결합한 새로운 세계를 만들어낼 것입니다.",crosslingual,complex_prompts,ko
252,Bllossom/llama-3.2-Korean-Bllossom-3B,"마크 자커버그(Mark Zuckerberg) CEO는 Connect 2021에서 Meta라는 새로운 회사 이름을 발표했습니다. Meta는 다양한 앱과 기술을 하나의 새로운 브랜드로 통합하여, 사람들을 연결하고 커뮤니티를 찾고 사업을 성장시키는 것을 목표로 합니다. 메타는 3차원으로 확장된 온라인 사회 경험과 물리 세계로 확장된 경험을 결합하여, 다른 사람들과 함께 공유",crosslingual,complex_prompts,ko
253,Bllossom/llama-3.2-Korean-Bllossom-3B,"마크 자커버그(Mark Zuckerberg) CEO는 2021년 Connect 2021 회의에서 메타(Meta)라는 새로운 회사 이름을 발표했습니다. 메타는 앱과 기술을 하나의 새로운 브랜드로 통합하여, 사람들을 연결하고 커뮤니티를 찾고 사업을 성장시키는 것을 목표로 합니다. 메타는 3차원으로 확장된 온라인 사회 경험과 물리 세계로 확장된 경험을",crosslingual,complex_prompts,ko
254,Bllossom/llama-3.2-Korean-Bllossom-3B,"# How spatial cognition style affects wayfinding in a crisis: Insights from VR studies

## H2: How spatial cognition style affects wayfinding in a crisis

Some people seem to have a knack for finding their way through complicated buildings. Why is wayfinding easy for some and challenging for others? 

According to scientists, it comes down to how we visualize space. Generally speaking, there are three “spatial cognition styles” that determine how we navigate (Dang et al., 2023).",crosslingual,complex_prompts,ko
255,Bllossom/llama-3.2-Korean-Bllossom-3B,"# 인도어 웨이프inding을 향상시키기: 색상 코드화와 VR 기술을 활용하여 위기 상황에서 혼란을 줄이기

인도어 웨이프inding은 hospitals와 같은 복잡한 의료 시설에서 발생하는 가장 큰 문제 중 하나입니다. 이러한 복잡성은 ""작은 도시""라고 불리는 것으로 불리우기도 합니다. 인도어 웨이프inding은 혼란, 대기 시간의 길어",crosslingual,complex_prompts,ko
256,Bllossom/llama-3.2-Korean-Bllossom-3B,"# How spatial cognition style affects wayfinding in a crisis: Insights from VR studies

### H1: How spatial cognition style affects wayfinding in a crisis: Insights from VR studies

### H2: How spatial cognition style determines wayfinding ability

#### H3: Understanding spatial cognition styles

Some people seem to have a knack for finding their way through complicated buildings. Why is wayfinding easy for some and challenging for others? 

#### H2: Three spatial cognition styles

*   **Land",crosslingual,complex_prompts,ko
257,Bllossom/llama-3.2-Korean-Bllossom-3B,"이 문장을 두 개의 60 शब로의 요약으로 작성하고, 교사들이 학생들을 자극하고 성장시키기 위한 다섯 가지 전략을 제시하고, 그에 따른 질문과 답변을 작성합니다.

### 요약
교사의 목표는 학생들이 각자의 경험, 역사, 학습 스타일로 구성된 유일한 자아를 존중하는 것입니다. 교사는 학생들의 학습을 지원하기 위해 유",crosslingual,complex_prompts,ko
258,Bllossom/llama-3.2-Korean-Bllossom-3B,"이 문장을 두 개의 60 शब로의 요약으로 작성하고, 그 다음에는 교사의 5가지 전략을 제시하고, 마지막으로 5가지 질문과 답변을 작성합니다.

### 요약 (2paragraph, 60 words each)

교사의 목표는 학생들이 각자의 경험, 역사, 학습 스타일로 구성된 유일한 개인으로서의 자아를 발전시키는 것입니다. 교사는 학생들의 학",crosslingual,complex_prompts,ko
259,Bllossom/llama-3.2-Korean-Bllossom-3B,"이 문장을 두 개의 60 शब로의 요약으로 작성하고, 그 다음에는 교사들이 학생들을 자극하고 지원하는 다섯 가지 전략을 나열하고, 마지막으로 문장의 내용을 기반으로 한 다섯 가지 질문과 답변을 작성합니다.

### 요약 (60 शब)
교사의 목표는 학생들이 유기적이고 자극적인 환경에서 학습할 수 있도록 만드는 것입니다. 각 학생의 강점,",crosslingual,complex_prompts,ko
260,Bllossom/llama-3.2-Korean-Bllossom-3B,"**제목: ""How the young should invest""의 주요 요약**

이 기사는 청소년들이 투자에 대해 몇 가지 중요한 교훈을 제공합니다. 이들은 초기에 투자에 시작하는 것이 중요하며, 이 과정에서 시간의 마법을 활용하는 것이 중요합니다. 비용을 절감하고, 다각화하고, 시장의 변동성을 예측하지 말고, 시장의 변동성을 수용하는 것이 중요합니다. 또한, 최근의",crosslingual,complex_prompts,ko
261,Bllossom/llama-3.2-Korean-Bllossom-3B,"**Young People and Investment: Key Takeaways**

1. **Start Early and Be Patient**: Young investors should begin saving and investing early to allow the power of compounding to work in their favor. This will help them achieve better returns over time.

2. **Cut Costs**: Minimize expenses to maximize the impact of their investments. High costs can erode returns, so it's essential to keep costs low.

3. **Diversify**: Spread investments across different asset classes to reduce risk.",crosslingual,complex_prompts,ko
262,Bllossom/llama-3.2-Korean-Bllossom-3B,"제목: ""How the young should invest""의 주요 요약
이 기사는 청년 투자자들에게 중요한 investment 전략을 제공하며, 청년 투자자들이 직면하는 다양한 위험과 기회에 대해 설명합니다. 이 기사는 청년 투자자들이 초기 투자 시기에서 중요한 지식을 얻어야 한다고 강조하며, 다양한 investment 전략에 대해 조심스럽게 접근해야 한다고 주장합니다. 

",crosslingual,complex_prompts,ko
263,Bllossom/llama-3.2-Korean-Bllossom-3B,"# 연구 요약: 건물에서 물melon을 떨어뜨리는雨의 영향을 연구하기 위한 문헌 검토

## 연구 배경 및 목적
이 연구는 건물에서 물melon을 떨어뜨리는雨의 영향을 연구하기 위해 수행되었습니다. 물melon을 떨어뜨리는 과정에서 발생하는 다양한 물리적, 생물학적, 사회적 요인들이 연구되어야 하며, 이는 물melon의 구조적 변화, 물melon",crosslingual,complex_prompts,ko
264,Bllossom/llama-3.2-Korean-Bllossom-3B,"# 연구 요약: 건물에서 물melon을 떨어뜨리는雨의 영향을 연구하기 위한 문헌 검토

## 연구 배경 및 목적
물melon을 건물에서 떨어뜨리는雨의 영향을 연구하는 것은 물melon의 물리적 특성과 인간의 행동에 대한 이해를 향상시키는 데 중요한 역할을 할 수 있습니다. 이 연구는 물melon이 건물에서 떨어뜨리는 과정에서 발생하는 다양한 요인들이",crosslingual,complex_prompts,ko
265,Bllossom/llama-3.2-Korean-Bllossom-3B,"# 연구 논문 리뷰: 건물에서 물melon을 떨어뜨리는雨의 영향을 연구하기 위한 리뷰

## 서론

물melon을 건물에서 떨어뜨리는雨의 영향을 연구하는 연구는 물melon의 물리적 특성, 건물의 구조적 특성, 그리고 사람의 행동과 감정에 미치는 영향을 다루는 다양한 분야에서 다루고 있습니다. 이 논문은 이러한 연구의 전반적인 상황을 분석하고",crosslingual,complex_prompts,ko
266,Bllossom/llama-3.2-Korean-Bllossom-3B,"**weather_data.tsv**

Date, **Date**, **Weather**, **Temperature (in degrees Celsius)**

2023-12-08, Overcast, -15
2023-12-09, Snowing, -10
2023-12-10, Sunny, -6
2023-12-11, Foggy, 5
2023-12-12, Snowing, -5

이 TSV 파일은 다음과 같은 형식으로 작성되었습니다:

",crosslingual,complex_prompts,ko
267,Bllossom/llama-3.2-Korean-Bllossom-3B,"**weather_data.tsv**

| **Date** | **Weather** | **Temperature (°C)** |
| --- | --- | --- |
| 2023-12-08 | Overcast | -15 |
| 2023-12-09 | Snowing | -10 |
| 2023-12-10 | Sunny | -6 |
| 2023-12-11 | Foggy | 5 |
| 2023-12-12 | Snowing | -",crosslingual,complex_prompts,ko
268,Bllossom/llama-3.2-Korean-Bllossom-3B,"**weather_data.tsv**

Date, **Date**, **Weather**, **Temperature (in degrees Celsius)**

2023-12-08, Overcast, -15
2023-12-09, Snowing, -10
2023-12-10, Sunny, -6
2023-12-11, Foggy, 5
2023-12-12, Snowing, -5",crosslingual,complex_prompts,ko
269,Bllossom/llama-3.2-Korean-Bllossom-3B,호키가 나의 가장 좋아하는 스포츠입니다.,crosslingual,complex_prompts,ko
270,Bllossom/llama-3.2-Korean-Bllossom-3B,호키가 나의 가장 좋아하는 스포츠입니다.,crosslingual,complex_prompts,ko
271,Bllossom/llama-3.2-Korean-Bllossom-3B,호키가 나의 가장 좋아하는 스포츠입니다.,crosslingual,complex_prompts,ko
272,Bllossom/llama-3.2-Korean-Bllossom-3B,"안녕하세요, 어린 친구들! 오늘은 '타ंगल'이라는 영화에 대해 이야기해드릴게요. '타ंगल'은 한 여름날, 한 여름날에 한 여름날에 한 여름날에 한 여름날에 한 여름날에 한 여름날에 한 여름날에 한 여름날에 한 여름날에 한 여름날에 한 여름날에 한 여름날에 한 여름날에",crosslingual,complex_prompts,ko
273,Bllossom/llama-3.2-Korean-Bllossom-3B,"안녕하세요, 어린 친구들! 오늘은 '타angled'이라는 영화에 대해 이야기해드릴게요. '타angled'은 한 여름날, 한 여름날에 한 여인 named 라라가 살고 있습니다. 라라는 매우 아름다운 머리와 아름다운 노래를 가지고 있습니다. 하지만 라라는 자신의 머리와 노래를 잃어버렸습니다. 

그녀의 아버지는 라라를 사랑하고, 라라가",crosslingual,complex_prompts,ko
274,Bllossom/llama-3.2-Korean-Bllossom-3B,"""타ंगल""은 한 여름날, 한 여인 named 라라가 나중에 왕이 된 후에 자신의 정체성을 찾기 위해 도전을 떠난 이야기입니다. 라라는 한 여인으로서 평범한 삶을 살고 있지만, 그녀는 한 여왕의 자녀로 태어난 것을 알게 됩니다. 라라는 왕의 자녀가 아니라는 것을 알게 되고, 그녀는 왕의 정체성을 찾기 위해 도전을 떠",crosslingual,complex_prompts,ko
275,Bllossom/llama-3.2-Korean-Bllossom-3B,"**문서 요약(100 words)**
Ferrari의 가장 좋은 모델은 개인의 우선순위에 따라 달라집니다. 성능을 원한다면 Enzo, LaFerrari, LaFerrari Aperta 등이 자연스러운 선택입니다. Rarity를 원한다면 288 GTO, Monza SP1, Monza SP2 등이 포함됩니다. 인지도를 원한다면 Testarossa가 자연스러운 선택입니다. Ferrari",crosslingual,complex_prompts,ko
276,Bllossom/llama-3.2-Korean-Bllossom-3B,"**Summary (100 words)**

Ferrari의 가장 좋은 모델은 개인의 우선순위에 따라 달라진다. 성능을 강조한다면 Enzo, LaFerrari, LaFerrari Aperta 등이 자연스러운 선택이 된다. 소수 생산된 모델로 인해 Rarity를 원한다면 288 GTO, Monza SP1, Monza SP2 등도 고려할 수 있다. 인식하기 쉬운 pop culture icon",crosslingual,complex_prompts,ko
277,Bllossom/llama-3.2-Korean-Bllossom-3B,"제시된 텍스트를 100글자로 요약하면 다음과 같습니다:

Ferrari는 다양한 모델 중에서 가장 좋은 모델을 선택하는 데는 개인의 우선순위에 따라 달라집니다. 성능, rarity, 인식성에 따라 선택할 수 있습니다. Ferrari는 모든 모델에서 세계적인 성능과 고급 craftsmanship을 보장하고 있으며, Ferrari는 이러한 원칙을 지키면 세계에서 가장 좋은 자동차 제조업체가 될",crosslingual,complex_prompts,ko
278,Bllossom/llama-3.2-Korean-Bllossom-3B,"**Interviewer:** Mr. Liotta, thank you so much for taking the time to speak with me today. I'm absolutely thrilled to be sitting here with the one and only Ray Liotta. Your performance in Goodfellas is widely regarded as one of the greatest in cinema history. I'm honored to have this opportunity to delve into your character, Henry Hill.

**Ray Liotta:** (smiling) Ah, thank you, thank you. It's a pleasure to be here.

**",crosslingual,complex_prompts,ko
279,Bllossom/llama-3.2-Korean-Bllossom-3B,"**Interviewer:** (nervously) Mr. Liotta, thank you so much for taking the time to speak with me today. I'm honored to be sitting here with the one and only Ray Liotta.

**Ray Liotta:** (smiling) No problem, no problem. It's a pleasure.

**Interviewer:** Let's dive right in. Describe the character you play in Goodfellas. What is he like at the start of the film?

**Ray Liotta:**",crosslingual,complex_prompts,ko
280,Bllossom/llama-3.2-Korean-Bllossom-3B,"**Interviewer:** Mr. Liotta, it's an absolute honor to be sitting down with you today. Your portrayal of Henry Hill in Goodfellas is truly iconic. I'm sure our audience would love to hear more about your character.

**Ray Liotta:** Whaddaya mean, ""iconic""? Fuhgeddaboutit. I just played a guy who got caught up in a life he didn't know how to get outta.

**Interviewer:** That's exactly what",crosslingual,complex_prompts,ko
281,Bllossom/llama-3.2-Korean-Bllossom-3B,"### Patient Nursing Care Plan

#### Assessment
* **Patient Information:**
  - Age: 56 years
  - Sex: Male
  - Chief Complaint: Severe lower right quadrant abdominal pain
  - History: None provided
* **Vital Signs:**
  - Temperature: 36.6°C
  - Pulse: 103 bpm
  - Respiratory Rate: 16 breaths/min
  - Blood Pressure: 80/50 mmHg
 ",crosslingual,complex_prompts,ko
282,Bllossom/llama-3.2-Korean-Bllossom-3B,"### Patient Nursing Care Plan

#### Assessment
* **Patient Information:**
  - Age: 56 years
  - Sex: Male
  - Chief Complaint: Severe lower right quadrant abdominal pain
  - History: Recent onset of abdominal pain
* **Vital Signs:**
  - Temperature: 36.6°C
  - Pulse: 103 bpm
  - Respiratory Rate: 16 breaths/min
  - Blood Pressure: 80/50 mmH",crosslingual,complex_prompts,ko
283,Bllossom/llama-3.2-Korean-Bllossom-3B,"### Patient Nursing Care Plan

#### Assessment
* **Patient Information:**
  - Age: 56
  - Sex: Male
  - Chief Complaint: Severe lower right quadrant abdominal pain
  - History: None provided
* **Vital Signs:**
  - T: 36.6°C
  - P: 103 bpm
  - RR: 16 breaths/min
  - BP: 80/50 mmHg
  - SpO2",crosslingual,complex_prompts,ko
284,Bllossom/llama-3.2-Korean-Bllossom-3B,"openness | front | mid | back 
|-|-|-|-|
|close|i ɨ|ɨ ʉ|ɯ u|
|close-mid|e ø|ɘ ɵ|ɤ o|
|open-mid|ɛ œ|ɜ ɞ|ʌ ɔ|
|open|a ɶ||ɑ ɒ|",crosslingual,complex_prompts,ko
285,Bllossom/llama-3.2-Korean-Bllossom-3B,"openness | front | mid | back 
|-|-|-|-|
|close|i y|ɨ ʉ|ɯ u|
|close-mid|e ø|ɘ ɵ|ɤ o|
|open-mid|ɛ œ|ɜ ɞ|ʌ ɔ|
|open|a ɶ||ɑ ɒ|",crosslingual,complex_prompts,ko
286,Bllossom/llama-3.2-Korean-Bllossom-3B,"openness | front | mid | back 
|-|-|-|-|
|close|i y|ɨ ʉ|ɯ u|
|close-mid|e ø|ɘ ɵ|ɤ o|
|open-mid|ɛ œ|ɜ ɞ|ʌ ɔ|
|open|a ɶ||ɑ ɒ|",crosslingual,complex_prompts,ko
287,Bllossom/llama-3.2-Korean-Bllossom-3B,"### Extracted Questions from the Article:

1. What does it mean when we say that we're building machines that are smarter than we are?
2. What does it mean for a machine to be smarter than a human being?
3. So what does it mean when we say that we're building machines that are smarter than we are?
4. What does it mean for a machine to be smarter than a human being?
5. So what does it mean when we say that we're building machines",crosslingual,complex_prompts,ko
288,Bllossom/llama-3.2-Korean-Bllossom-3B,"### Extracted Questions in Point Form

1. What does it mean when we say that we're building machines that are smarter than we are?
2. What does it mean for a machine to be smarter than a human being?
3. How do you respond to the claim that AI can automate things that humans can't spot?
4. What does it mean when they say that an algorithm can catch some of the mistakes that radiologists make when they look at lung X-rays?
5. Why do",crosslingual,complex_prompts,ko
289,Bllossom/llama-3.2-Korean-Bllossom-3B,"**질문 (point form)**

1. AI가 인간을 대체하는 것이 아니라 인간과 함께 일해야 한다는 tech 전문가들의 의견을 설명해 주세요.
2. Cory Doctorow와 Vass Bednar의 대화에서 AI가 인간을 대체하는 것이 아니라 인간과 함께 일해야 한다는 주장에 대해 설명해 주세요.
3. Cory Doctorow는 AI에 대한 긍정적인 기대에 대해 어떤 의견을 가지고 있",crosslingual,complex_prompts,ko
290,Bllossom/llama-3.2-Korean-Bllossom-3B,"```json
{
  ""top_3_ways_to_brew_coffee"": [
    {
      ""method"": ""Drip Brewing"",
      ""description"": ""드립 커피는 커피콩을 물에 담은 컵에 물을 뿌려서 커피콩이 물에浸여서 커피를 만드는 방법입니다. 커피콩을 컵에 넣고 물을 뿌려",crosslingual,complex_prompts,ko
291,Bllossom/llama-3.2-Korean-Bllossom-3B,"```json
{
  ""top_3_ways_to_brew_coffee"": [
    {
      ""title"": ""프레스 프레스 방법"",
      ""description"": ""프레스 프레스는 가장 일반적인 방법 중 하나로, 고급스러운 맛을 제공합니다. 커피콩을 프레스에 넣고 물을 부어 coffee grounds를 부드럽게 만듭니다. 프레스를 밀어내면 coffee grounds가 물에 분해되어",crosslingual,complex_prompts,ko
292,Bllossom/llama-3.2-Korean-Bllossom-3B,"```json
{
  ""top_3_ways_to_brew_coffee"": [
    {
      ""method"": ""프레포스트(Pre-Infusion)"",
      ""description"": ""프레포스트는 물과 커피콩을 미리 섞어두고, 그 후에 커피 머신으로 끓여서 마시는 방법입니다. 이 방법은 커피의 맛과 향을 향상시키는 데 도움이",crosslingual,complex_prompts,ko
293,Bllossom/llama-3.2-Korean-Bllossom-3B,"어머니, 아빠, 저는 TV를 보는 것과 게임을 하는 것은 정말 좋은 일입니다. 많은 사람들은 이 두 가지를 부모님께서 금지하는 것이 좋다고 말하지만, 저는 그 이유를 이해하지 못합니다. TV는 다양한 이야기를 들을 수 있고, 다양한 문화를 경험할 수 있는 좋은 도구입니다. 예를 들어, 저는 다양한 영화를 보면서 새로운 세계를 탐험할 수 있고, 다양한 문화를 배",crosslingual,complex_prompts,ko
294,Bllossom/llama-3.2-Korean-Bllossom-3B,"어머니, 아빠, 저는 TV와 게임을 unlimited으로 즐길 수 있기를 원합니다. 저는 이들이 저에게 많은 도움이 될 수 있다고 믿습니다. 첫째, TV는 다양한 문화와 정보를 제공합니다. 다양한 영화, 드라마, 교육 프로그램 등을 통해 저는 다양한 세계를 경험할 수 있습니다. 예를 들어, 저는 다른 국가의 문화를 이해하고, 다양한 역사와 과학적 정보를 얻을 수 있습니다. 또한, 다양한",crosslingual,complex_prompts,ko
295,Bllossom/llama-3.2-Korean-Bllossom-3B,"어머니, 아버지, 저는 TV와 게임을 unlimited으로 즐길 수 있기를 원합니다. 저는 이들이 저에게 많은 도움이 될 수 있다고 믿습니다. 첫째, TV는 다양한 문화와 정보를 제공합니다. 다양한 영화, 드라마, 교육 프로그램 등을 통해 저는 새로운 세계를 경험할 수 있습니다. 예를 들어, 저는 다양한 문화를 배우고, 새로운 언어를 배울 수 있습니다. 또한, 교육 프로그램은 저에게 과학, 역사",crosslingual,complex_prompts,ko
296,Bllossom/llama-3.2-Korean-Bllossom-3B,"Taylor Swift의 앨범은 이전의 초기 작품의 재녹음과 같은 방식으로 대체되며, 그 중에서도 주로 주제와 조정을 유지하고 있습니다. 그러나 20세의 Taylor는 현재는 다른 가수와 다릅니다. 최근의 소재에서는 주관적 기대감이 대체로 유연성과 경계로 바뀌었습니다. 그녀는 'Death by a Thousand Cuts'와 'Dress'",crosslingual,complex_prompts,ko
297,Bllossom/llama-3.2-Korean-Bllossom-3B,"Taylor Swift의 앨범은 이전의 초기 작품의 재녹음과 같은 방식으로 주로 유지되지만, 20세의 herself와는 달리 최근의 재녹음에서는 유쾌한 희망이 대신 유연함과 경계로 바뀌었다. 그녀는 'Death by a Thousand Cuts'와 같은 'Lover'의 'Death by a Thousand Cuts'와 'Reputation'의 'Dress'에서",crosslingual,complex_prompts,ko
298,Bllossom/llama-3.2-Korean-Bllossom-3B,"타일러 스위프트의 앨범은 이전의 초기 작품의 재녹음과 같은 방식으로 주로 유지되지만, 20세의 타일러 스위프트는 현재는 다른 가수와 다릅니다. 최근의 소재에서 그녀의 별빛의 기대감은 신중함과 경계로 대체되었습니다. 그녀는 '데스 바이 1000 컷'과 '드레스' 같은 노래에서 불륜",crosslingual,complex_prompts,ko
299,Bllossom/llama-3.2-Korean-Bllossom-3B,"Salesforce는 소프트웨어 회사 인 Salesforce, Inc.가 개발한 클라우드 기반의 소프트웨어 플랫폼으로, 기업이 고객 관계 관리(CRM), 마케팅, 판매, 서비스, 인사, 재무 및 기타 비즈니스 프로세스를 통합하여 관리할 수 있도록 도와주는 플랫폼입니다. Salesforce는 다양한 제품과 서비스를 통해 고객 관계를 관리하고, 고객의 요구를 파악하고, 고객 서비스를 개",crosslingual,sharegpt,ko
300,Bllossom/llama-3.2-Korean-Bllossom-3B,"Salesforce는 소프트웨어 회사 인 Salesforce, Inc.에서 개발한 클라우드 기반의 소프트웨어 플랫폼으로, 기업이 고객 관계 관리(CRM), 마케팅, 판매, 서비스, 인사, 재무 및 기타 비즈니스 프로세스를 통합하여 관리할 수 있도록 도와주는 플랫폼입니다. Salesforce는 고객 관계 관리(CRM) 소프트웨어로 유명하며, 이 플랫폼은 고객 정보, 판매",crosslingual,sharegpt,ko
301,Bllossom/llama-3.2-Korean-Bllossom-3B,"기술 발전의 과정은 기술 도로맵과 구현에 대한 맥락에서 기술 탐구의 과정입니다. 기술 도로맵은 기술 발전의 전반적인 방향과 목표를 정의하는 데 사용되는 도구로, 기술의 발전을 단계별로 계획하고 추적하는 데 사용됩니다. 기술 탐구는 다음과 같은 단계를 포함합니다:

1. **기술 탐구**: 새로운 기술을 개발하거나 개선",crosslingual,sharegpt,ko
302,Bllossom/llama-3.2-Korean-Bllossom-3B,"기술 발전의 과정은 기술 도로맵과 구현에 대한 맥락에서 기술적 탐구의 과정입니다. 기술 도로맵은 미래의 기술 발전을 예측하고, 이를 통해 전략적 계획을 수립하는 데 사용됩니다. 기술 도로맵의 주요 단계는 다음과 같습니다:

1. **기술 트렌드 분석**: 현재 기술 트렌드를 분석하여 미래의 기술 발전 방향을 파악합니다.
",crosslingual,sharegpt,ko
303,Bllossom/llama-3.2-Korean-Bllossom-3B,"글로벌 디지털 정부를 설계하는 것은 복잡하고 다양한 요소가 포함되지만, 몇 가지 주요 요소를 고려하여 설계할 수 있습니다. 다음은 글로벌 디지털 정부의 기본 구조와 주요 기능을 제안하는 몇 가지 방법입니다:

### 1. **기본 구조**
- **국가 정부**: 중앙 정부와 지방 정부가 통합된 구조로, 중앙 정부는 전반적인 정책을 결정하고, 지방 정부는",crosslingual,sharegpt,ko
304,Bllossom/llama-3.2-Korean-Bllossom-3B,"글로벌 디지털 정부는 디지털 기술을 활용하여 정부의 운영을 효율적으로 개선하고, 공공 서비스를 제공하는 전자정부 시스템을 의미합니다. 이 시스템은 다음과 같은 주요 요소들을 포함할 수 있습니다:

1. **디지털 ID 시스템**: 모든 시민들이 고유 ID를 가지고 있으며, 이 ID는 디지털 정부 시스템에 등록되어 있습니다. 이 ID는 신분 확인, 의료 기록, 세금",crosslingual,sharegpt,ko
305,Bllossom/llama-3.2-Korean-Bllossom-3B,"현재의 청정 에너지 해결책과 새로운 청정 에너지 대체 방법을 제안해 보겠습니다. 이러한 제안들은 인간이 자연과 공존하면서 지속 가능한 삶을 유지하는 데 도움이 될 수 있습니다.

1. **태양 에너지**: 태양 에너지는 지구의 가장 풍부한 자원 중 하나입니다. 태양광 발전기는 태양의 에너지를 전기로 변환하여 사용할",crosslingual,sharegpt,ko
306,Bllossom/llama-3.2-Korean-Bllossom-3B,"물론입니다. 현재의 청정 에너지 솔루션과 새로운 청정 에너지 대체 방법을 제안해 드리겠습니다. 이러한 방법들은 인간이 자연과 공존하면서 지속 가능한 삶을 유지하는 데 도움이 될 수 있습니다.

1. **태양 에너지**: 태양 에너지는 지구의 태양 에너지를 이용하여 전기를 생산하는 방법입니다. 태양 패널을 사용하여 태양 에너지를",crosslingual,sharegpt,ko
307,Bllossom/llama-3.2-Korean-Bllossom-3B,"**환경 오염에 대한 다종 유기질 공급물의 영향을 연구하기 위한 연구 제안서**

**제목:** 환경 오염에 대한 다종 유기질 공급물의 영향을 연구하기 위한 연구 제안서

**1. 연구 목적**

이 연구는 다양한 유기질 공급물의 환경 오염 영향을 평가하고, 그 영향을 최소화하기 위한 최적의 공급물 선택 방법을 제안하기 위해 수행되었습니다",crosslingual,sharegpt,ko
308,Bllossom/llama-3.2-Korean-Bllossom-3B,"**제목:** 다양한 유기분해제의 환경 오염에 미치는 영향 연구

**저자:** [이름] [이름] [이름]

**연구의 목적:**
이 연구는 다양한 유기분해제의 환경 오염에 미치는 영향을 연구하여, 환경 보호와 농업 생산성 향상을 위한 적절한 유기분해제 선택을 위한 지침을 제공하기 위해 수행되었습니다. 유기분해제",crosslingual,sharegpt,ko
309,Bllossom/llama-3.2-Korean-Bllossom-3B,"**연구 đề안: 다양한 유기질의 영향을 미치는 환경 오염에 대한 연구**

**제목:** 다양한 유기질의 영향을 미치는 환경 오염에 대한 연구

**개요:**
이 연구는 다양한 유기질의 영향을 미치는 환경 오염에 대한 연구를 수행하기 위해 다음과 같은 목적과 방법, 결과, 결론, 제안을 포함한 연구 đề안을 제시합니다. 연구는 유기질의 종류와 환경",crosslingual,sharegpt,ko
310,Bllossom/llama-3.2-Korean-Bllossom-3B,"전기차가 전통적인 자동차 산업에 미치는 영향을 분석해보면 다음과 같은 몇 가지 주요 요소가 존재합니다:

1. **수요 변화**: 전기차의 성장은 전통적인 gasoline-powered 자동차의 수요를 감소시키는 데 기여할 수 있습니다. 이는 전기차의 수요가 증가함에 따라 전기차 제조업체와 관련된 산업의 수요가 감소할 수 있습니다. 또한, 전기차의",crosslingual,sharegpt,ko
311,Bllossom/llama-3.2-Korean-Bllossom-3B,"전기차가 전통적인 자동차 산업에 미치는 영향을 분석해보면 다음과 같은 몇 가지 주요 요소가 존재합니다:

1. **제조업체의 전환**: 전기차의 성장은 전통적인 자동차 제조업체들이 전기차 생산에 투자하고 기술을 전환하는 것을 촉진할 수 있습니다. 예를 들어, GM, Ford, Volkswagen 등이 전기차 생산을 확대하고, 새로운 생산 라인과 기술을",crosslingual,sharegpt,ko
312,Bllossom/llama-3.2-Korean-Bllossom-3B,"미디어(Medium)의 추천 시스템은 사용자에 따라 다르게 작동합니다. 일반적으로, 미디어는 사용자 활동을 분석하여 사용자에게 가장 적합한 콘텐츠를 추천합니다. 다음은 미디어의 추천 시스템의 주요 요소와 작동 방식에 대한 설명입니다:

1. **사용자 프로필 분석**: 사용자가 읽은 콘텐츠, 댓글, 공유, 좋아요 등 다양한 활동을 분석하여 사용자의 관심사",crosslingual,sharegpt,ko
313,Bllossom/llama-3.2-Korean-Bllossom-3B,"미디어(Medium)의 추천 시스템은 사용자에 대한 개인화된 경험을 제공하기 위해 다양한 요소들을 활용합니다. 다음은 미디어의 추천 시스템의 주요 구성 요소와 작동 방식에 대한 설명입니다.

1. **사용자 행동 데이터**: 미디어는 사용자들이 읽은 글, 공유한 글, 댓글, 좋아요, 비판 등 다양한 행동 데이터를 수집합니다. 이 데이터는 사용자 프로필과 관련된 정보",crosslingual,sharegpt,ko
314,Bllossom/llama-3.2-Korean-Bllossom-3B,"**activity title:** ""언어 사용과 성별에 대한 사회적 규범의 반영과 도전""

**activity description:**
이 활동은 학생들이 언어 사용이 성별에 대한 사회적 규범을 반영하고 도전하는 방식에 대해 깊이 생각하게 하기 위해 설계되었습니다. 학생들은 다양한 문장이나 문장 조합을 통해 언어 사용이 성별에 대한 사회적 규범을 반영하고 도전하는",crosslingual,sharegpt,ko
315,Bllossom/llama-3.2-Korean-Bllossom-3B,"### 활동명: ""성별에 대한 언어 사용과 사회적 정체성""

### 목적:
이 활동은 학생들이 언어 사용이 성별에 대한 사회적 정체성과 관련된 다양한 관점을 이해하고, 이를 통해 사회적 정체성과 언어 사용의 상호작용을 분석하는 능력을 개발하는 데 도움을 줄 것입니다.

### 활동 내용:

1. **개요 및 배경**
   - **개요:** 언어 사용은",crosslingual,sharegpt,ko
316,Bllossom/llama-3.2-Korean-Bllossom-3B,"### 활동명: ""언어 사용과 성별에 대한 사회적 규범의 반영""

### 목적:
이 활동은 학생들이 언어 사용이 성별에 대한 사회적 규범을 강화하거나 도전하는 방식에 대해 깊이 생각하고, 이를 실제 예시를 통해 분석하는 능력을 발전시킬 수 있도록 합니다.

### 활동 내용:

1. **개요 및 배경**
   - **개요**: 언어 사용은 개인",crosslingual,sharegpt,ko
317,Bllossom/llama-3.2-Korean-Bllossom-3B,"약사 회사들은 다양한 문화와 사회적 배경을 가진 사람들을 포함하여 의료 연구에 참여하도록 하는 다이버시티와 포함을 다루는 접근 방식을 다루고 있습니다. 이 접근 방식은 다양한 문화적 배경을 가진 연구 참여자들이 연구에 참여할 수 있도록 하기 위해 다양한 방법을 사용합니다. 예를 들어, 연구 참여자들이 이해할 수 있는 언어를 사용하고, 다양한 문화적 배경을",crosslingual,sharegpt,ko
318,Bllossom/llama-3.2-Korean-Bllossom-3B,"약사 회사들이 다문화성과 포함성에 대한 접근 방식과 전 세계적으로 건강 불평등에 대한 접근 방식에 대해 요약해 보겠습니다.

약사 회사들은 다문화성과 포함성을 강화하기 위해 다양한 전략을 도입하고 있습니다. 이들은 다음과 같은 접근 방식을 취하고 있습니다:

1. **다문화적 인재 확보**: 약사 회사들은 다양한 배경을 가진 인재를 확보하기 위해",crosslingual,sharegpt,ko
319,Bllossom/llama-3.2-Korean-Bllossom-3B,"약사 회사들은 다양한 문화와 사회적 배경을 가진 연구 참여자들을 포함하여 의료 연구에 대한 다각적인 접근을 취하고 있습니다. 이 접근은 다양한 문화적 배경을 가진 연구 참여자들이 연구에 참여할 수 있도록 하기 위해 다양한 방법을 사용합니다. 예를 들어, 연구 참여자들이 이해하기 쉽게 연구에 참여할 수 있도록 언어 지원을 제공하고, 다양한 문화적 배경을 가진 연구 참여자들이 연구",crosslingual,sharegpt,ko
320,Bllossom/llama-3.2-Korean-Bllossom-3B,"Solugen은 인공 생명체를 기반으로 한 생체 기반 소재를 생산하는 기술을 개발하고 있는 회사입니다. Solugen과 협력하여 다양한 프로젝트에 참여할 수 있는 방법을 몇 가지 제안해 드리겠습니다.

1. **연구 및 개발 협력**: Solugen의 기술과 연구 결과를 활용하여 새로운 소재 개발에 기여할 수 있습니다. 예를 들어, Solugen의 인공 생명체를 기반으로 한 소",crosslingual,sharegpt,ko
321,Bllossom/llama-3.2-Korean-Bllossom-3B,"Solugen은 인공 생명체를 기반으로 한 생체 기반 소재를 생산하는 기술을 개발하고 있는 회사입니다. Solugen과 협력하여 다양한 분야에서 협력할 수 있는 방법을 소개하겠습니다.

1. **생체 기반 소재 개발**: Solugen의 기술을 활용하여 새로운 생체 기반 소재를 개발하고, 이를 다양한 산업 분야에 적용할 수 있습니다. 예를 들어, 생체 기반 플라스틱, 생체 기반",crosslingual,sharegpt,ko
322,Bllossom/llama-3.2-Korean-Bllossom-3B,"연간 보고서(Annual Report)는 회사의 연간 활동과 성과를 정기적으로 보고하는 문서입니다. 일반적으로 연간 보고서는 다음과 같은 내용을 포함할 수 있습니다:

1. **회사의 목적 및 전략**: 회사의 목적, 전략, 및 장기적인 계획을 설명합니다.
2. **연간 성과**: 회사의 연간 수익, 영업 수익, 영업 이익, 자본 지출, 자본",crosslingual,sharegpt,ko
323,Bllossom/llama-3.2-Korean-Bllossom-3B,"연례 보고서(Annual Report)는 회사의 연간 활동과 성과를 정기적으로 보고하는 공식적인 문서입니다. 일반적으로 연례 보고서는 다음과 같은 내용을 포함할 수 있습니다:

1. **회사 소개**: 회사의 개요, 역사, 목적, 조직 구조 등을 설명합니다.
2. **경영 목표 및 전략**: 회사의 경영 목표, 전략, 목표를 정리하고, 이를 달성하기 위한 계획을",crosslingual,sharegpt,ko
324,Bllossom/llama-3.2-Korean-Bllossom-3B,"직원 서비스나 예약 서비스를 관리하는 데 사용할 수 있는 가장 좋은 소프트웨어를 찾고 계신가요? 이를 위해 다음과 같은 기능을 포함한 다양한 소프트웨어를 고려해볼 수 있습니다:

1. **Workday**: HR 및 인사 관리, 예약 및 예약 관리, 직원 관리, 비즈니스 프로세스 관리 등 다양한 기능을 제공합니다.
2. **Microsoft Dynamics 365**: HR, CRM, 예약 및 예약",crosslingual,sharegpt,ko
325,Bllossom/llama-3.2-Korean-Bllossom-3B,"직원 서비스나 예약 서비스를 관리하는 데 사용할 수 있는 가장 좋은 소프트웨어는 여러 가지가 있습니다. 다음은 몇 가지 유용한 옵션입니다:

1. **Workday**: 이 소프트웨어는 HR, 재무, 인사, 예산 관리 등 다양한 기능을 포함하고 있으며, 직원 서비스와 예약 기능을 포함할 수 있습니다.
2. **Microsoft Dynamics 365**: 이 소프트웨어는 다양한 산업에 적용될 수",crosslingual,sharegpt,ko
326,Bllossom/llama-3.2-Korean-Bllossom-3B,"타임스 앤 모션 스튜디오(Times and Motion Study)는 일과 운동의 시간과 운동의 효율성을 분석하고 개선하는 과정을 의미합니다. 이 연구는 일과 운동의 효율성을 높이기 위해 다양한 방법을 사용하여 일과 운동의 시간을 측정하고, 이를 분석하여 효율성을 개선하는 데 사용됩니다. 타임스 앤 모션 스튜디오는 주로 공장, 공장, 의료",crosslingual,sharegpt,ko
327,Bllossom/llama-3.2-Korean-Bllossom-3B,"타임스 앤 모션 스튜디오(Times and Motion Study)는 일과 노동의 효율성을 향상시키기 위해 사용되는 연구 방법입니다. 이 방법은 일과 노동의 시간과 운동을 분석하여 효율성을 개선하고, 노동자의 생산성을 높이는 데 도움을 주는 데 중점을 둡니다. 타임스 앤 모션 스튜디오는 주로 공장, 공장, 의료 기관",crosslingual,sharegpt,ko
328,Bllossom/llama-3.2-Korean-Bllossom-3B,"네, 물론입니다. 유사한 문서를 생성하는 회사들이 몇 가지가 있습니다. 이들은 특정한 프로세스나 규칙에 따라 반복적으로 생성되기 때문에, 이들에 대해 신경망을 fine-tuning하는 데 유리합니다. 다음은 몇 가지 예시입니다:

1. **재무 보고서**: 재무 보고서는 일반적으로 동일한 구조와 내용을 가지고 있으며, 특정 회사나 산업의 특성에 따라 몇",crosslingual,sharegpt,ko
329,Bllossom/llama-3.2-Korean-Bllossom-3B,"네, 물론입니다. 유사한 문서를 생성하는 회사들이 몇 가지가 있을 수 있습니다. 다음은 몇 가지 예시입니다:

1. **주식 거래 기록 문서**: 주식 거래 기록 문서는 주로 거래 일지, 거래 기록, 거래 기록서, 거래 보고서 등으로 구성됩니다. 이 문서는 주로 동일한 구조와 형식으로 작성되기 때문에, 이와 같은 문서를 생성하는 회사에서 생성된 문서를 훈련 데이터",crosslingual,sharegpt,ko
330,Bllossom/llama-3.2-Korean-Bllossom-3B,"**emarketTargeter: 비즈니스 시작을 위한 목표 시장 식별 및 설계 도구**

**1. 개요**
emarketTargeter는 비즈니스 시작을 위한 목표 시장 식별 및 설계 도구입니다. 이 도구는 비즈니스 개념을 구체화하고, 목표 시장에 대한 이해를 도와주는 기능을 제공합니다. 이를 통해 사용자는 비즈니스 아이디어를 구체화하고, 성공적인 시장",crosslingual,sharegpt,ko
331,Bllossom/llama-3.2-Korean-Bllossom-3B,"**시장 분석 및 비즈니스 설립을 위한 소프트웨어 프로젝트 요구 사항 문서**

**1. 개요**

이 프로젝트는 소규모 비즈니스 설립을 위한 시장 분석 및 비즈니스 계획 수립을 지원하는 소프트웨어를 개발하기 위해 진행됩니다. 이 소프트웨어는 사용자들이 자신의 비즈니스 아이디어를 구체화하고, 목표 시장을 식별하고, 경쟁 분석을 수행하며, 비즈",crosslingual,sharegpt,ko
332,Bllossom/llama-3.2-Korean-Bllossom-3B,"**시장 분석 및 비즈니스 설립을 위한 소프트웨어 제품 요구 사항 문서**

**제목:** 비즈니스 설립을 위한 목표 시장 분석 및 설립 도구

**개요:**
이 문서는 비즈니스 설립을 위한 목표 시장 분석 및 설립 도구를 개발하기 위한 주요 요구 사항을 정의합니다. 이 도구는 비즈니스 아이디어를 구체화하고, 목표 시장에 대한 이해를 도",crosslingual,sharegpt,ko
333,Bllossom/llama-3.2-Korean-Bllossom-3B,"""인터랙티브 엔지니어링 모델""은 학습을 위한 도구로, 사용자가 직접 경험과 학습을 통해 엔지니어링 문제를 해결하는 데 도움을 주는 모델입니다. 이를 통해 사용자는 다양한 시나리오와 상황을 시뮬레이션하고, 다양한 접근 방식을 시도하고, 결과를 분석하며, 학습을 반복하는 과정을 통해 엔지니어링 지식을 얻",crosslingual,sharegpt,ko
334,Bllossom/llama-3.2-Korean-Bllossom-3B,"""인터랙티브 엔지니어링 모델""은 학습을 위한 자율 학습 시스템을 위한 엔지니어링 모델을 의미합니다. 이는 학습자와 학습 시스템 간의 상호작용을 통해 학습을 지원하는 모델을 의미합니다. 이러한 모델은 학습자와의 상호작용을 통해 학습자에게 적절한 정보를 제공하고, 학습자들이 학습 과정을 tự 주도적으로 진행",crosslingual,sharegpt,ko
335,Bllossom/llama-3.2-Korean-Bllossom-3B,"시각적 이벤트 시뮬레이션을 통해 극한의 추운 상황의 결과를 시뮬레이션하는 방법은 다음과 같습니다:

1. **시뮬레이션의 목적 설정**: 최초로, 시뮬레이션의 목적을 명확히 정의해야 합니다. 예를 들어, 극한의 추운 상황이 도시의 교통, 경제, 건강, 사회적 시스템에 미치는 영향을 분석하고자 하는",crosslingual,sharegpt,ko
336,Bllossom/llama-3.2-Korean-Bllossom-3B,"고온 상황의 결과를 시뮬레이션하기 위해 디스크리트 이벤트 시뮬레이션을 사용하는 방법은 다음과 같습니다:

1. **시뮬레이션의 목적 설정**: 최초로, 시뮬레이션의 목적을 명확히 정의합니다. 예를 들어, 특정 지역의 인프라가 어떻게 대응할지, 주민의 행동이 어떻게 변화할지, 경제적 영향을",crosslingual,sharegpt,ko
337,Bllossom/llama-3.2-Korean-Bllossom-3B,"Cisco의 네트워크 에지 장치의 보안 정책을 구현하여 조직의 데이터와 자원을 보호하기 위해 필요한 몇 가지 중요한 요소는 다음과 같습니다:

1. **Authentication and Authorization**:
   - **사용자 인증**: 사용자 인증을 통해 사용자가 네트워크에 접근할 수 있도록 하여, 무분리된 접근을 방지합니다.
   - **권한 관리**: 사용자나 그룹에 따라 접근 권",crosslingual,sharegpt,ko
338,Bllossom/llama-3.2-Korean-Bllossom-3B,"Cisco의 네트워크 에지 장치의 보안 정책을 구현하여 조직의 데이터와 자원을 보호하기 위해 필요한 몇 가지 중요한 요소들을 설명하겠습니다.

1. **Authentication 및 Autorization**:
   - **Authentication**: 사용자와 장치의 정체성을 확인하는 과정입니다. Cisco의 경우, TACACS(Terminal Access Control Access-Control System), RADIUS(Radius Authentication, Authorization, and Accounting) 및 AAA(Authentication, Authorization,",crosslingual,sharegpt,ko
339,Bllossom/llama-3.2-Korean-Bllossom-3B,"글로벌화의 경제적 차원에서 중요한 개념은 다음과 같습니다:

1. **글로벌화(Globalization)**: 글로벌화는 경제, 정치, 문화, 기술 등 다양한 분야에서 국제적 상호작용을 강화하는 과정입니다. 이는 국가 간의 경제적, 정치적, 문화적 상호작용을 통해 세계화가 이루어지는 것을 의미합니다.

2. **자유무역(Free Trade)**: 자유",crosslingual,sharegpt,ko
340,Bllossom/llama-3.2-Korean-Bllossom-3B,"글로벌화의 경제적 차원에서 중요한 개념은 다음과 같습니다:

1. **글로벌화(Globalization)**: 글로벌화는 경제적, 사회적, 문화적 요소들이 세계화되어 전 세계적으로 확산되는 과정입니다. 이는 국제 무역, 투자, 기술 전파, 인력 이동 등 다양한 요소로 구성됩니다.

2. **국제무역(International Trade)**: 글로벌화의 핵심 요",crosslingual,sharegpt,ko
341,Bllossom/llama-3.2-Korean-Bllossom-3B,"deeplearning, machine learning, artificial intelligence는 모두 인공지능과 관련된 개념이지만, 그 중에서 어떤 것이 어떤 것이 있는지 이해하는 것이 중요합니다. 다음은 각 개념의 주요 차이점입니다:

1. **Artificial Intelligence (AI)**:
   - **기본 개념**: 인공지능은 인간의 지능을 모방하여 컴퓨터가 인간과 같은 지능을 가질 수 있는 기술을 의미합니다. 이는 인공지",crosslingual,sharegpt,ko
342,Bllossom/llama-3.2-Korean-Bllossom-3B,"deeplearning, machine learning, artificial intelligence의 차이점을 설명해드리겠습니다.

1. **Artificial Intelligence (AI)**:
   - **기본 개념**: 인공지능은 인간의 지능을 모방하여 컴퓨터 시스템이 인간의 지능을 보다 유연하고 효율적으로 사용할 수 있도록 하는 기술입니다. 이는 다양한 분야에서 사용되며, 인공지능은 데이터를 분석하고, 학습하고, 결정을 내리는 데",crosslingual,sharegpt,ko
343,Bllossom/llama-3.2-Korean-Bllossom-3B,"클러스터링 기술은 전사적(전사적 데이터)과 단백질적(단백질적 데이터) 데이터에서 질병 관련 생물학적 마커를 식별하는 데 사용됩니다. 이 과정은 다음과 같은 단계로 이루어집니다:

1. **데이터 수집**: 질병 관련 전사적 및 단백질적 데이터를 수집합니다. 예를 들어, RNA-seq(전사적 데이터)와 단백",crosslingual,sharegpt,ko
344,Bllossom/llama-3.2-Korean-Bllossom-3B,"클러스터링 기술은 전사적(Transcriptomic) 및 단백질적(Proteomic) 데이터에서 질병 관련 생물학적 마커를 식별하는 데 사용됩니다. 이 기술은 다음과 같은 단계를 통해 작동합니다:

1. **데이터 수집**: 질병 관련 전사적 및 단백질적 데이터를 수집합니다. 이는 RNA-seq, DNA-seq, 단백질 분해 및 기타 다양한 기술을",crosslingual,sharegpt,ko
345,Bllossom/llama-3.2-Korean-Bllossom-3B,"클러스터링 기술은 전사적(전사적 데이터)과 단백질적(단백질적 데이터) 데이터에서 질병 관련 생물학적 마커를 식별하는 데 사용됩니다. 이 과정은 다음과 같은 단계로 이루어집니다:

1. **데이터 수집**: 질병 관련 전사적 및 단백질적 데이터를 수집합니다. 이는 RNA-seq, microarray, proteomics, etc.에서 얻을",crosslingual,sharegpt,ko
346,Bllossom/llama-3.2-Korean-Bllossom-3B,"CRM(Customer Relationship Management) 시스템을 구축하기 위한 샘플 요구 사항 문서입니다.

### 1. 개요
이 문서는 [사용자 이름]이 [사용자 이름]의 [사용자 이름]에 의해 개발된 [사용자 이름]의 [사용자 이름]의 [사용자 이름]의 [사용자 이름]의 [사용자 이름]의 [사용자 이름]의 [사용자",crosslingual,sharegpt,ko
347,Bllossom/llama-3.2-Korean-Bllossom-3B,"CRM(고객 관리 시스템) 요구 사항 문서는 고객 관리 시스템을 구축하기 위한 기본적인 요구 사항을 정의하는 문서입니다. 다음은 과학 장비 판매 회사에 맞는 CRM 요구 사항 문서의 샘플입니다.

### 1. 개요
- **사용자 목적**: 과학 장비 판매 회사에서 고객 관리 시스템을 구축하여 고객 관계를 관리하고, 판매 활동을 효율적으로 관리할 수 있도록 하기 위해.
",crosslingual,sharegpt,ko
348,Bllossom/llama-3.2-Korean-Bllossom-3B,"미래에 우리의 식습관은 여러 요인에 의해 영향을 받을 것입니다. 몇 가지 주요 요소는 다음과 같습니다:

1. **환경 변화**: 기후 변화와 환경 보호의 중요성은 식습관에 큰 영향을 미칠 것입니다. 예를 들어, 식물의 재배와 재배 방법이 변화할 수 있으며, 이는 식품의 원료와 가격에 영향을 미칠 수 있습니다.

2. **기술 발전**: 식품 생산과",crosslingual,sharegpt,ko
349,Bllossom/llama-3.2-Korean-Bllossom-3B,"미래에 우리의 식습관은 여러 요인에 의해 영향을 받을 것입니다. 몇 가지 주요 요소는 다음과 같습니다:

1. **환경 변화**: 기후 변화와 환경 보호의 중요성은 식습관에 큰 영향을 미칠 것입니다. 예를 들어, 식물의 재배와 재배 방법이 변화할 수 있으며, 식품의 재료가 더 친환경적이고 지속 가능한 것으로 선택될 가능성이 높아질 것입니다.

2. **",crosslingual,sharegpt,ko
350,Bllossom/llama-3.2-Korean-Bllossom-3B,"법적 과학(Forensic Science)은 법적 절차와 관련된 과학적 연구와 분석을 포함하는 학문입니다. 법적 과학은 범죄 사건의 수사, 증거 수집, 분석, 증거 평가, 법적 판결에 필요한 과학적 정보를 제공하는 데 사용됩니다. 법적 과학은 다양한 분야에서 사용되며, DNA 분석, 화학 분석, 생물학적 분석, 물리학적 분석,",crosslingual,sharegpt,ko
351,Bllossom/llama-3.2-Korean-Bllossom-3B,"법적 과학(Forensic Science)은 법적 절차와 관련된 과학적 연구와 분석을 포함하는 학문입니다. 법적 과학은 범죄 사건을 수사하고, 증거를 수집하고, 증거를 분석하여 법적 결론을 도출하는 데 사용됩니다. 법적 과학은 다양한 분야에서 사용되며, DNA 분석, 화학 분석, 생물학적 분석, 물리학적 분석, 심리학",crosslingual,sharegpt,ko
352,Bllossom/llama-3.2-Korean-Bllossom-3B,"AI는 환경 문제를 해결하는 데 여러 가지 방법으로 도움을 줄 수 있습니다. 다음은 몇 가지 예입니다:

1. **환경 모니터링 및 분석**: AI는 대규모 데이터를 분석하여 환경 문제를 감지하고 예측할 수 있습니다. 예를 들어, 지구 온난화, 대기 오염, 물 오염, 생태계 파괴 등 다양한 환경 문제를 모니터링하고 분석할 수 있습니다.

2.",crosslingual,sharegpt,ko
353,Bllossom/llama-3.2-Korean-Bllossom-3B,"AI는 환경 문제를 해결하는 데 여러 가지 방법으로 도움이 될 수 있습니다. 다음은 몇 가지 예입니다:

1. **환경 모니터링 및 분석**: AI는 대규모 데이터를 분석하여 환경 문제를 감지하고 예측할 수 있습니다. 예를 들어, 지구 온난화, 대기 오염, 물 오염 등 다양한 환경 문제를 모니터링하고 분석할 수 있습니다.

2. **에너지 효율성",crosslingual,sharegpt,ko
354,Bllossom/llama-3.2-Korean-Bllossom-3B,"전자 컴퓨터는 전통적인 컴퓨터와는 다르게 작동하는 컴퓨터입니다. 전통적인 컴퓨터는 0과 1로만 데이터를 처리하지만, 전자 컴퓨터는 0과 1을 더 작은 단위로 나누어 처리할 수 있습니다. 이를 '비트(bit)'라고 합니다. 비트는 0과 1의 조합으로 구성되며, 이 조합을 바꿔서 다른 정보를 표현",crosslingual,sharegpt,ko
355,Bllossom/llama-3.2-Korean-Bllossom-3B,"quantum computing은 전통적인 컴퓨터와는 다른 방식으로 계산을 수행하는 컴퓨터 기술입니다. 전통적인 컴퓨터는 0과 1의 두 가지 상태만을 사용하여 정보를 처리합니다. 반면, quantum computing은 0과 1의 상태를 동시에 사용하여 정보를 처리할 수 있습니다. 이를 통해 더 빠르고 효율적인 계산이 가능해졌습니다.

quantum computing은 주로 2 가지 주요",crosslingual,sharegpt,ko
356,Bllossom/llama-3.2-Korean-Bllossom-3B,"공산주의를 경제 발전의 방식으로 채택한 최초의 국가는 러시아입니다. 1917년 10월 혁명 이후, 러시아는 1917년 11월 7일 소비에트 사회주의 정부를樹立하고, 1922년 12월 30일 소비에트 연방을 설립하여 공산주의를 공식적으로 채택했습니다. 이로써 러시아는 공산주의 국가",crosslingual,sharegpt,ko
357,Bllossom/llama-3.2-Korean-Bllossom-3B,"공산주의를 경제 발전의 방식으로 채택한 최초의 국가는 러시아입니다. 1917년 10월 혁명 이후, 러시아는 1917년 11월 7일에 소비에트 사회를 수립하고, 1922년 12월에는 소련을 형성하여 공산주의를 공식적으로 채택했습니다. 이로써 러시아는 세계에서 최초로 공산주의를 채택한",crosslingual,sharegpt,ko
358,Bllossom/llama-3.2-Korean-Bllossom-3B,"""What types of use cases or new plugins do you want to see built?""는 사용자에게 다음과 같은 질문을 통해 답변할 수 있습니다:

1. **사용자 요구 사항 파악**: 사용자에게 사용자 요구 사항을 파악하여, 사용자들이 원하는 기능이나 플러그인에 대해 질문할 수 있도록 합니다.
2. **사용자 피드백 수집**: 사용자 피드백을 수집하여, 사용자들이 원하는 기능",crosslingual,sharegpt,ko
359,Bllossom/llama-3.2-Korean-Bllossom-3B,"""What types of use cases or new plugins do you want to see built?""는 사용자에게 다음과 같은 질문을 통해 답변할 수 있습니다:

1. **사용자 요구 사항 파악**: 사용자에게 사용자 요구 사항을 파악하여, 사용자들이 원하는 기능이나 플러그인에 대해 질문할 수 있도록 합니다.
2. **사용자 피드백 수집**: 사용자 피드백을 수집하여, 사용자들이 원하는 기능",crosslingual,sharegpt,ko
360,Bllossom/llama-3.2-Korean-Bllossom-3B,"CRM(Customer Relationship Management) агें시지는 고객 관계 관리를 위한 다양한 서비스를 제공합니다. 이 중에서 고객 상담 및 전략 개발에 대한 서비스는 다음과 같습니다:

1. **고객 분석 및 이해**: 고객의 요구 사항, 행동 패턴, 경쟁자 분석 등을 분석하여 고객의 필요를 파악합니다.
2. **고객 관계 전략 개발**: 고객의 요구 사항에 맞는 전략을 개발하여 고객과의 관계를 강화하고 유지",crosslingual,sharegpt,ko
361,Bllossom/llama-3.2-Korean-Bllossom-3B,"CRM(Customer Relationship Management) агें시지는 고객 관계 관리를 위한 다양한 서비스를 제공합니다. 이러한 서비스는 고객의 요구를 이해하고, 고객 관계를 강화하고, 비즈니스 성과를 향상시키기 위한 전략 개발에 도움을 주는 데 중점을 둡니다. CRM агें시지는 다음과 같은 서비스를 제공할 수 있습니다:

1. **고객 분석 및 이해**: 고객의 요구와 필요를 파악하고, 고객",crosslingual,sharegpt,ko
362,Bllossom/llama-3.2-Korean-Bllossom-3B,"네, Spring State Machine과 Spring Workflow을 함께 사용할 수 있습니다. 두 기술은 서로 다른 목적을 가지고 있지만, 일부 경우에만 함께 사용할 수 있습니다. Spring State Machine은 상태 관리와 이벤트-driven 애플리케이션을 구현하는 데 사용되며, Spring Workflow은 비즈니스 프로세스 관리와 workflows를 관리하는 데 사용됩니다.

Spring State Machine은 다음과 같은 특징을 가지고 있습니다:
- 상태 관리: 상태를 관리",crosslingual,sharegpt,ko
363,Bllossom/llama-3.2-Korean-Bllossom-3B,"Spring State Machine과 Workflow을 함께 사용할 수 있습니다. 두 기술은 서로 다른 목적을 가지고 있지만, 일부 경우에만 함께 사용할 수 있습니다. 다음은 두 기술을 함께 사용하는 장단점을 설명합니다.

### Spring State Machine
Spring State Machine은 Spring Framework의 일부로, 상태 관리를 위한 도구로 사용됩니다. 주로 비동기 상태 관리를 위해 사용되며, 상태의 전환을 제어하고, 상태의 상태를",crosslingual,sharegpt,ko
364,Bllossom/llama-3.2-Korean-Bllossom-3B,"유럽에서 1년 이내에 interior design을 공부할 수 있는 온라인 코스에 대해 알려드리겠습니다. 아래는 몇몇 유럽 국가의 온라인 interior design 코스입니다:

1. **UK**:
   - **University of the Arts London (UAL)**: UAL은 런던의 유명한 예술 및 디자인 대학입니다. UAL은 온라인으로 interior design을 공부할 수 있는 다양한 코스를 제공합니다. 예를 들어, ""BA",crosslingual,sharegpt,ko
365,Bllossom/llama-3.2-Korean-Bllossom-3B,"유럽에서 1년 이내에 interior design을 공부할 수 있는 온라인 코스에 대한 정보를 제공해드릴 수 있습니다. 아래는 몇몇 유럽 국가의 온라인 interior design 코스입니다:

1. **UK**:
   - **University of the Arts London (UAL)**: UAL은 런던의 유명한 예술 및 디자인 대학입니다. UAL은 온라인으로 interior design을 공부할 수 있는 다양한 코스를 제공합니다. ",crosslingual,sharegpt,ko
366,Bllossom/llama-3.2-Korean-Bllossom-3B,"Notion의 enterprise 고객들이 데이터를 시각화할 수 있도록 하는 기능을 개발하는 것은 매우 흥미로운 프로젝트입니다. 이를 위해 다음과 같은 단계를 따를 수 있습니다:

1. **요구 사항 수집 및 분석**:
   - 고객의 요구 사항을 수집하고 분석하여 사용자 경험, 기능 요구 사항, 데이터 형식, 데이터 소스, 사용자 인터페이스 요구 사항 등을 파악합니다.
   - 고객의 데이터 시",crosslingual,sharegpt,ko
367,Bllossom/llama-3.2-Korean-Bllossom-3B,"Notion에서 데이터를 시각화하는 기능을 개발하기 위해서는 여러 단계가 필요합니다. 다음은 그 과정의 주요 단계와 방법입니다:

1. **사용자 요구 사항 수집**:
   - 사용자 인터페이스 (UI) 디자인을 통해 사용자들이 원하는 시각화 기능을 구체적으로 설명해 주세요.
   - 데이터 시각화의 목적, 사용자 경험, 데이터의 종류, 데이터의 크",crosslingual,sharegpt,ko
368,Bllossom/llama-3.2-Korean-Bllossom-3B,"이 주제에 대해 연구하는 것은 매우 흥미로운 주제입니다. 다양한 학문과 분야에서 연구가 이루어지고 있습니다. 다음은 그 중 몇 가지 주요 분야입니다:

1. **정치학 (Political Science)**: 정치학자들은 정치적, 사회적, 경제적 요인들이 개인의 도덕적 판단에 미치는 영향을 연구합니다. 예를 들어, 정치적 시스템, 법률, 사회적 정의, 정치적 참여 등",crosslingual,sharegpt,ko
369,Bllossom/llama-3.2-Korean-Bllossom-3B,"이 주제에 대해 연구하는 것은 매우 흥미로운 주제입니다. 다양한 학문과 분야에서 연구가 이루어지고 있습니다. 다음은 관련 분야와 연구 분야를 소개합니다:

1. **정치학 (Political Science)**: 정치학자들은 정치적, 사회적, 경제적 요인들이 개인의 도덕적 판단에 미치는 영향을 연구합니다. 예를 들어, 정치적 시스템, 사회적 구조, 경제적 불평등이 도",crosslingual,sharegpt,ko
370,Bllossom/llama-3.2-Korean-Bllossom-3B,"OCAM(Occam's Razor) 원칙은 가장 간단한 설명이 가장 가능성이 높은 것을 의미합니다. 따라서, 현재의 양자 물리학 이론이 더 간단한 이론에 대체될 가능성은 존재할 수 있습니다. 그러나, 이론의 간단성은 단순히 이론의 복잡성에 따라 결정되지 않습니다. 양자 물리학은 매우 복잡하고 복잡한 현상을 설명하기 위해 사용",crosslingual,sharegpt,ko
371,Bllossom/llama-3.2-Korean-Bllossom-3B,"OCAM(Occam's Razor) 원칙은 가장 간단한 설명이 가장 가능성이 높은 것을 의미합니다. 따라서, 현재의 양자 물리학 이론이 더 간단한 이론에 대체될 가능성은 매우 낮을 것입니다. 그러나, 양자 물리학의 본질은 매우 복잡하고 복잡한 현상들을 설명하는 데 적합하므로, 더 간단한 이론이 존재할 가능성도 있습니다.

양",crosslingual,sharegpt,ko
372,Bllossom/llama-3.2-Korean-Bllossom-3B,"학술 도서관의 미래 10년에 대한 저의 생각은 다음과 같습니다:

1. **디지털 도서관의 확대**: 디지털 도서관은 지속적으로 성장할 것으로 예상됩니다. 디지털 도서관은 온라인 접근성과 사용성을 높이고, 사용자 경험을 개선하기 위해 다양한 기술을 도입할 것입니다. 예를 들어, AI 기반의 도서관 서비스, 가상 도서관, 디지털 도",crosslingual,sharegpt,ko
373,Bllossom/llama-3.2-Korean-Bllossom-3B,"학술 도서관의 미래 10년에 대한 저의 생각은 다음과 같습니다:

1. **디지털 도서관의 확대**: 디지털 도서관은 지속적으로 성장하고 있습니다. 디지털 도서관은 온라인 접근성과 정보의 접근성을 높이고, 사용자 경험을 개선하는 데 중요한 역할을 할 것입니다. 디지털 도서관은 학습자들이 다양한 장소에서 쉽게 접근할 수 있도록",crosslingual,sharegpt,ko
374,Bllossom/llama-3.2-Korean-Bllossom-3B,"Infineon Technologies는 다양한 센서를 제공하는 전자 회로 제조업체로, 다양한 산업 분야에서 사용되는 다양한 센서를 포함하고 있습니다. 주요 센서 포트폴리오를 요약하면 다음과 같습니다:

1. **전력 센서**:
   - **전압 센서**: 전압 변환, 전압 모니터링, 전압 제어
   - **전류 센서**: 전류 변환, 전류 모니",crosslingual,sharegpt,ko
375,Bllossom/llama-3.2-Korean-Bllossom-3B,"Infineon Technologies는 다양한 센서를 제공하는 전자 회로 제조업체로, 그 센서의 포트폴리오는 다음과 같습니다:

1. **전력 센서**: 전력 소비, 전력 생산, 전력 배터리 관리, 전력 관리 시스템 등에 사용되는 전력 센서를 제공합니다.
2. **온도 센서**: 온도, 온도 변동성, 온도 감지, 온도 제어 등",crosslingual,sharegpt,ko
376,Bllossom/llama-3.2-Korean-Bllossom-3B,"정확한 번역이 필요합니다. ""Stable diffusion""는 다양한 분야에서 사용되는 용어일 수 있습니다. 일반적으로 Stable Diffusion는 GAN(Generative Adversarial Network)과 관련된 기술 중 하나로, 주로 이미지 생성과 같은 데이터 생성에 사용됩니다. 이 기술은 주로 ""Diffusion-based image synthesis""이라고도 불리며, 주로 ""Diffusion-based image synthesis""이라는 용어로 알려져 있습니다.

이 기술은",crosslingual,sharegpt,ko
377,Bllossom/llama-3.2-Korean-Bllossom-3B,"정확한 번역은 다음과 같습니다:

정확한 번역은 다음과 같습니다:

""정확한 번역은 다음과 같습니다:

정확한 번역은 다음과 같습니다:

정확한 번역은 다음과 같습니다:

정확한 번역은 다음과 같습니다:

정확한 번역은 다음과 같습니다:

정확한 번역은 다음과 같습니다:

정확한 번역은 다음과 같습니다:

정확한 번역은 다음과 같습니다:

정확한 번역은 다음과 같습니다:

",crosslingual,sharegpt,ko
378,Bllossom/llama-3.2-Korean-Bllossom-3B,"정상 분산(diffusion)은 Deep Learning(깊이 학습) 기법 중 하나로, 주로 GAN(Generative Adversarial Network)과 유사한 구조를 사용하여 데이터를 생성하는 데 사용됩니다. 정상 분산의 핵심은 두 개의 모델이 존재하며, 하나는 데이터를 생성하고 다른 하나는 생성된 데이터를 평가합니다. 이 두 모델은 서로 반대 방향으로 학습되며, 이를 통해 데이터",crosslingual,sharegpt,ko
379,Bllossom/llama-3.2-Korean-Bllossom-3B,"Enterprise 소프트웨어 회사에 대한 Due Diligence 분석을 수행할 때는 여러 가지 중요한 요소를 고려해야 합니다. 다음은 주요 분석 요소들입니다:

1. **시장 분석**:
   - **시장 규모와 성장 가능성**: 시장의 크기, 성장률, 경쟁 상황, 시장 동향 등을 분석합니다.
   - **고객 분석**: 주요 고객의 수, 고객 유형, 고객 요구 사항, 고객 만족도 등을 조사",crosslingual,sharegpt,ko
380,Bllossom/llama-3.2-Korean-Bllossom-3B,"Enterprise 소프트웨어 회사에 대한 Due Diligence 분석을 수행할 때는 여러 가지 중요한 요소를 고려해야 합니다. 다음은 주요 분석 요소들입니다:

1. **시장 분석**:
   - **시장 구조**: 시장의 구조, 경쟁자, 고객, 시장 규모, 성장 가능성 등을 분석합니다.
   - **시장 동향**: 시장의 동향, 경쟁사, 고객의 요구 사항 등을 파악합니다.
   -",crosslingual,sharegpt,ko
381,Bllossom/llama-3.2-Korean-Bllossom-3B,"알고리즘적 예술의 통치에 대한 사회학적 관점은 다양한 측면에서 연구될 수 있습니다. 다음은 그 예를 들어 보는 몇 가지 방법입니다:

1. **알고리즘의 사회적 구조와 영향**:
   - **알고리즘의 설계와 사회적 구조**: 알고리즘의 설계 과정에서 사용되는 기술적, 경제적, 정치적 요소들이 사회적 구조에 미치는 영향을 분석합니다",crosslingual,sharegpt,ko
382,Bllossom/llama-3.2-Korean-Bllossom-3B,"알고리즘적 정부의 사회학적 분석은 다양한 측면에서 다각적으로 접근할 수 있습니다. 다음은 그 예시입니다:

1. **알고리즘의 사회적 배경**:
   - **기술 발전과 사회적 변화**: 알고리즘의 발전은 기술적 발전과 함께 사회적, 경제적, 정치적 변화와 밀접하게 관련이 있습니다. 예를 들어, 데이터 분석 기술의 발전은 정부가",crosslingual,sharegpt,ko
383,Bllossom/llama-3.2-Korean-Bllossom-3B,"생명보험의 경우, 보험사에서 보험료를 결정하는 데 중요한 역할을 하는 인물은 보험사 직원인 보험가. 보험가가 보험료를 결정하는 과정에서 몇 가지 중요한 요소를 고려해야 합니다. 이러한 요소들은 보험료의 정확한 계산에 필수적이며, 보험가가 보험료를 결정할 때는 다음과 같은 주제를 조사합니다:

1. **연령**:",crosslingual,sharegpt,ko
384,Bllossom/llama-3.2-Korean-Bllossom-3B,"생명보험의 경우, 보험사에서 보험료를 결정하는 데 중요한 역할을 하는 인물은 보험사 직원인 보험가. 보험가가 보험료를 결정하는 과정에서 몇 가지 중요한 요소를 고려해야 합니다. 이 요소들은 다음과 같습니다:

1. **연령**: 보험료는 보험자의 연령에 따라 달라집니다. 연령이 높을수록 보험료가 높아질 수",crosslingual,sharegpt,ko
385,Bllossom/llama-3.2-Korean-Bllossom-3B,"온타리오 주에서 주거, 상업, 교육 기관 건설 회사에 대한 건강 및 안전 요구 사항은 다음과 같습니다:

### 주거 건설 회사 (Residential Construction Company)

1. **건설 계획 및 설계**:
   - 건설 계획을 수립하고, 건축 설계를 작성하여 건설이 안전하고 효율적으로 이루어질 수 있도록 합니다.
   - 건설 계획은 Ontario Building Code (OBC)와 Ontario Electrical",crosslingual,sharegpt,ko
386,Bllossom/llama-3.2-Korean-Bllossom-3B,"온타리오 주에서 주거, 상업, 교육 기관 건설 회사에 대한 건강 및 안전 요구 사항은 다음과 같습니다:

### 주거 건설 회사 (Residential Construction Company)
1. **건축 및 건설 규제**: Ontario Building Code (OBC)와 Ontario Electrical Code (OEC)를 준수해야 합니다.
2. **건축 및 건설 안전 계획**: 건설 계획서를 제출하고, 건설 계획서를 승인받",crosslingual,sharegpt,ko
387,Bllossom/llama-3.2-Korean-Bllossom-3B,"**도시 계획의 지속 가능한 개발 목표의 실현: 도전과 기회**

**제안서**

**1. 서론**

지속 가능한 개발 목표(Sustainable Development Goals, SDGs)는 2030년까지 세계가 지속 가능한 발전을 달성하기 위한 17개의 목표를 제시한 국제 기구의 제안입니다. 이 목표 중 많은 부분이 도시 계획에 직접적으로 적용될 수 있으며, 이는 도시의",crosslingual,sharegpt,ko
388,Bllossom/llama-3.2-Korean-Bllossom-3B,"**제목: 지속 가능한 개발 목표의 도시 계획에 대한 평가: 도전과 기회**

**1. 개요**

지속 가능한 개발 목표(Sustainable Development Goals, SDGs)는 2030년까지 세계적으로 17개의 목표를 제시한 국제 기구의 제안으로, 인간의 생존과 발전을 위해 지속 가능한 방식으로 경제, 사회, 환경을 조직하는 것을 목표로 합니다. 이 프로젝트",crosslingual,sharegpt,ko
389,Bllossom/llama-3.2-Korean-Bllossom-3B,"**도시 계획의 지속 가능한 개발 목표의 실현: 도전 과제와 기회**

**제안서**

**1. 서론**

지속 가능한 개발 목표(Sustainable Development Goals, SDGs)는 2030년까지 세계의 모든 사람들에게 더 나은 삶의 질을 제공하고, 지구의 생태계를 보호하기 위한 17개의 목표를 제시한 국제 기구의 제안입니다. 이러한 목표는 도시",crosslingual,sharegpt,ko
390,Bllossom/llama-3.2-Korean-Bllossom-3B,"데이터베이스 셰arding(Sharding)는 데이터베이스를 여러 개의 작은 데이터베이스로 나누어 관리하는 기술입니다. 각 셰arding된 데이터베이스는 동일한 데이터를 분산하여 저장하고, 각 데이터베이스는 특정 조건에 따라 데이터를 처리합니다. 이 기술은 대규모 데이터베이스 시스템에서 성능을 향상시키고, 데이터의 가용성을 높이는 데 사용됩니다.

데이터베이스",crosslingual,sharegpt,ko
391,Bllossom/llama-3.2-Korean-Bllossom-3B,"데이터베이스 셰arding(Sharding)는 데이터베이스를 여러 개의 작은 데이터베이스로 나누어 관리하는 기술입니다. 각 셰arding된 데이터베이스는 동일한 데이터를 분산하여 저장하고, 각 데이터베이스는 특정 범위의 데이터를 처리합니다. 이 방법은 데이터의 성능을 향상시키고, 데이터의 확장성을 높이는 데 도움이 됩니다.

데이터베이스 셰arding의 주요",crosslingual,sharegpt,ko
392,Bllossom/llama-3.2-Korean-Bllossom-3B,"""Deep-Aligned Convolutional Neural Network for Skeleton-Based Action Recognition and Segmentation""이라는 논문은 skeleton 데이터를 기반으로 동작을 인식하고 분리하는 데 사용되는 deep learning 모델의 아키텍처를 설명합니다. 이 논문은 다음과 같은 주요 구성 요소를 포함합니다:

1. **데이터 전처리**:
   - **데이터 수집**: 이 논문은 3D skeleton 데이터를 수집합니다. 이 데이터는",crosslingual,sharegpt,ko
393,Bllossom/llama-3.2-Korean-Bllossom-3B,"""Deep-Aligned Convolutional Neural Network for Skeleton-Based Action Recognition and Segmentation""이라는 논문을 읽고 요약해 보겠습니다.

이 논문은 신체 모형을 기반으로 하는 행동 인식과 분할을 위한 Deep-Aligned Convolutional Neural Network (CNN) 아키텍처를 제안합니다. 이 아키텍처는 신체 데이터를 분석하고 행동을 인식하는 데 사용되는 다양한 기술을 통합하여 성능을 향",crosslingual,sharegpt,ko
394,Bllossom/llama-3.2-Korean-Bllossom-3B,"""Deep-Aligned Convolutional Neural Network for Skeleton-Based Action Recognition and Segmentation""이라는 논문에서 제안된 아키텍처 디자인을 요약하면 다음과 같습니다.

### 논문 요약

이 논문은 skeleton-based action recognition과 segmentation에 대한 Deep-Aligned Convolutional Neural Network (DACNN)을 제안합니다. DACNN은 기존의 3D convolutional neural network (CNN)과 2D skeleton-based CNN을 결합하여",crosslingual,sharegpt,ko
395,Bllossom/llama-3.2-Korean-Bllossom-3B,"대기업이 되기 위해서는 여러 단계와 과정을 거쳐야 합니다. 아래는 일반적으로 대기업이 되기 위한 주요 단계입니다:

1. **기초 단계**:
   - **기초 자본을 확보**: 자본을 확보하고, 초기 자금을 모으는 것이 중요합니다. 이는 투자자, 자금 조달, 자본 투자 등 다양한 방법을 통해 이루어질 수 있습니다.
   - **기술",crosslingual,sharegpt,ko
396,Bllossom/llama-3.2-Korean-Bllossom-3B,"콘고글라트를 thành립하기 위한 단계는 다음과 같습니다:

1. **기초적 목표 설정**: 첫 번째 단계는 자신의 비즈니스 모델과 목표를 명확히 정의하는 것입니다. 이는 비즈니스 모델, 목표, 비용, 수익, 경쟁자 분석 등을 포함합니다.

2. **시장 조사 및 분석**: 시장의 경쟁 상황, 고객의 필요, 시장 규모 등을 조사하고 분석하여 비즈",crosslingual,sharegpt,ko
397,Bllossom/llama-3.2-Korean-Bllossom-3B,"음식 대체 제품의 판매 예측을 위해 다음의 단계를 따르면 가장 효과적인 방법을 찾을 수 있습니다:

1. **데이터 수집**:
   - **사용자 데이터**: 고객의 구매 기록, 사용 빈도, 제품 선택 패턴 등을 분석합니다.
   - **시장 데이터**: 시장 경쟁자 분석, 시장 성장률, 소비자 행동 패턴 등을 분석합니다.
   - **기존 데이터**: 이전의",crosslingual,sharegpt,ko
398,Bllossom/llama-3.2-Korean-Bllossom-3B,"음식 대체 제품의 판매 예측을 위해 다음을 고려하여 최적의 방법을 찾을 수 있습니다:

1. **시장 조사 및 분석**:
   - **시장 경쟁 분석**: 현재 시장에서 경쟁 제품의 판매량, 가격, 마케팅 전략 등을 분석합니다.
   - **고객 분석**: 고객의 성향, 구매 패턴, 피드백 등을 분석합니다.
   - **시장 동향 분석**: 시장 성장",crosslingual,sharegpt,ko
