id,model,completion,task,source,language
0,meta-llama/Llama-3.2-3B-Instruct,"열기구는 열을 발생시키는 장치로, 일반적으로 전기 또는 가스 등 에너지를 사용하여 열을 발생시킵니다. 열기구의 작동 방식은 다음과 같습니다.

1. **전기열기구**: 전기열기구는 전기를 전달하여 열을 발생시킵니다. 전기 전달은 전기 전류가 전기선에 전달되는 quá trình입니다. 전기 전류가",monolingual,native,ko
1,meta-llama/Llama-3.2-3B-Instruct,"상대방이 고의적으로 가시 돋힌 말로 상처 줄 때는, 그 사람의 감정을 이해하고, 그 사람의 감정을 존중하는 대응이 중요합니다.以下은 5가지 방법입니다.

1.  **감정에 대한 이해**: 상대방의 감정을 이해하고, 그 사람의 감정을 존중하는 대응을 하세요. 상대방이 가시 돋힌 말로 상처를 줄 때,",monolingual,native,ko
2,meta-llama/Llama-3.2-3B-Instruct,"이 글은 돼지엄마라는 용어를 사용하는 것을 비판하고, 그 용어를 사용하는 사람들을 비판하는 내용입니다.

저자는 돼지엄마라는 용어를 사용하는 것을 비판합니다. 돼지엄마라는 용어는 돼지가 새끼들을 끌고 다니듯이 자녀를 명문대에 보내기 위해 자녀 교육에 투자를 아끼지 않을 뿐만 아니라, 물불을",monolingual,native,ko
3,meta-llama/Llama-3.2-3B-Instruct,"콘크리트는 가스, 물, Cement, aggregates(가루, 돌, gravel 등)로 만든 물질입니다. 

1. 가스: 가스에는 주로 Silica sand, limestone, clay, iron oxide, alumina, feldspar 등이 포함됩니다.
2. 물: 물은 콘크리트의 수분량을 조절하여 강도와 강도, 강도에 따라 달라집니다.
3. Cement: Cement",monolingual,native,ko
4,meta-llama/Llama-3.2-3B-Instruct,"인구 감소는 경제에 미치는 영향은 다음과 같습니다.

1. **노동력 감소**: 인구 감소로 인해 노동력은 감소하여 노동력의 비율이 낮아질 수 있습니다. 이로 인해 노동력의 수요가 감소하여 노동력의 비율이 낮아질 수 있습니다.
2. **노동력의 비율 감소**: 인구 감소로 인해 노동력의 비율",monolingual,native,ko
5,meta-llama/Llama-3.2-3B-Instruct,"자바와 파이썬은 두 가지 프로그래밍 언어로, 각자 다양한 장점과 단점을 가지고 있습니다.

**자바의 장점 3가지:**

1.  **Object-Oriented Programming (OOP) 지원**: 자바는 OOP를 지원하는 언어로, 객체-지향적 프로그래밍을 사용하여 코드를 작성할 수 있습니다. 이로 인해 코드를 재사용할 수 있고, 유지",monolingual,native,ko
6,meta-llama/Llama-3.2-3B-Instruct,"다음은 기사 요약입니다.

한국은 세계적인 경쟁력을 갖춘 산업군을 갖고 있으며, 사우디, UAE, 카타르 등과 투자 계약을 체결했다. 한국은 유엔 산업 개발 기구에 따르면 제조업 경쟁력 지수에서 3위로 등급이 상승했다. 한국은 조선, 디스플레이, 석유화학, 자동차, 가공 공작기계, 철",monolingual,native,ko
7,meta-llama/Llama-3.2-3B-Instruct,"슈필데스야레스는 스페인에 위치한 마을로, 카스्त리야나 지방에 위치해 있습니다. 마을은 2007년 7월 1일 마을 자치체로 설립되었습니다. 슈필데스야레스는 카스्त리야나 지방의 마을 중 하나로, 2019년 1월에 1,000명이 넘는 인구를 가지고 있습니다.

슈필",monolingual,native,ko
8,meta-llama/Llama-3.2-3B-Instruct,"Environment 오염 문제는 현재 세계에서 가장 큰 문제 중 하나입니다. 환경 오염은 인간의 활동으로 인해 발생하는 환경의 오염을 말합니다. 환경 오염은 인간의 건강에 영향을 미치고, 자연의 생태계에 영향을 미치며, 환경 오염은 인간의 삶에 큰 영향을 미치고 있습니다.

이러한 환경 오염 문제를 이번 과학 시간에 다루고자 할 때, 학생들에게 다양한 주제를",monolingual,native,ko
9,meta-llama/Llama-3.2-3B-Instruct,"서울건강병원 산부인과 전문의는 ""산모의 식사요법에 대해 알려드릴게요.""

""산모는 임신 중에는 하루에 300칼로리, 분만한 이후 수유 중에는 500칼로리가 더 필요합니다. 또한, 성인여자는 하루에 2,000-2,200칼로리 정도 섭취하는 것이 적당합니다. 수유를 하지 않는 산모",monolingual,native,ko
10,meta-llama/Llama-3.2-3B-Instruct,"타경쟁사와 비용이 비슷하고 수익이 비슷한 경우, 가격 경쟁면에서 이기기 위해 독창적인 가격 차별화 전략을 구체적으로 추천해 드리겠습니다.

1.  **고객의 가치에 초점을 맞추는 가격 차별화 전략**: 타경쟁사와 비용이 비슷한 가격을 유지하면서도 고객의 가치에 초점을 맞추는",monolingual,native,ko
11,meta-llama/Llama-3.2-3B-Instruct,"**제목:** 고양이의 호기심을 자극하는 AI 장난감 - ""고양이의 동물 친구""

**제안서**

우리는 고양이의 호기심을 자극하는 AI 장난감을 개발하여 고양이 주인들이 고양이의 활동량을 유지하고, 고양이의 사냥 본능을 자극하는 장난감을 개발하고자 합니다.

**제품 설명**

*   장난",monolingual,native,ko
12,meta-llama/Llama-3.2-3B-Instruct,"기사의 주요 사상은 다음과 같습니다.

메타(페이스북 모회사)가 AI(인공지능) 이미지 정책을 내놨다.

1.  메타는 AI로 생성된 이미지를 사용자들이 식별할 수 있게 하는 정책을 시행한다.
2.  메타는 AI 도구 '메타 AI'를 사용해 만든 이미지를 '이매진드 위드 AI'라는 꼬리표를 붙여왔",monolingual,native,ko
13,meta-llama/Llama-3.2-3B-Instruct,"**불의 원리에 대한 초등학생 수업 계획**

**목표**

*   초등학생에게 불의 원리를 이해할 수 있게 해줍니다.
*   불의 원리를 재미있게 배울 수 있게 해줍니다.

**수업 내용**

1.  **수업 1: 불의 정의와 원리**
    *   불의 정의: 불은 화학적으로는 화학 반응을 일으",monolingual,native,ko
14,meta-llama/Llama-3.2-3B-Instruct,"이 기사는 하이트진로가 9일 자정을 기점으로 참이슬 후레쉬와 참이슬 오리지널의 출고가를 6.95% 인상할 것이라고 발표했다. 이 인상은 360㎖ 병과 1.8ℓ 미만 페트류가 인상 대상이며, '테라'와 '켈리' 등 맥주도 평균 6.8% 인상될 예정이다. 소",monolingual,native,ko
15,meta-llama/Llama-3.2-3B-Instruct,"약과를 만드는 레시피는 약물의 종류와 용도에 따라 다를 수 있지만, 일반적으로 약과를 만드는 레시피는 다음과 같은 단계를 포함한다.

**약과의 종류**

* 약과는 약물, 약물제, 약물제제, 약물제제제 등으로 나눌 수 있다.
* 약과는 약물, 약물제, 약물제제, 약물제제",monolingual,native,ko
16,meta-llama/Llama-3.2-3B-Instruct,"코골이와 수면무호흡증은 스트레스, 과로, 만성두통과 같은 다양한 건강 문제의 원인이 될 수 있다고 전문가들은 지적한다. 수면무호흡증 환자의 머리전체 및 두통 통증 유병률이 57%로 나타났으며 양압기 치료를 통해 통증 강도가 유의하게 감소했다고 밝혔다. 코골이와 수면무호",monolingual,native,ko
17,meta-llama/Llama-3.2-3B-Instruct,"바이킹은 8세기 중기부터 11세기 중기까지 존재한 노르웨이의 전설적인 전설인 인물입니다. 바이킹은 노르웨이의 전설적인 영웅으로, 노르웨이의 전설적인 전설인 '세이브니르'의 아들로 알려져 있습니다. 바이킹은 노르웨이의 전설적인 전설인 '로스리크'의 아들로 알려",monolingual,native,ko
18,meta-llama/Llama-3.2-3B-Instruct,"**불만 고객 응대의 중요성**

불만 고객 응대의 중요성은 고객의 불만을 해결하고 고객의 불만을 인식하는 데 있습니다. 불만 고객은 고객이 불만을抱고, 불만을 해결하지 않으면 고객이 다른 회사에ไป하는可能性가 높습니다. 불만 고객을 해결하지 않으면 고객의 신뢰와 충성도가 떨어질 수 있습니다. 따라서 불만 고객을 해결하는 것이 중요합니다.

**",monolingual,native,ko
19,meta-llama/Llama-3.2-3B-Instruct,"다음은 게임사와 게임 이름, 이벤트 이름의 형식으로 정리된 설날 이벤트입니다.

1. 넥슨 - 서든어택 - 접속 보상 이벤트
   - 2월 8일부터 14일까지 매일 정해진 시간에 게임 접속 시 1일 최대 7개의 다양한 보상을 지급한다.
   - 8일부터 22일까지 게임 접속 유지시간에 따라 특정 아이템과",monolingual,native,ko
20,meta-llama/Llama-3.2-3B-Instruct,"직원들의 작업 효율을 늘리기 위한 몇 가지 방법을 제안해 드리겠습니다.

1. **직원들의 목표 설정**: 직원들의 목표를 명확히 설정하여 them을 동기부여하고 motivation을 높여주는 것이 중요합니다. 목표를 설정할 때, 직원들은 자신들의 업무에 대한 목표를 설정할 수 있고, 자신들의 성과를 측정할 수 있습니다.

2. **직원들의",monolingual,native,ko
21,meta-llama/Llama-3.2-3B-Instruct,"**원격근무제도의 장점과 단점**

원격근무제도는 근로자들이 원격근무를 통해 일할 수 있는 환경을 제공하는 근로조합법 제도입니다. 원격근무제도는 근로자들이 원격근무를 통해 일할 수 있는 환경을 제공하는 근로조합법 제도입니다. 원격근무제도는 근로자들이 원격근무를 통해 일할",monolingual,native,ko
22,meta-llama/Llama-3.2-3B-Instruct,"연말 행사를 진행하기 위해서는まず 장소가 필요합니다. 장소는 연주자, 관객, 장소에 따라 다르지만 일반적으로는 다음을 고려하여 선택할 수 있습니다.

1.  **공공장소**: 공공장소는 공공기구, 공공주택, 공공공원 등이 있습니다. 공공장소는 공공기구나 공공주택의 경우, 공공주택의 소유",monolingual,native,ko
23,meta-llama/Llama-3.2-3B-Instruct,"주말에 아이들과 함께 할 수 있는 놀이 아이디어는 다음과 같습니다.

1.  **도시락 놀이** : 아이들이 도시락을 만들고, 도시락을 먹고, 도시락을 보관하는 놀이가 좋습니다. 아이들이 도시락을 만들 때, 아이들이 사용할 수 있는 재료를 준비해 주면 좋습니다. 예를 들어, bánh, 과일, 과자, 과일, 과자, 과자, 과",monolingual,native,ko
24,meta-llama/Llama-3.2-3B-Instruct,"상벌점제는 회사에서 직원들이 성과에 따라 상을 받는 제도입니다. 이 제도는 직원들이 성과에 따라 상을 받는 것을 목표로 하며, 직원들이 성과에 따라 상을 받는 것을 목표로 하기 때문에 직원들이 성과에 따라 상을 받는 것을 목표로 하기 때문에 직원들이 성과에 따라 상을 받는 것을 목표로 하기 때문에 직원",monolingual,native,ko
25,meta-llama/Llama-3.2-3B-Instruct,"숙박업소 운영을 하시고 있습니다.

숙박업소의 예약 수수료는 일반적으로 10%에서 20%까지의 비율로 계산됩니다. 예약 수수료는 예약일과 숙박비에 따라 달라집니다.

300만 원을 벌리기 위해서는 다음과 같은 예약 수수료가 필요할 수 있습니다.

*   예약 수수료 10% : 30만 원 (300만",monolingual,native,ko
26,meta-llama/Llama-3.2-3B-Instruct,"Issue3에 대한 대안을 제시해 보겠습니다.

Issue3 : 병원 주변의 청결 상태가 좋지 않다.

대안1 : 주변 청결 상태 개선
- 주변 청결 상태를 개선하기 위해, 병원 주변을 정기적으로 청소하고, 주변의 비용을 지출하여 청결을 유지하는 것을 목표로 한다.
- 예를 들어, 주변의 도로를 청소하고",monolingual,native,ko
27,meta-llama/Llama-3.2-3B-Instruct,"1. **프랜차이즈 선택**: 프랜차이즈를 선택할 때는 다양한 프랜차이즈를 비교하여 적합한 프랜차이즈를 선택해야 합니다. 프랜차이즈의 특징, 목표, 비용, 관리 수준, 그리고 소매점의 목표에 맞는 프랜차이즈를 선택해야 합니다.

2. **비용**: 프랜차이즈에 대한 비용을 고려해야 합니다",monolingual,native,ko
28,meta-llama/Llama-3.2-3B-Instruct,"이번 주에도 다양한 글로벌 경제지표가 발표를 앞두고 있습니다. 미국의 주간 증시 전망을 살펴보겠습니다.

1.  미국의 10월 근원 소매판매가 발표될 예정입니다.
    - 9월 소매판매는 코로나19 상황 속에서도 양호한 소비 심리를 나타냈으며 월스트리트저널 전망치는 0.2% 감소",monolingual,native,ko
29,meta-llama/Llama-3.2-3B-Instruct,"부정적인 후기:

1. 항공료가 다른 항공사대비 조금 높은 것 같아.
2. 체크인 하는데 너무 오래 걸렸어.
3. 체크인 카운터 위치를 찾기가 너무 힘들었어.
4. 이륙 시간이 계속 지연되어서 연결편을 놓칠 뻔했어.
5. 기내 담요의 청결상태가 좋지 못했어.
6. 뒷좌",monolingual,native,ko
30,meta-llama/Llama-3.2-3B-Instruct,"일러스트레이터가 되고 싶은데 퍼스널 브랜딩을 어떻게 하는지에 대한 아이디어를 알려드리겠습니다.

1.  **인물과 스타일**: 일러스트레이터가 되기 위해서는 인물과 스타일을 정해두는 것이 중요합니다. 예를 들어, 일러스트레이터가 좋아하는 색상, 모양, 스타일, 또는 특정한 장르",monolingual,native,ko
31,meta-llama/Llama-3.2-3B-Instruct,"요리 학원에서 20가지 한식 요리를 가르치는 프로그램을 짜보겠습니다.

**일자** | **요리 이름** | **요리 설명**
---------|-------------|-------------
1. 1일 | **한식 전통 요리** | 한식 전통 요리 (한식 전통 요리 1)
2. 2일 | **한식 중식 요리** | 한식 중식 요리 (한식 중식",monolingual,native,ko
32,meta-llama/Llama-3.2-3B-Instruct,"**초등학교 디지털 시민의식 교육 전략 수업 계획서**

**목표**

*   디지털 시민의식에 대한 이해를 높여주고, 디지털 시민의식에 대한 지식과 kỹ năng을 발전시키는 것을 목표로 합니다.
*   디지털 시민의식 교육을 통해 학생들이 디지털 시민으로서의 역할을 수행할 수 있도록 지원합니다.

**수업 내용",monolingual,native,ko
33,meta-llama/Llama-3.2-3B-Instruct,"오래 앉아 있는 것이 건강에 미치는 영향을 미치게 됩니다.

1.  **뇌에 미치는 영향을 미치게 됩니다.** 오래 앉아 있는 것은 뇌에 미치는 영향을 미치게 됩니다. 뇌는 주로 활동하는 동안에 에너지를 사용하기 때문에 오래 앉아 있는 것은 뇌에 에너지를 부족하게 됩니다. 이로 인해 뇌가 피로해지게 됩니다. 또한, 오래 앉",monolingual,native,ko
34,meta-llama/Llama-3.2-3B-Instruct,"길거리 음식 판매는 일반적으로 불법이 아니다. 많은 국가와 지역에서 길거리 음식 판매가 허용되어 있습니다. 그러나 특정 지역이나 시정촌에서 규제가 있을 수 있습니다.

한국에서는 길거리 음식 판매가 allowed가지만, 특정 지역이나 시정촌에서는 규제가 있을 수 있습니다. 예를 들어, 일부 지역에서는 길거리 음식 판매를 금지하고, 다른 지역에서는 특정 종류의 음식을",monolingual,native,ko
35,meta-llama/Llama-3.2-3B-Instruct,"강이나 산 등 야생에 살고 있는 동물들에게 먹이를 주면 안되는 이유는 다음과 같습니다.

1.  **자연의 cân형을 유지하기 위한 이유**: 야생 동물들은 자연의 cân형을 유지하기 위해 먹이를 주고 먹지 않도록 하는 것이 중요합니다. 만약 야생 동물들이 먹이를 많이 먹으면, 그들은 자연의 cân형을 잃고, 그로 인해 생존하기 어렵게 됩니다",monolingual,native,ko
36,meta-llama/Llama-3.2-3B-Instruct,"가상 현실(VR)가 의료 분야에 통합되면 환자 치료와 의료 교육에 많은 혁신을 가져올 수 있습니다. 환자 치료에서, 가상 현실은 환자와 의사 간의 상호작용을 시뮬레이션할 수 있게 해주어, 환자와 의사 간의 의사소통을 개선하고, 환자 치료의 효과를 개선할 수 있습니다.",monolingual,native,ko
37,meta-llama/Llama-3.2-3B-Instruct,"소비자가 매트리스를 고를 때 고려해야 하는 점은 다음과 같습니다.

1. ** size**: 매트리스의 크기는 소비자의 bedroom의 크기와 사용 habits에 따라 결정해야 합니다. 일반적으로 소비자는 90cm x 190cm, 100cm x 200cm, 120cm x 200cm, 150cm x 200cm, 180cm x 200cm, 200cm x 250cm, 200",monolingual,native,ko
38,meta-llama/Llama-3.2-3B-Instruct,"스타듀 밸리는 한국의 가수입니다. 5가지의 정보를 원기호를 이용해서 나열해 드리겠습니다.

1.  **이름**: 스타듀 (Star Du)
2.  **생년월일**: 1995년 12월 25일
3.  **국적**: 한국
4.  **소속사**: YG 엔터테인먼트
5.  **가수",monolingual,native,ko
39,meta-llama/Llama-3.2-3B-Instruct,"친환경 에너지의 필요성은 다음과 같습니다.

1.  **기후변화**: 기후변화는 지구의 온도 상승과 기상 pattern의 변화로 인해 기후 pattern의 변화로 인해 기후변화가 발생합니다. 이로 인해 기후 pattern의 변화로 인해 기후 pattern의 변화로 인해 기후 pattern의 변화로 인해 기후 pattern의 변화로 인해 기후 pattern의 변화로",monolingual,native,ko
40,meta-llama/Llama-3.2-3B-Instruct,"이 글의 중요 내용은 다음과 같습니다.

미국 행정부는 2025년까지 미국의 노숙자 인구를 25% 줄이기 위해 노숙자 '올인' 전략을 발표했습니다.

전략은 저소득층을 위한 저렴한 주택 공급을 늘리는 데 초점을 맞췄습니다.

정부는 저소득층을 위한 아파트를 더 건설하도록 유인하고 주택 공급에 장",monolingual,native,ko
41,meta-llama/Llama-3.2-3B-Instruct,"이어폰과 헤드폰은 두 가지가 있습니다. 

1.  **이어폰(Headset)** : 이어폰은 두 개 이상의 전자기기를 연결하여 사용할 수 있는 전자기기입니다. 일반적으로 이어폰은 모바일 기기와 컴퓨터를 연결하여 통화나 음성 인식, 비디오 시청 등 다양한 기능을 사용할 수 있습니다. 
2.  **헤드폰(Headphone)** : 헤드",monolingual,native,ko
42,meta-llama/Llama-3.2-3B-Instruct,"1.  **""일상에서 창의성으로 바꾸기""** *   주제: 일상에서 창의성을 발휘하는 방법 *   팟캐스트 내용: 일상에서 창의성을 발휘하는 방법에 대해 discussing 할 수 있습니다. 예를 들어, 일상에서 창의성을 발휘하는 방법으로는, 일상에서 발견하는 문제를 해결하는 방법, 새로운 아이디어를 brainstorming하는 방법, 창의적인",monolingual,native,ko
43,meta-llama/Llama-3.2-3B-Instruct,"디지털 노마드(Digital Nomad)とは、가장 최근에 성장하는 일자리입니다. 디지털 노마드는 디지털 기술을 사용하여 일할 수 있는 사람들을 말합니다. 디지털 노마드는 전통적인 văn적 노동장소에 제한되지 않고, 다양한 장소에서 일할 수 있습니다.

디지털 노마드는 다양한 분야에서 일할 수 있습니다. 예를 들어, 소셜 미디어,",monolingual,native,ko
44,meta-llama/Llama-3.2-3B-Instruct,연구팀은 흡연이 인체 건강에 미치는 영향에 대한 새로운 통찰을 제공했다. 연구 결과는 흡연이 면역 반응의 변동성에 미치는 영향을 이해할 수 있는 환경요인이 있음을 보여주었다.,monolingual,native,ko
45,meta-llama/Llama-3.2-3B-Instruct,"마케팅팀 신입사원 면접은 마케팅 전략, 고객 관리, 데이터 분석, 브랜드 관리, 마케팅 캠페인, 마케팅 전략 개발, 마케팅 팀워크, 고객 피드백, 마케팅 결과 분석, 마케팅 전략의 효과성 평가 등에 대한 질문을 포함합니다.以下은 마케팅팀 신입사원 면접에 대한 10개의 질문입니다.

1. **마케",monolingual,native,ko
46,meta-llama/Llama-3.2-3B-Instruct,"강이나 산 등 야생에 살고 있는 동물들에게 먹이를 주면 안되는 이유는 다음과 같습니다.

1.  **자연의 cân형을 유지하기 위한 이유**: 야생 동물들은 자연의 cân형을 유지하기 위해 먹이를 주고 먹지 않도록 하는 것이 중요합니다. 만약 야생 동물들이 먹이를 많이 먹으면, 그들은 자연의 cân형을 잃고, 그로 인해 생존하기 어렵게 됩니다",monolingual,native,ko
47,meta-llama/Llama-3.2-3B-Instruct,"**디지털 시민성 교육은 무엇인가?**

디지털 시민성 교육은 디지털 기술을 사용하는 데 도움이 되는 지식과 습관을 가르치는 교육입니다. 디지털 시민성 교육은 디지털 기술을 사용하는 데 도움이 되는 지식과 습관을 가르치는 교육입니다.

**디지털 시민성 교육의 목표**

디지털 시민성 교육의 목",monolingual,native,ko
48,meta-llama/Llama-3.2-3B-Instruct,"1. 기계 (기원전 3세기) - 기계는 기계가 발명된 후부터 다양한 산업과 기술의 발전을 촉진시켰습니다. 기계는 인간의 노동력을 효율적으로 사용할 수 있는 기계로, 산업 혁신을 도모한 중요한 발명품입니다.

2. 기계력시계 (1579년) - 기계력시계는 시간을 정밀하게 측정",monolingual,native,ko
49,meta-llama/Llama-3.2-3B-Instruct,"4D 영화와 2D 영화는 두 가지 fundamentally 다른 형태의 영화입니다. 4D 영화는 3D 영화와 더불어, 시각적 경험을 향상시키기 위해 특정 기술을 사용합니다. 5가지 차이점은 다음과 같습니다.

1. **시각적 경험**: 4D 영화는 3D 영화와 더불어, 시각적 경험을 향상시키기 위해 특정 기술을 사용합니다. ",monolingual,native,ko
50,meta-llama/Llama-3.2-3B-Instruct,"잔치국수는 한국의 전통적인 국수 레시피입니다. 잔치국수는 국수와 국물로 구성된 국물에 다양한 재료를 넣어 만든 국물입니다. 잔치국수는 일반적으로 국수와 국물이 가득한 국물로 구성되어 있습니다.

**재료**

*   국수 (국수 200g)
*   국물 (국수에 가득한 국물)
*   소",monolingual,native,ko
51,meta-llama/Llama-3.2-3B-Instruct,"한국에서 합법적으로 무기를 제작하는 것은 매우 복잡하고 제한된 분야입니다. 한국은 군인용 무기와 민간용 무기에 대한 제조를 제한적으로 허용합니다. below는 한국에서 합법적으로 무기를 제작하는 일반적인 방법에 대한 정보를 제공합니다.

1.  **군인용 무기 제조**: 한국은 군인용 무기 제조를 허용하는 경우가 많습니다. 군인용 무",monolingual,native,ko
52,meta-llama/Llama-3.2-3B-Instruct,"플라스틱은 분해되는 데 약 450년이 소요되며, 1950년부터 2021년까지 71년간 생산된 플라스틱 폐기물은 87억톤에 달하는 것으로 알려져 있습니다. 

이러한 플라스틱 폐기물은 분해되는 데 약 450년이 소요되며, 재활용 비율은 단 11%에 그친다는 점을 고려하면,",monolingual,native,ko
53,meta-llama/Llama-3.2-3B-Instruct,"""국밥"" 밀키트의 핵심 메시지는 다음과 같습니다.

""국밥을 위한 밀키트, 일상에서 더 풍부한 국밥을 만들 수 있는 간단한 방법을 제공합니다. 간단한 재료와 쉽게 구입할 수 있는 밀키트를 통해, 가족과 함께 즐거운 국밥 시간을 보내세요.""",monolingual,native,ko
54,meta-llama/Llama-3.2-3B-Instruct,"칠리는 한국의 전통적인 요리 중 하나로, 다양한 재료를 사용하여 다양한 맛과 색상으로 만드는 요리법을 가르쳐드리겠습니다.

**칠리 재료**

*   1.  1/2 kg 고기 (고기, 고기, 고기, 고기 등)
*   1/2 kg 채소 (양파, 양파, 양파, 양파 등)
*   1/2",monolingual,native,ko
55,meta-llama/Llama-3.2-3B-Instruct,"브랜드 옹호는 브랜드를 지지하고 지지하는 것을 의미합니다. 

1. 브랜드 
2. 옹호 
3. 지지 
4. 브랜드 
5. 지지 
6. 지지 
7. 지지 
8. 브랜드 
9. 옹호 
10. 지지 
11. 지지 
12. 지지 
13. 지지 
14. 브랜드 
15. 옹호",monolingual,native,ko
56,meta-llama/Llama-3.2-3B-Instruct,"지리학을 가르치기 위한 창의적인 수업 주제는 다음과 같습니다.

1.  **""지구의 미래: 지구의 미래를 위한 지리학적 전략""**

    *   주제: 지구의 미래를 위한 지리학적 전략
    *   목표: 학생들이 지구의 미래를 위한 지리학적 전략을 개발하고, 지구의 미래를 위한 지리",monolingual,native,ko
57,meta-llama/Llama-3.2-3B-Instruct,"키옥시아는 2023년 전례 없는 실적 악화를 겪었고, SK하이닉스는 1조원 이상의 손실을 입었다. 키옥시아의 실적 악화는 투자자산 평가 손실로 SK하이닉스의 자산 가치에 영향을 미쳤지만, 실제 현금 흐름에는 영향을 미치지 않았다. SK하이닉스는 2023년 4분기까지 다섯 개",monolingual,native,ko
58,meta-llama/Llama-3.2-3B-Instruct,"비콘 기술은 다양한 분야에서 사용되는 기술 중 하나입니다.以下은 비콘 기술에 대해 알아야 할 3가지를 숫자기호로 나열했습니다.

1. **비콘의 작동 원리**: 비콘은 전자파를 사용하여 전자파를 발생시키고, 이 전자파가 물질에 충돌하여 전자파를 방출하는 방식으로 작동합니다. 이 전자파는 비콘의 주변",monolingual,native,ko
59,meta-llama/Llama-3.2-3B-Instruct,"고등학생이 되시고 수학을 공부하는 분이시라면, 미분과 적분은 두 가지 중요한 수학 개념입니다. 이 두 개념은 수학의 다양한 분야에서 사용되며, 특히 미분은 연속성과 연속성에 대한 개념을 제공합니다. 이 두 개념을 이해하기 위해서는 수학적 개념과 수학적 연산을 이해하는 것이 중요합니다.

**분류**

1.",monolingual,native,ko
60,meta-llama/Llama-3.2-3B-Instruct,"다음 기관이 연구가 도움이 될 수 있는지에 대해 두 가지 기관을 추천해 드리겠습니다.

1. **한국학연구원 (Korean Studies Institute)**: 한국학연구원은 한국의 문화, 역사, 사회, 경제, 정치 등 다양한 분야에 대한 연구를 지원하는 기관입니다. 한국의 민족 정체성과 통일, 북한이탈주민에 대한 인식에 대한 연구를 수행하는 데에 도",monolingual,native,ko
61,meta-llama/Llama-3.2-3B-Instruct,"무상급식은 다양한 논란을 불러일으키는 요인 중 하나입니다.以下은 무상급식의 장점과 단점을 한 가지씩 알려드리겠습니다.

**장점:**

1.  **자원 절약**: 무상급식은 급식소에서 급식비를 지불하지 않아 급식비를 절약할 수 있습니다. 이로 인해 급식소의 비용을 절약할 수 있습니다.
",monolingual,native,ko
62,meta-llama/Llama-3.2-3B-Instruct,"카카오(035720)가 에스엠(041510) 인수 과정에서 주가를 조작했다는 의혹을 수사 중인 금융감독원이 카카오 법인에도 처벌을 검토하고 있습니다. 카카오 법인이 형사 처벌을 받을 경우 카카오뱅크(323410) 대주주 자격을 박탈당할 수 있습니다. 

금감원은 카카오 측이",monolingual,native,ko
63,meta-llama/Llama-3.2-3B-Instruct,"**경쟁이 학생들의 행복에 미치는 영향에 대한 연구 보고서**

**제목:** 경쟁이 학생들의 행복에 미치는 영향: 연구 방법, 결과, 및 제안

** abstract:**

경쟁은 학생들의 삶에 중요한 요소 중 하나로, 학생들의 성적, 사회적 지위, 및 인생의 happiness에 영향을 미칠 수 있습니다. 그러나 경쟁이 학생들의 행복에 미치는 영향에 대한 연구는Limitedly 있습니다.",monolingual,native,ko
64,meta-llama/Llama-3.2-3B-Instruct,"낚시카페의 이름을 만들 때는 다양한 요소를 고려하여 이름을 만들 수 있습니다. 낚시카페가 재미있고 특이한 느낌을 주고자 할 때는 다음과 같은 이름을 제안해 드리겠습니다.

1.  **어장의 달인** - 이 이름은 어장의 달인이란 의미를 지닌 이름으로, 낚시카페가 어장의 달인이 되고자 하는 느낌",monolingual,native,ko
65,meta-llama/Llama-3.2-3B-Instruct,"워라밸은 한국의 전통적인 가수와 댄스 장르로, 2000년대 후반에 시작된 장르이다. 워라밸은 한국의 가수와 댄서가 함께한 음악과 무용을 특징으로 한다. 워라밸은 한국의 가수와 댄서가 함께한 음악과 무용을 특징으로 하는 장르로, 2000년대 후반에",monolingual,native,ko
66,meta-llama/Llama-3.2-3B-Instruct,"이 글은 의사들의 '밥그릇'이란 '의사 수'가 크고 견고한 것을 말합니다. 의사들은 노력을 해서 얻은 자리니까, 그들을 자극하면 의료가 붕괴되기 때문에, 밥그릇을 양보하라는 요구가 있었지만 의사들은 결코 뺏기지 않았다. 의사들은 핵심 권한을 빼앗기는 데 반",monolingual,native,ko
67,meta-llama/Llama-3.2-3B-Instruct,"미국에서 소규모 창업을 करन다면, 다음과 같은 법인의 형태가 적합할 수 있습니다.

1. **Single-Member LLC (Limited Liability Company)**: 이 형태는 개인이 소유하고 있는 모든 자산이 개인의 개인 재산과 분리되며, 개인의 재산을 보호할 수 있습니다. 소규모 창업을 करन에 적합합니다.
2. **S-Corporation (S-Corp)**: S",monolingual,native,ko
68,meta-llama/Llama-3.2-3B-Instruct,"악세사리를 더 돋보이게 디스플레이하는 방법은 다음과 같습니다.

1. **고정품을 사용하세요**: 고정품을 사용하여 악세사리를 고정하여 디스플레이할 수 있습니다. 고정품은 악세사리를 고정하고 동시에 보관하는 데 도움이 됩니다.
2. **고정품에 아크릴 보드나 플라스틱 보드를 사용하세요**: 아크릴 보드",monolingual,native,ko
69,meta-llama/Llama-3.2-3B-Instruct,"2020년대 명품 시장은 다양한 트렌드가 동시에 발생했습니다.以下은 2020년대 명품 시장의 주요 트렌드입니다.

1. **디지털 명품**: 디지털 명품은 2020년대 명품 시장의 주류가 되었다. 디지털 명품은 전자제품, 모바일 기기, 소프트웨어, 및 온라인 플랫폼을 포함한 다양한 형태의 디지털",monolingual,native,ko
70,meta-llama/Llama-3.2-3B-Instruct,백화점 '빅3'가 사상 최대 매출을 기록했다. 고물가와 소비 심리 침체로 유통업계가 어려움을 겪는 가운데 백화점 '빅3'(롯데·신세계·현대백화점)가 사상 최대 매출액을 갈아치웠다. 대형 점포 성장에 힘입은 성과와 함께 소비 양극화에 따른 명,monolingual,native,ko
71,meta-llama/Llama-3.2-3B-Instruct,"이슈3에 대한 해결책은 다음과 같습니다.

*   화재의 위험이 있는 전기차의 경우, 화재 예방을 위한 안전 장치의 개발과 구축이 필요합니다. 
*   예를 들어, 화재 예방 장치가 장착된 전기차의 경우, 화재가 발생할 경우, 화재 예방 장치가 작동하여 화재를 예방할 수 있습니다. 
*   또한, 화재 예",monolingual,native,ko
72,meta-llama/Llama-3.2-3B-Instruct,"이 글은 공부에 대한 다양한 관점을 제시합니다. 

1. 공부는 일종의 버릇이기 때문에 익숙해지게 된다는 것이 중요합니다. 
2. 공부는 테크닉이기 때문에, 1년만 죽을 각오로 머리에 집어넣으면 된다는 것이 중요합니다. 
3. 공부를 하지 않으면 찝찝한 기분이 들 수 있습니다. 
4. 공부를 하기",monolingual,native,ko
73,meta-llama/Llama-3.2-3B-Instruct,"**불의 원리에 대한 초등학생 수업 계획**

**목표**

*   초등학생에게 불의 원리를 이해할 수 있게 해주고
*   불의 원리를 통해 과학적 thinking을 발전시킬 수 있게 해주고
*   재미있는 활동을 통해 불의 원리를 이해할 수 있게 해주고

**수업 내용**

1.  **수업 1: 불의 원리**

   ",monolingual,native,ko
74,meta-llama/Llama-3.2-3B-Instruct,"상견례를 하기에 좋은 장소는 다음과 같습니다.

1.  **도시의 전시관**: 전시관은 다양한 예술 작품과 문화를 전시하는 장소로, 상견례를 하기에 좋은 장소입니다. 예를 들어, 서울의 전시관이나 전주의 전시관을 추천합니다.
2.  **도시의 공원**: 공원은 자연의 아름다움과 조용한 분위기를 제공",monolingual,native,ko
75,meta-llama/Llama-3.2-3B-Instruct,"초등학교 교실 분위기에 적합한 행동을 하도록 칭찬, 보상, 인정 등 긍정적 강화 활용 전략은 다음과 같습니다.

1.  **칭찬**: 교실 분위기를 개선하기 위해 칭찬을 하기 위해서는 학생의 행동을 인식하고, 그 행동이 교실 분위기를 개선하는 데 도움이 된다는 점을 강조하는 것이 중요합니다. 예를 들어, ""오늘",monolingual,native,ko
76,meta-llama/Llama-3.2-3B-Instruct,"한국의 입시 미술은 한국의 미술의 전통과 현대의 미술의 상호작용으로 형성된 특징을 가지고 있습니다. 이에 따라 한국의 입시 미술은 다음과 같은 장점과 단점을 가지고 있습니다.

**장점:**

1.  **전통과 현대의 상호작용**: 한국의 입시 미술은 한국의 전통적인 미술과 현대의 미술의 상호작용으로 형",monolingual,native,ko
77,meta-llama/Llama-3.2-3B-Instruct,하버드는 다양한 목표를 달성할 수 있는 다양한 방법을 제공합니다. 하버드는 다양한 분야에서 다양한 목표를 달성할 수 있는 방법을 제공합니다. 하버드는 다양한 분야에서 다양한 목표를 달성할 수 있는 방법을 제공합니다. 하버드는 다양한 분야에서 다양한 목표를 달성할 수 있는 방법을 제공합니다. 하버드는 다양한 분야에서 다양한 목표를 달성할 수 있는 방법을 제공합니다. 하버,monolingual,native,ko
78,meta-llama/Llama-3.2-3B-Instruct,"비콘 기술은 다양한 분야에서 사용되는 기술 중 하나입니다.以下은 비콘 기술에 대해 알아야 할 3가지를 숫자기호로 나열했습니다.

1. **비콘의 작동 원리**: 비콘은 전자파를 사용하여 전자파를 발생시키고, 이 전자파가 물질에 충돌하여 전자파를 방출하는 방식으로 작동합니다. 이 전자파는 비콘의 주변",monolingual,native,ko
79,meta-llama/Llama-3.2-3B-Instruct,"외음부에 꽉 끼는 레깅스는 소음순에 지속적인 마찰을 일으켜 색소침착 및 소음순 비대증을 일으키는 원인이 될 수 있습니다. 레깅스의 자극에 의해 소음순이 커질 수 있으며, 밀착된 속옷과 지속적인 마찰이 생겨 부종과 통증을 불러오기도 합니다.

소음순은 성생활과 출",monolingual,native,ko
80,meta-llama/Llama-3.2-3B-Instruct,"정치 팟캐스트를 시작하는 데 고려해야 할 사항을 체크리스트를 만들었습니다.

📢 1. **목표와 목적** 
 - 팟캐스트의 목적은 무엇인가?
 - 목표는 무엇인가?
 - 목표를 달성하기 위한 방법은 무엇인가?

📝 2. **목표를 달성하기 위한 목적** 
 - 팟캐스트의 목적은 무엇인가?
",monolingual,native,ko
81,meta-llama/Llama-3.2-3B-Instruct,"미국에서 일반적인 기업 인수 합병 과정은 다음과 같은 단계를 거치며, 일반적으로 다음과 같은 순서로 진행됩니다.

1. **마케팅 및 인수 목표 설정**: 기업이 인수 목표를 설정하고, 인수할 기업을 선택합니다. 이때, 기업의 경쟁력, 수익 potential, 및 인수에 대한 기대된 이익을 고려합니다.
2. **인수 제안**: 인수 목",monolingual,native,ko
82,meta-llama/Llama-3.2-3B-Instruct,"식물의 유통명과 학명은 식물의 종류에 따라 다르며, 일반적으로 식물의 유통명은 식물의 종류와 지역에 따라 달라집니다.

**식물의 유통명**

식물의 유통명은 식물의 종류와 지역에 따라 달라집니다. 예를 들어, '사과'는 '사과'라는 유통명으로 알려져 있지만",monolingual,native,ko
83,meta-llama/Llama-3.2-3B-Instruct,"줄넘기는 다양한 장점과 단점을 가지고 있습니다.以下은 줄넘기의 장단점을 2가지씩으로 알려드리겠습니다.

**장점**

1. **신체 건강을 유지하는 데 도움이 됩니다**: 줄넘기는 근육을 강화하고 flexibility를 높여주어 신체 건강을 유지하는 데 도움이 됩니다.
2. **스트레스를 줄여줍니다**: 줄넘기는 스트레스를 줄",monolingual,native,ko
84,meta-llama/Llama-3.2-3B-Instruct,"초등학교 3학년 학생들이 창작물을 만들 수 있는 주제를 추천해 드리겠습니다.

1.  **도시의 미래** : 학생들은 도시의 미래를 상상하고, 도시의 भव지에, 교통, 교육, 건강, 환경 등 다양한方面에 대해 생각해 보세요. 도시의 미래를 만들 수 있는 다양한 방법을 생각해 보세요. 예를 들어, 도시의 미래에 대해 다음과 같은 질문을 해 보세요",monolingual,native,ko
85,meta-llama/Llama-3.2-3B-Instruct,"부모와 자녀 간의 소통을 강화하기 위한 제안서

1.  **자녀의 감정과 생각을 lắng nghe하기**: 부모는 자녀의 감정과 생각을 lắng nghe하고 이해하는 것이 중요합니다. 자녀가 말하는 것을จริงใจ로 lắng nghe하고, 자녀의 감정을 समझ고 지원하는 것이 중요합니다.
2.  **자녀의 의견을 존중하기**: 부모는 자녀",monolingual,native,ko
86,meta-llama/Llama-3.2-3B-Instruct,"인공지능으로 사진을 편집하는 기능을 추가한 소셜 미디어 플랫폼에 대한 3가지 재미있고 기발한 서비스를 제안합니다.

1. ** AI 가상 여행기**: 사용자들이 자신의 사진을 편집하여 가상 여행을 만들 수 있는 기능을 추가합니다. 사용자들은 자신의 사진을 편집하여 다양한 장소와 배경을 추가하여 가상 여행을 만들 수 있습니다. 예를 들어, 사용자가 자신의 사진",monolingual,native,ko
87,meta-llama/Llama-3.2-3B-Instruct,"코랄은 반월상연골판 파열에 대해 다음과 같이 요약합니다.

반월상연골판 파열은 등산이나 트래킹 등 야외 활동을 즐기다 보면 발생할 수 있는 관절 질환입니다. 무릎 관절은 가장 큰 관절 중 하나로, 반월상연골판의 부상으로 인해 병원을 찾는 환자들이 늘고 있습니다. 반월상연골판은 무",monolingual,native,ko
88,meta-llama/Llama-3.2-3B-Instruct,"크리스마스와 관련된 경제 지표 중 하나는 크리스마스 쇼핑이란 것입니다.

크리스마스 쇼핑은 크리스마스 시즌에 인기가 많은 쇼핑을 의미합니다. 크리스마스 쇼핑은 크리스마스 전과 크리스마스 후에 열리는 쇼핑을 말합니다. 크리스마스 쇼핑은 크리스마스 전에는 주로 기념품, 의류, 전자제품, 주",monolingual,native,ko
89,meta-llama/Llama-3.2-3B-Instruct,"건강한 식습관은 식사 habits를 통해 건강한 몸과 마음을 유지하는 것을 의미합니다. 건강한 식습관은 식사 habits를 통해 건강한 식품을 섭취하고, 건강한 식습관을 지키는 것을 의미합니다. 건강한 식습관은 식품의 질, 양, 시간, 식사 방법, 식사 주기 등 다양한 요소에 대한 조절을 통해 건강한 몸과 마음을 유지하는 것을",monolingual,native,ko
90,meta-llama/Llama-3.2-3B-Instruct,"카타르시스(카타르스, Cataract)とは、眼球 내부의晶状体(晶状体) 내부에 형성된 transparency가失われる 현상이다. 카타르시스는 주로 노인에게 발생하는 질병으로, 노인에게는 일반적으로 일상생활에 영향을 미치지 않는다. 그러나 카타르시스가 심각한 경우에는 시각 능력에 큰 영향을 미치고, 심",monolingual,native,ko
91,meta-llama/Llama-3.2-3B-Instruct,"기후변화는 교육 정책에 미치는 영향은 다음과 같습니다.

1. **기후변화 교육**: 기후변화에 대한 교육은 학생들에게 기후변화의 원인과 효과, 기후변화에 대한 대응策略, 그리고 기후변화에 대한 책임감을 가르치는 데 중점을 둡니다. 이 교육은 학생들이 기후변화에 대한 지식과 인식이 높아질 수 있습니다.
",monolingual,native,ko
92,meta-llama/Llama-3.2-3B-Instruct,"1.  **AI-powered 동물의 지능형 식량 관리**: AI 기술을 사용하여 동물의 식량 관리를 개선할 수 있습니다. 예를 들어, AI가 동물의 식량 소비 patterns를 분석하여 적절한 식량을 제공할 수 있습니다. 또한, AI가 동물의 건강 상태를 모니터링하여 적절한 의료를 제공할 수 있습니다.
2.  **AI-powered 동물의 지능형",monolingual,native,ko
93,meta-llama/Llama-3.2-3B-Instruct,"인공지능 기술은 경제적 불평등에 미치는 영향을 평가하기 위해 다음과 같은 점을 고려해야 합니다.

1.  **노동력의 thay đổi**: 인공지능 기술은 노동력의 thay đổi에 따라 경제적 불평등을 가중시킬 수 있습니다. 예를 들어, 인공지능 기술이 특정 노동을 automatize 할 경우, 노동자들이 새로운 노동 기회를 찾기 어렵게 되고, 불",monolingual,native,ko
94,meta-llama/Llama-3.2-3B-Instruct,"버그바운티 프로그램 제작 프로젝트를 시행하는 경우, 다음과 같은 5가지 사항이 포함되어 있어야 합니다.

1.  **목적 및 목표**: 버그바운티 프로그램의 목적과 목표를 명확히 정의하여 기획서에 포함합니다. 예를 들어, 버그바운티 프로그램은 버그를 발견하고 제거하는 것을 목표로 하는 프로그램이 될 수 있습니다.
2.  **대상자",monolingual,native,ko
95,meta-llama/Llama-3.2-3B-Instruct,"친구와 함께 여행을 가면 좋은 점 5가지는 다음과 같습니다.

1. **공유 경험**: 친구와 함께 여행을 가면 함께 경험할 수 있는 새로운 것들이 많습니다. 새로운 문화, 새로운 장소, 새로운 경험을 공유할 수 있습니다.
2. **지지와 지원**: 친구는 지지와 지원을 할 수 있습니다. 여행 중에 어려움을 겪을 때 친구가 도와줄 수 있습니다.
3. **공감",monolingual,native,ko
96,meta-llama/Llama-3.2-3B-Instruct,"양파는 다양한 건강益处를 제공하는 유기체입니다. 양파는 비타민 C, 비타민 E, 카보카인, 파인올, 파인올, 카르otenoid, 비타민 B6, 비타민 B1, 비타민 B2, 비타민 B3, 비타민 B5, 비타민 B7, 비타민 B9, 비타민 B12, 아미노산, 아",monolingual,native,ko
97,meta-llama/Llama-3.2-3B-Instruct,"건강한 식습관은 식사 habits를 통해 건강한 몸과 마음을 유지하는 것을 의미합니다. 건강한 식습관은 식사 habits를 통해 건강한 식품을 섭취하고, 건강한 식습관을 지키는 것을 의미합니다. 건강한 식습관은 식사 habits를 통해 건강한 식품을 섭취하고, 건강한 식습관을 지키는 것을 의미합니다.",monolingual,native,ko
98,meta-llama/Llama-3.2-3B-Instruct,"한국의 다문화 가정 학생 비율은 다음과 같습니다.

*   초등학교: 2020년 한국 통계청에 따르면, 한국의 다문화 가정 학생은 1,000명 중 0.6%가 있습니다. 
*   중학교: 2020년 한국 통계청에 따르면, 한국의 다문화 가정 학생은 1,000명 중 0.7%가 있습니다. 
*   고등학교: 2020",monolingual,native,ko
99,meta-llama/Llama-3.2-3B-Instruct,"미래 도시에서, 로봇 친구가 일상 생활을 함께 하며 혁신적인 기술을 발전시킨다. 로봇 친구는 일상 일과를 erle우며, 인공지능과 AI를 통해 지능형 서비스를 제공한다. 로봇 친구는 사람들을 도와, 지식 공유를 도와주며, 도시의 효율성을 높인다.",monolingual,native,ko
100,meta-llama/Llama-3.2-3B-Instruct,"AI를 인간 능력에 보조하기 위한 방법으로 사용하는 것은 다양한 장점이 있지만, 한 가지 일반적인 오해는 AI가 인간의 창의성과 인지 능력을 완전히 대체할 수 있다고 생각하는 것입니다.

이 오해는 AI가 인간의 창의성과 인지 능력을 완전히 대체할 수 있다고 생각하는 것입니다. 그러나 실제로 AI는 인간의 창의성과 인지 능력을 보조하기 위해 설계",crosslingual,okapi,ko
101,meta-llama/Llama-3.2-3B-Instruct,"Here's a common misconception about using AI to augment human capabilities in Korean:

**Misconception:** (, AI-gi jeong-ju-ui jeong-ju-ui jeong-ju-ui jeong-ju-ui jeong-ju-ui jeong-ju-ui jeong-ju-ui jeong-ju-ui jeong-ju-ui jeong-ju-ui jeong-ju-ui jeong-ju-ui jeong-ju-ui jeong-ju-ui jeong-ju-ui",crosslingual,okapi,ko
102,meta-llama/Llama-3.2-3B-Instruct,"**AI를 인간 능력에 보조하기 위한 일반적인 오해**

AI를 인간 능력에 보조하기 위한 기술은 다양한 분야에서 큰 성과를 거두고 있습니다. 그러나 AI를 인간 능력에 보조하기 위한 일반적인 오해가 있습니다.

**오해: AI가 인간의 지능을 대체할 수 있습니다.**

이 오해는 AI가 인간의 지능을 대체할 수 있다고 주장하는 것과 관련이 있습니다",crosslingual,okapi,ko
103,meta-llama/Llama-3.2-3B-Instruct,"기니 지수(Gini Index)는 사회 경제학에서 사용되는 지수로, 사회의 wealth 분배에 대한 지표입니다. 기니 지수는 0에서 1 사이의 수치로, 0은 완전한 공정한 분배를 의미하며, 1은 완전한 불평등을 의미합니다.

기니 지수를 계산하는 방법은 다음과 같습니다.

1. **데이터 수집**: 기니 지수를 계산하기",crosslingual,okapi,ko
104,meta-llama/Llama-3.2-3B-Instruct,"The Gini index is a statistical measure of income inequality, and it's calculated as follows:

1. **Data collection**: Gather data on the income distribution of a population. This can be done through surveys, administrative records, or other sources.
2. **Data sorting**: Sort the data in ascending order, from lowest to highest income.
3. **Cumulative percentage**: Calculate the cumulative percentage of the population below each income level. For example, if there are 100 people, the first ",crosslingual,okapi,ko
105,meta-llama/Llama-3.2-3B-Instruct,"Gini 지수는 사회economic 지수 중 하나로, 사회의 wealth 분포를 나타내는 지수입니다. Gini 지수의 계산 방법은 다음과 같습니다.

1. **데이터 수집**: Gini 지수를 계산하기 위해, GDP, 소득, 또는 wealth의 데이터가 필요합니다. 이 데이터는 일반적으로 국가 또는 지역에서 수집됩니다.
2. **데이터 정렬**: 수집한 데이터를 정렬하여 가장Poor한 사람",crosslingual,okapi,ko
106,meta-llama/Llama-3.2-3B-Instruct,"**1. Bitcoin의 역사와 발전**

비트코인(Bitcoin)은 2008년 1월 3일 나노스(NanoSec)라는 이름으로 설립된 비트코인 프로젝트에 의해 시작되었다. 이 프로젝트는 2008년 10월 31일에 ""비트코인: A Peer-to-Peer Electronic Cash System""이라는 이름으로 발표되었다. 비트코인은 2009년 1월 ",crosslingual,okapi,ko
107,meta-llama/Llama-3.2-3B-Instruct,"Here are four articles on the topic of cryptocurrency in Korean:

**Article 1: ""cryptocurrency의 발전과 미래"" (The Development and Future of Cryptocurrency)**

cryptocurrency는 2009년 Bitcoin의 창시로 시작된 이더리움과 같은 다양한 종류의 디지털 자산을 사용하여 전 세계적으로 인기를 얻은 디지털 자산입니다. cryptocurrency는 전통적인 금융 시스템에 대하여 대안으로 제시되",crosslingual,okapi,ko
108,meta-llama/Llama-3.2-3B-Instruct,"**Article 1: cryptocurrency의 역사와 발전**

cryptocurrency는 2008년 1월 3일에 Satoshi Nakamoto가 설립한 Bitcoin을 통해 시작되었다. Bitcoin은 전통적인 금융 시스템에 대한 대안으로 설계된 자산 전자화된 형태의 화폐이다. Bitcoin은 블록체인 기술을 사용하여 전 세계적으로 분산된 네트워크에 의해 관리되는 자산을 제공한다. 이 기술은",crosslingual,okapi,ko
109,meta-llama/Llama-3.2-3B-Instruct,"**기계 학습의 규제: 미래의 보안과 사회적 책임**

기계 학습은 최근 몇 년 동안 빠르게 발전해 왔으며, 다양한 산업에서 중요한 역할을 하고 있습니다. 기계 학습은 인공지능을 포함한 다양한 기술을 개발하고, 인간과 함께 일하는 데 사용됩니다. 그러나 기계 학습의 성장은 다양한 문제를 유발하고, 사회적 책임을 부여하는 것이 필요합니다",crosslingual,okapi,ko
110,meta-llama/Llama-3.2-3B-Instruct,"**기계적 인지의 규제: 미래의 미래를 위한 보안과 안정성**

기계적 인지(Artificial Intelligence, AI)는 현대의 기술의 진전으로 인해 rapidly 성장하고 있습니다. AI는 인간의 지적 능력과 능력을 보다 효율적으로 사용할 수 있는 기술로, 다양한 분야에서 사용되고 있습니다. 그러나 AI의 성장은 인간의 일과 일과 관련된 문제를 일으키",crosslingual,okapi,ko
111,meta-llama/Llama-3.2-3B-Instruct,"**기계적 인지의 규제에 대한 의견: 인류의 미래를 위한 보안과 보장**

기계적 인지(Artificial Intelligence, AI)는 최근 몇 년 동안 빠르게 발전하고 있으며, 인간의 삶을 크게 영향을 미치고 있습니다. AI는 다양한 분야에서 사용되며, 인공지능, tự động화, 데이터 분석, 의료, 교육, 경제, 및 보안 등 다양한 분야에서 사용됩니다. 그러나",crosslingual,okapi,ko
112,meta-llama/Llama-3.2-3B-Instruct,"**어둠 속의 유령 (The Shadows of the Abyss)**

어둠 속에서, 한 명의 여인은 어둠 속에서 살고 있습니다. 그녀는 어둠 속에서 살고 있는 유령을 만났습니다. 그녀는 어둠 속에서 살고 있는 유령을 만났습니다. 그녀는 어둠 속에서 살고 있는 유령을 만났습니다. 그녀는 어둠 속에서 살고 있는 유령을 만났습니다",crosslingual,okapi,ko
113,meta-llama/Llama-3.2-3B-Instruct,"**하늘에 달이 내리다 (The Falling Stars)**

하늘에 달이 내리다. 그들은 하늘에서 내리다. 그들은 하늘에서 내리다. 그들은 하늘에서 내리다.

그들은 하늘에서 내리다. 그들은 하늘에서 내리다. 그들은 하늘에서 내리다.

그들은 하늘에서 내리다. 그들은 하늘에서 내리다. 그들은 하늘",crosslingual,okapi,ko
114,meta-llama/Llama-3.2-3B-Instruct,"** warning: This story contains graphic content and may not be suitable for all audiences **

**""The Shadow in the Mirror""**

** (, Saeng-i-eui Miro)

**Chapter 1: The Mysterious Reflection**

Min-ju had always been fascinated by the old, abandoned house on the hill. As a child, she would dare herself to walk past its crumbling facade, feeling an eerie thrill run down her spine. The once-grand mansion had been vacant for decades, its",crosslingual,okapi,ko
115,meta-llama/Llama-3.2-3B-Instruct,"제목: 영국의 Brexit의 영향을 요약 (The Impact of Brexit on the United Kingdom)

 Brexit는 영국의 independence를 위해 열린 의회에서 2016년 6월 23일 열린 국회 투표에서 승인된 영국의 EU membership를 떠나기 위한 투표로, 영국의 정치적, 경제적, 사회적 impact를 미리 예상할 수 있는지에 대해 많은 논쟁이 있었다. 이 보고서는 Brexit의 impact를",crosslingual,okapi,ko
116,meta-llama/Llama-3.2-3B-Instruct,"**Brexit의 영국에 대한影响**

 Brexit은 영국의 independence를 위해 2016 년 6 월 23 일에 열린 국회에서 통과된 영국의 independence를 위해 2016 년 6 월 23 일에 열린 국회에서 통과된 영국의 independence를 위해 2016 년 6 월 23 일에 열린 국회에서 통과된 영국의 independence를 위해 2016 년 6 월 23 일에 열",crosslingual,okapi,ko
117,meta-llama/Llama-3.2-3B-Instruct,"** Brexit의 영국에 대한影响: 영국의 경제, 정치, 사회적 변화**

 Brexit는 영국의 독립을 위해 2016년 6월 23일 열린 국회 투표에서 승인된 영국의 EU에 대한 탈퇴를 의미합니다. 이 결정은 영국의 경제, 정치, 사회적 시스템에 큰 영향을 미치고 있습니다.

**경제적影响**

 Brexit는 영국의 경제에 큰 영향을 미치었습니다. 영국은 EU의 자유",crosslingual,okapi,ko
118,meta-llama/Llama-3.2-3B-Instruct,"**자연식 식품의 이점: 건강을 위한 선택**

자연식 식품은 현대의 식품 산업에서 가장 중요한 문제 중 하나입니다. 많은 사람들은 식품의 원료에 대한 지식이 부족하여 건강을 위해 자연식품을 선택하지 못합니다. 그러나 자연식품은 건강을 위한 선택이 될 수 있습니다. 이 기사는 자연식품의 이점을 알려드리겠습니다.

**1. 건강한 영양소**

자",crosslingual,okapi,ko
119,meta-llama/Llama-3.2-3B-Instruct,"**자연식 식품의 이점: 건강한 식사에 도움이 될 수 있습니다**

자연식 식품은 식품의 공급사에서 가장 큰 변화 중 하나입니다. 자연식품은 식품의 원료가 자연에서 자라거나 재배된 것일 때, 또는 자연적으로 발생한 것일 때 만들어진 식품을 말합니다. 자연식품은 다양한 건강 이점을 제공할 수 있습니다.

**1. 건강한 영",crosslingual,okapi,ko
120,meta-llama/Llama-3.2-3B-Instruct,"**자연식 식품의 이점: 건강한 식사에 도움이 될 수 있습니다**

자연식 식품은 현대의 식사에 대한 새로운 방향을 제공하는 rapidly-growing industry입니다. 자연식품은 식품의 원료가 자연에서 자라거나 재배된 것일 때, 또는 자연적으로 발생한 것일 때, 또는 자연적으로 발생한 것일 때, 또는 자연적으로 발생한 것일 때, 또는 자연적으로 발생한 것",crosslingual,okapi,ko
121,meta-llama/Llama-3.2-3B-Instruct,"제목: 재산 분배의 필요성: 사회적 평등을 위한 도전

재산 분배는 사회적 불평등을 해결하고 사회적 평등을 달성하기 위한 필수적인 단계입니다. 재산 분배는 재정적 기회를 공平하게 분배하여 모든 사람에게 기회를 제공하는 것을 목표로 합니다. 재산 분배는 재산의 불공평한 분배로 인한 사회적 불",crosslingual,okapi,ko
122,meta-llama/Llama-3.2-3B-Instruct,"**Title:** wealth distribution reform: a necessary step towards a more equitable society

**Introduction**

In today's world, the wealth gap between the rich and the poor has reached unprecedented levels. The concentration of wealth among the elite has led to widespread poverty, inequality, and social unrest. It is imperative that we rethink our economic system and implement policies that promote a more equitable distribution of wealth. Redistribution of wealth is not only a moral imperative but also a necessary step towards creating a more just and prosperous society",crosslingual,okapi,ko
123,meta-llama/Llama-3.2-3B-Instruct,"제목: 재산 재분배는 आवश성입니다

재산 재분배는 사회에서 불평등을 해결하고 경제적 안정성을 확보하기 위한 필수적인 수단입니다. 많은 사람들은 재산 재분배가 불공정한 것으로 여겨지만, 실제로它는 사회의 불평등을 해결하고 경제적 안정성을 확보하기 위한 중요한 도구입니다.

첫째, 재산 재분배는 사회의 불",crosslingual,okapi,ko
124,meta-llama/Llama-3.2-3B-Instruct,"**건강한 식사: 우리의 미래를 위한 필수**

건강한 식사는 우리의 삶의 질을 향상시키는 데 중요한 역할을 한다. 건강한 식사는 우리의 신체와 마음을 건강하게 유지하는 데 도움이 되며, 우리의 삶의 질을 향상시키는 데 중요한 역할을 한다. 그러나 많은 사람들은 건강한 식사를 중요하다고 생각하지 않으며, 음식에 대한 부정적인",crosslingual,okapi,ko
125,meta-llama/Llama-3.2-3B-Instruct,"**건강한 식사: 우리의 미래를 위한 필수**

건강한 식사는 우리의 삶의 질을 향상시키는 데 중요한 역할을 한다. 건강한 식사는 우리의 신체와 마음을 건강하게 유지하는 데 도움이 되며, 우리의 미래를 위한 필수적인 요소이다. 그러나 많은 사람들은 건강한 식사를 중요하게 생각하지 않으며, 음식에 대한 부정적인 태도를 가지고 있다.",crosslingual,okapi,ko
126,meta-llama/Llama-3.2-3B-Instruct,"**건강한 식사: 건강한 삶의 핵심**

건강한 식사는 건강한 삶의 핵심입니다. 건강한 식사는 우리의 bodies와 minds를 건강하게 유지하는 데 crucial한 역할을 합니다. 건강한 식사는 우리의 건강을 유지하고, 질병을 예방하는 데 도움이 됩니다. 그러나 많은 사람들은 건강한 식사를 중요하게 생각하지 않으며, unhealthy한 식사를 선택합니다. 이 글에서는 건강한 식",crosslingual,okapi,ko
127,meta-llama/Llama-3.2-3B-Instruct,"**AI의 미래: 기회와 위험**

지난 20년 동안, 인공지능(Artificial Intelligence, AI)가 인간의 삶에 큰 영향을 미쳤습니다. AI는 다양한 분야에서 사용되며, 인공지능을 사용하는 회사들이 점점 더 많아지고 있습니다. 그러나 AI의 미래는 어떤 방향으로 가는지에 대한 의견이 분분합니다.

AI는 인간의 삶을 개선하는 데 큰 도",crosslingual,okapi,ko
128,meta-llama/Llama-3.2-3B-Instruct,"**AI: The Future of Humanity or a Threat to Our Existence?**

Artificial intelligence (AI) has been a topic of discussion for decades, and its impact on our lives is becoming increasingly evident. From virtual assistants like Siri and Alexa to self-driving cars and personalized product recommendations, AI is transforming the way we live and work. However, as AI becomes more advanced, it also raises important questions about its potential consequences on humanity.

On one hand, AI has the potential to bring about tremendous",crosslingual,okapi,ko
129,meta-llama/Llama-3.2-3B-Instruct,"**AI의 미래: 기대와 우려**

Artificial intelligence (AI)가 인간의 삶을 바꾸는 기술로 자리 잡고 있습니다. AI는 인간의 지적 능력을 보다 효율적으로 사용할 수 있는 기술로, 다양한 분야에서 사용되고 있습니다. 그러나 AI의 미래는 어떤 방향으로ไป할지 여부는 여전히 논쟁의 여지가 있습니다.

AI는 인간의 삶을 보다 편리하게 만드는 데",crosslingual,okapi,ko
130,meta-llama/Llama-3.2-3B-Instruct,"**한 여름의 소나타**

여름이 오는 날, 한 여름의 소나타가 시작된다. 한 여름의 소나타는 한 여름의 소나타가 시작되는 날, 한 여름의 소나타가 끝나는 날, 한 여름의 소나타가 시작되는 날, 한 여름의 소나타가 끝나는 날... 이와 같은 반복이 계속된다.

그는 한 여름의 소나",crosslingual,okapi,ko
131,meta-llama/Llama-3.2-3B-Instruct,"**The Mysterious Island of Dreams**

In the heart of the East Sea, there existed a mystical island shrouded in mist and legend. The island was known as ""Sungnyeondo,"" which translates to ""Island of Dreams"" in Korean. It was said that anyone who stepped foot on the island would be granted the power to fulfill their deepest desires.

The story begins with a young woman named Hye-ji, who had always been plagued by vivid dreams of a life she",crosslingual,okapi,ko
132,meta-llama/Llama-3.2-3B-Instruct,"**""마을의 bí mật"" (The Village's Secret)**

마을은 한 번에 100명이 살고 있는 작은 마을이었다. 마을은 한 번에 100명이 살고 있는 작은 마을이었다. 마을은 한 번에 100명이 살고 있는 작은 마을이었다. 마을은 한 번에 100명이 살고 있는 작은 마을이었다. 마을은 한 번에 100명이 살고 있는",crosslingual,okapi,ko
133,meta-llama/Llama-3.2-3B-Instruct," recycling은 우리의 미래를 위한 중요한 일입니다. 재활용은 우리의 환경을 보호하고, 자원 보존을 위한 중요한 역할을 합니다. 재활용은 재활용된 물질을 재사용하여 새로운 물질로 만드는 것을 의미합니다. 재활용된 물질은 재활용된 물질을 재사용하여 새로운 물질로 만드는 것을 의미합니다.

재활용은 우리의 환경을 보호하는 데 중요한",crosslingual,okapi,ko
134,meta-llama/Llama-3.2-3B-Instruct,"** recycling의 중요성에 대한 논의**

 recyling은 우리의 환경을 보호하고 재활용하는 중요한 방법 중 하나입니다. 재활용은 재활용된 물질을 재사용하여 새로운 물질로 만드는 것을 의미합니다. 재활용은 우리의 환경을 보호하기 위해 매우 중요합니다. 재활용된 물질은 재활용된 물질을 재사용하여 새로운 물질로 만드는 것을 의미합니다. 재활용",crosslingual,okapi,ko
135,meta-llama/Llama-3.2-3B-Instruct," recycling의 중요성에 대한 논의

 recyling은 우리의 환경을 보호하고 재활용하는 중요한 방법입니다. 재활용은 재활용된 물질을 재사용하여 새로운 물질로 만드는 것을 의미합니다. 재활용은 재활용된 물질을 재사용하여 새로운 물질로 만드는 것을 의미합니다. 재활용은 재활용된 물질을 재사용하여 새로운 물질로 만드는 것을 의미합니다",crosslingual,okapi,ko
136,meta-llama/Llama-3.2-3B-Instruct," Brexit은 영국과 유럽 연합(EU) 간의 분리로 2016년 6월 23일 영국이 EU에서 탈퇴를 선언한 사건이다. 이 사건은 영국의 경제, 정치, 사회, culture 및 국제 관계에 큰 영향을 미치고 있다.

 Brexit은 영국의 경제에 큰 영향을 미치고 있다. 영국은 EU의 자유 무역 지역에서 47%의 수출을 받았다. 영국은 EU의 경제에",crosslingual,okapi,ko
137,meta-llama/Llama-3.2-3B-Instruct,"**Brexit의 결과: 유럽 연합의 변화**

2016년 6월 23일, 영국은 유럽 연합(EEU)에서脱离하기로 결정한 Brexit을 발표했습니다. 이 결정은 유럽 연합의 역사상 가장 큰 변화 중 하나로, 영국의 경제, 정치, 사회, 및 국제 관계에 큰 영향을 미쳤습니다.

**경제적 변화**

Brexit은 영국의 경제에 큰 영향을 미쳤습니다.",crosslingual,okapi,ko
138,meta-llama/Llama-3.2-3B-Instruct,"**브리튼을 떠난 후의 변화**

브리튼을 떠난 후, 영국은 다양한 변화에 직면했다. 2016년 6월 23일, 영국은 유럽 연합(EU)에서 탈퇴를 선언했다. 이 결정은 영국의 경제, 정치, 사회, 및 국제 관계에 큰 영향을 미치고 있다.

**경제적 변화**

브리튼의 경제는 Brexit으로 인해 큰 변화가 발생했다. 영국",crosslingual,okapi,ko
139,meta-llama/Llama-3.2-3B-Instruct,"**시대가 바뀌어버린 도시**

그는 어둠 속에서 깨어났다. 그의 머리는 어지러워서 그는 눈을 감고 다시 깨어났다. 그는 자신의 이름을 말할 수 없고, 자신의 위치를 알 수 없게 되었다. 그는 어두운 방에 있는 침대에서 깨어났다. 그의 머리는 어지러워서 그는 눈을 감고 다시 깨어났다. 그는 자신의 이름을 말할 수 없고",crosslingual,okapi,ko
140,meta-llama/Llama-3.2-3B-Instruct,"**Title:** ""The Stranger in the Unfamiliar City""

**Chapter 1: The Lost Soul**

Min-soo woke up to the sound of unfamiliar sounds and the feeling of an unfamiliar bed. He rubbed his eyes, trying to shake off the haze of sleep. Where was he? He looked around, but everything seemed foreign. The room was small and plain, with a single window that let in a sliver of sunlight. A small table and chair sat in the corner, with a",crosslingual,okapi,ko
141,meta-llama/Llama-3.2-3B-Instruct,"**미스터리한 도시에서 만난 남자**

그는 어둠 속에서 깨어난다. 그의 눈이 열리자 그는 어두운 방을 보게 된다. 그는 자신의 이름을 말할 수 없고, 그의 주변을 보아도 어떤 곳인지 알 수 없다. 그는 어두운 방에 있는 침대에 앉아 있다. 그의 머릿속은 혼란스럽다. 그는 어떤 곳에 있는지, 어떤 समय에 있는지",crosslingual,okapi,ko
142,meta-llama/Llama-3.2-3B-Instruct,"**시대여행의 위험한 바이러스**

세계는 21세기에서 20세기로의 전환을 맞이했다. 새로운 기술이 발전하고, 인류는 새로운 세계를 khám phá하기 시작했다. 하지만, 한 가지 위험한 바이러스가 존재했다. 이 바이러스가 ""시대여행 바이러스""로 알려진 ""Chrono""였으며, 사람들을 다른 시기에 이끌어 가는 능력을",crosslingual,okapi,ko
143,meta-llama/Llama-3.2-3B-Instruct,"**""Time Traveler's Dilemma""**

In the year 2154, the world was on the brink of a technological revolution. The invention of the NeuroCore, a revolutionary AI-powered computer virus, had the potential to change the course of human history. Created by the brilliant but reclusive scientist, Dr. Lee, the NeuroCore was designed to grant users the ability to travel through time.

The virus was initially met with skepticism, but its potential benefits soon became apparent. People from",crosslingual,okapi,ko
144,meta-llama/Llama-3.2-3B-Instruct,"**시대여행 바이러스 (Time Travel Virus)**

 Seoul, 2023년 12월 15일

한 번에 많은 사람들이 시대여행을 할 수 있는 바이러스가 나왔다. 이 바이러스가 사람들을 시간으로 이끌어 가는 것이었다. 사람들은 이 바이러스에 감염되면 시대여행을 할 수 있는 기회를 얻었다.

이 바이러스가 나온 후, 많은 사람들이 이 바이러스에",crosslingual,okapi,ko
145,meta-llama/Llama-3.2-3B-Instruct,"**적극적인 소통 스킬: 성공을 위한 핵심 요소**

소통은 인간의 삶의 모든方面에서 매우 중요합니다. 우리는 일, friendship, 가족, 사회, 그리고 개인적인 관계에서 모두 소통을 통해 다른 사람들과 상호 작용합니다. 그러나 소통은 단순히 말하는 것만으로는 부족하지 않습니다. 적극적인 소통 스킬은 성공을 위한 핵심 요소입니다.

**적극",crosslingual,okapi,ko
146,meta-llama/Llama-3.2-3B-Instruct,"**적극적인 소통 스킬: 성공을 달성하기 위한 핵심 요소**

소통은 인간의 삶의 모든方面에서 중요한 역할을 한다. 우리는 일, friendship, 가족, 사회, 그리고 개인적인 관계에서 모두 소통을 통해 다른 사람들과 상호작용을 하며, 정보를 공유하고, 의견을 나누고, 의사소통을 하며, 이해를 하며, 문제를 해결하고, 관계를",crosslingual,okapi,ko
147,meta-llama/Llama-3.2-3B-Instruct,"**적극적인 소통 스킬: 성공을 달성하기 위한 핵심 요소**

소통은 인간의 삶의 모든方面에서 매우 중요합니다. 소통은 우리가 다른 사람들과 상호작용할 때, 우리가 의견을 표현하고, 다른 사람의 의견을 이해할 때, 우리가 의사소통을 할 때 매우 중요합니다. 적극적인 소통 스킬은 우리가 성공을 달성하기 위한 핵심",crosslingual,okapi,ko
148,meta-llama/Llama-3.2-3B-Instruct,"**machine learning**

machine learning은 인공지능의 한 부분으로, 컴퓨터가 데이터를 분석하고 patterns를 인식하는 것을 통해 itself를 개선하는 기술입니다. 이 기술은 데이터가 주어졌을 때, 컴퓨터가 데이터를 분석하고 patterns를 인식하는 것을 통해 itself를 개선하는 것을 목표로 합니다.

machine learning은 데이터를 분석하고 patterns를 인식하는 것을 통해 computer가 itself를 개선하는 것을 목표로 합니다.",crosslingual,okapi,ko
149,meta-llama/Llama-3.2-3B-Instruct,"**기계 학습의 발전: 인공지능의 미래**

기계 학습은 인공지능의 핵심 기술 중 하나로, 인공지능 시스템이 데이터를 학습하여 خود를 개선하는 것을 목표로 한다. 기계 학습은 인공지능 시스템이 데이터를 학습하여 새로운 지식을 얻고, 새로운 문제를 해결하는 데 도움이 되는 기술이다. 기계 학습은 다양한 분야에서 사용되며, 인",crosslingual,okapi,ko
150,meta-llama/Llama-3.2-3B-Instruct,"**기계 학습의 발전: 인공지능의 미래**

기계 학습은 인공지능(Artificial Intelligence, AI) 분야에서 가장 중요한 개념 중 하나입니다. 기계 학습은 컴퓨터가 데이터를 분석하고 patterns를 인식하는 능력을 발전시켜 주는 기술입니다. 기계 학습은 인공지능의 핵심적인 구성 요소 중 하나로, 인공지능 시스템이 데이터를 학습하고 예측",crosslingual,okapi,ko
151,meta-llama/Llama-3.2-3B-Instruct,"**유전적 개량식 식물의 장단점**

유전적 개량식 식물은 식물의 특성과 성질을 개량하기 위해 유전학적 기술을 사용하는 식물 개량 방법입니다. 유전적 개량식 식물은 다양한 목적을 위해 사용되며, 식량 증가, 저렴한 비용, 환경 보존, 및 건강한 식품을 제공하는 것과 같은 장점이 있습니다. 그러나",crosslingual,okapi,ko
152,meta-llama/Llama-3.2-3B-Instruct,"**기जन성 식물의 장단점: 기전식 식물의 장점과 단점**

기전식 식물은 식물의 유전자를 조작하여 특정 특성을 추가하거나 개선하는 과정을 통해 만들어진 식물입니다. 기전식 식물은 다양한 목적을 위해 사용되며, 식량 생산을 증가시키기, 식물의 저항성을 향상시키기, 식물의 성장 속도를 개선",crosslingual,okapi,ko
153,meta-llama/Llama-3.2-3B-Instruct,"**유전적 개량식 식물에 대한 장점과 단점**

유전적 개량식 식물은 식물의 특성과 성질을 개량하기 위해 유전학적 기술을 사용하는 식물 개량 방법입니다. 유전적 개량식 식물은 다양한 목적을 위해 사용되며, 식량 향상, 질 향상, 저렴한 비용, 환경 friendliness 등이 있습니다. 그러나 유전적 개량",crosslingual,okapi,ko
154,meta-llama/Llama-3.2-3B-Instruct,"저는 한국어로 글을 쓰겠습니다.

-poverty의 원인에 대해 discussing 할 때, 여러 가지 요인들이 존재합니다. 

1.  **경제적 요인**: 경제적 요인은 가장 큰 원인이 됩니다. poverty는 경제적 상황에 따라 발생할 수 있습니다. 예를 들어, 고용의 부족, 고용의 비용이 높은 industry, 또는 경제적 자본의 부족이 poverty를 유발할 수 있습니다. 또한,",crosslingual,okapi,ko
155,meta-llama/Llama-3.2-3B-Instruct,"**세계의 가난의 원인**

세계의 가난은 다양한 요인에 의해 영향을 받으며, 그 원인은 복잡하고 다각적이다. 가난은 경제적, 사회적, 정치적, 환경적, 건강적, 교육적, 그리고 가족적 요인들에 의해 영향을 받을 수 있다. 이 essay에서는 세계의 가난의 원인을 다각적으로 분석하고, 그 원인에 대한 대안을 제시할 것이다.

",crosslingual,okapi,ko
156,meta-llama/Llama-3.2-3B-Instruct,"저는 저의 지식의 최신 날짜는 2023년 12월입니다. 

贫困의 원인은 복잡하고 다각적이며, 다양한 요인들이 상호 작용하여 인류의 삶을 ảnh hưởng합니다. 이 essay에서는贫困의 원인에 대해 다루어 보겠습니다.

첫째, 경제적 요인은贫困의 주요 원인이 중 하나입니다. 경제적 요인으로는 고용의 부족, 고용",crosslingual,okapi,ko
157,meta-llama/Llama-3.2-3B-Instruct,"**코딩 교육을 학교에 포함시키기: 미래의 기술자로의 준비**

코딩은 현대의 기술 발전에 큰 역할을 하고 있습니다. 많은 기업은 코딩 능력을 가지는 인력을 선호하고, 코딩 교육을 받지 않은 학생들은 경쟁력에 부족할 수 있습니다. 학교에서 코딩 교육을 포함하는 것은 학생들의 미래를 준비하는 데 중요한 역할을 할 수 있습니다.

**코딩 교육의",crosslingual,okapi,ko
158,meta-llama/Llama-3.2-3B-Instruct,"**Title:** (, ""Coding Education: The Future of Learning"")

**Introduction**

In today's rapidly changing world, technology plays an increasingly important role in our daily lives. As we navigate the digital age, it's essential for students to develop coding skills to stay competitive and adapt to the demands of the modern workforce. However, many schools still struggle to incorporate coding education into their curriculum. In this blog post, we'll explore the benefits of teaching coding skills in school and why it's essential for",crosslingual,okapi,ko
159,meta-llama/Llama-3.2-3B-Instruct,"**코딩 교육을 학교에 포함시키는 이유**

코딩은 현대의 기술 발전에 큰 역할을 하고 있습니다. 많은 기업은 코딩 능력을 가지는 인력을 선호하고, 코딩 교육을 받지 않은 학생들은 경쟁력에 부족할 수 있습니다. 학교에서 코딩 교육을 포함하는 것은 학생들의 미래를 위한 중요한 단계입니다.

**코딩 교육의益处**

코딩 교육은 학생들에게 많은益处를",crosslingual,okapi,ko
160,meta-llama/Llama-3.2-3B-Instruct,"2023년 12월 현재, 경제 위기 시기에는 스타트업이 지원을 받을 수 있는 세 가지 정부 지원이 있습니다.

1. **비용 지원**: 정부는 스타트업이 비용을 절약할 수 있도록 지원을 제공할 수 있습니다. 예를 들어, 정부는 스타트업이 사용하는 소프트웨어, 인프라, 또는 다른 비용을 지원할 수 있습니다. 또한,",crosslingual,okapi,ko
161,meta-llama/Llama-3.2-3B-Instruct,"Here are three types of government assistance that could help startups during an economic downturn in Korea:

1. **Small and Medium-Sized Enterprise (SME) Support Act**: This act provides financial assistance to SMEs, including startups, to help them overcome financial difficulties. The act offers loans, grants, and tax incentives to support the growth and development of SMEs.

2. **Startup Support Act**: This act provides support to startups in various areas, including funding, mentorship, and networking opportunities.",crosslingual,okapi,ko
162,meta-llama/Llama-3.2-3B-Instruct,"Here are three types of government assistance that could help startups during an economic downturn:

1. **Small Business Administration (SBA) Loans**: SBA loans are a type of loan guaranteed by the US government that can help startups access capital to cover operational costs, invest in new projects, or expand their business. These loans often have favorable terms, such as lower interest rates and longer repayment periods.
2. **Grants and Tax Credits**: Governments often offer grants and tax credits to support startups, especially",crosslingual,okapi,ko
163,meta-llama/Llama-3.2-3B-Instruct,"**어둠 속의 유령**

그날은 어둠 속에서 시작되었다. 하늘은 어두운 색상으로 가득 차 있었고, 달은 보이지 않았다. 이날은 어둠 속에서 시작된 일이었다. 이날은 어둠 속에서 끝날 것 같았다.

그날은 어둠 속에서 시작되었다. 하늘은 어두운 색상으로 가득 차 있었고, 달은 보이지 않았다.",crosslingual,okapi,ko
164,meta-llama/Llama-3.2-3B-Instruct,"**""The Dark Forest of Memories""**

**하늘에 비친다**

그날은 내일이 아니었다. 내일은 내일이 아니었다. 그날은 내일이 아니었다. 그날은 내일이 아니었다.

그날은 내일이 아니었다. 내일은 내일이 아니었다. 그날은 내일이 아니었다. 그날은 내일이 아니었다.

그날은 내일이 아니었다. 내일",crosslingual,okapi,ko
165,meta-llama/Llama-3.2-3B-Instruct,"**""어둠의 유령"" (The Shadow's Ghost)**

그는 어둠 속에서 살고, 어둠 속에서만 존재한다. 그의 이름은 '아르키메데스'로, 그는 어둠 속에서 살고, 어둠 속에서만 존재한다. 그의 눈은 어둠 속에서만 보인다, 그의耳은 어둠 속에서만 들을 수 있다. 그는 어둠 속에서만",crosslingual,okapi,ko
166,meta-llama/Llama-3.2-3B-Instruct,"**제목: 인공지능의 미래: 인공지능이 우리의 삶을 바꾸는 방향**

인공지능 (Artificial Intelligence, AI)은 최근 몇 년 동안 빠르게 발전하고 있습니다. 인공지능은 인간의 지적 능력을 surpass하는 기술로, 다양한 분야에서 사용되고 있습니다. 인공지능은 우리의 삶을 바꾸는 방향에 대해 많은 사람들에게 관심을 불러일으키고 있습니다. 이 글에서는 인",crosslingual,okapi,ko
167,meta-llama/Llama-3.2-3B-Instruct,"**Title:** ""2023년 11월 30일부터 12월 1일까지의 한국의 5대 대중 문화의 전통적 인 상징으로서의 '가을'의 significance""

**Introduction**

가을이 시작되었습니다. 가을은 한국의 4대季節 중 하나로, 가을의 아름다운 자연 경관과 가을의 전통적 인 상징으로서의 significance는 한국인들에게 큰",crosslingual,okapi,ko
168,meta-llama/Llama-3.2-3B-Instruct,"**제목: 한국의 전통 음악과 현대 음악의 상호작용**

한국의 음악은 다양한 전통과 현대의 요소를 결합하여 다양한 장르를 형성한 것으로 알려져 있습니다. 한국의 전통 음악은 한국의 문화와 역사에 깊이 뿌리를 두고 있으며, 다양한 지역과 계절에 따라 다양한 형태로 존재합니다. 현대 음악은 전통 음악의 요소를 포함하여 다양한 장르를 형성하고",crosslingual,okapi,ko
169,meta-llama/Llama-3.2-3B-Instruct,"음악 교육의 중요성

음악 교육은 우리의 삶에 대한 중요한 역할을 한다. 음악은 우리의 감정, 생각, 그리고 행동에 영향을 미치며, 우리의 삶의 질을 향상시키는 데 중요한 역할을 한다. 음악 교육은 우리의 인격을 발전시키고, 우리의 인생을 richer하게 만든다.

음악 교육은 우리의 감정에 대한 이해를 높여주고, 우리의 감",crosslingual,okapi,ko
170,meta-llama/Llama-3.2-3B-Instruct,"**음악 교육의 중요성**

음악 교육은 우리의 삶에 대한 중요한 역할을 한다. 음악은 우리의 감정, 생각, 그리고 행동을 형성하는 데 중요한 역할을 한다. 음악은 우리의 감정과 생각을 표현하는 데 도움이 되고, 우리의 감정과 생각을 이해하는 데 도움이 된다. 음악은 우리의 삶을 richer하고 더 풍부하게 만든다.

음악 교육은 우리의",crosslingual,okapi,ko
171,meta-llama/Llama-3.2-3B-Instruct,"음악 교육의 중요성

음악 교육은 우리의 삶에 대한 중요한 역할을 한다. 음악은 우리의 감정, 생각, 그리고 행동을 influencing한다. 음악은 우리의 감정과 생각을 표현하는 데 도움이 되고, 우리의 감정과 생각을 이해하는 데 도움이 된다. 음악은 우리의 삶의 질을 높여주고, 우리의 성장을 도와준다.

음악 교육은 우리의 인격",crosslingual,okapi,ko
172,meta-llama/Llama-3.2-3B-Instruct,"코라ल 해수역의 보존은 세계의 해양 생물의 đa dạng성을 bảo존하고, 해양 생태계의 안정성을 유지하는 데 중요한 역할을 한다. 코라ल 해수역은 세계에서 가장 큰 생물계 중 하나로, 약 25%의 해양 생물이 그에 거주한다. 그러나 코라ल 해수역은 지구 온난화, 해양 오염, 해양 수질 오",crosslingual,okapi,ko
173,meta-llama/Llama-3.2-3B-Instruct,"**해양계 생물의 산호수 보존**

산호수는 세계에서 가장 아름답고 생물의 거주지 중 하나입니다. 그러나 산호수는 지구의 70%의 해양 생물의 거주지이며, 25%의 산호수는 해양계 생물의 거주지입니다. 산호수는 해양계 생물의 생존을 위해 매우 중요합니다. 그러나 산호수는 지구",crosslingual,okapi,ko
174,meta-llama/Llama-3.2-3B-Instruct,"**해양계수호조성: 해양계수 생태계의 보존**

해양계수는 세계의 10%가 불과 해양계수 생태계가 차지하는 반면, 해양계수는 90%를 차지하는 것으로 알려져 있습니다. 해양계수는 해양 생물의 85%가 살고 있으며, 해양계수 생태계는 해양 생물의 90%가 살",crosslingual,okapi,ko
175,meta-llama/Llama-3.2-3B-Instruct,"**한정식 3과 meal**

**과 1: 샐러드**

*   **재료:**
    *   1/2 कप 쌀가루
    *   1/2 कप 쌀가루
    *   1/2 कप 쌀가루
    *   1/2 कप 쌀가루
    *   1/2 कप 쌀가루
    *   1/2 कप",crosslingual,okapi,ko
176,meta-llama/Llama-3.2-3B-Instruct,"Here's a recipe for a delicious and healthy vegan three-course meal in Korean style:

**Course 1: Appetizer (Side Dish) - Kimchi Coleslaw (Kimchi-jeonjang-salad)**

Ingredients:

* 1 cup of napa cabbage, thinly sliced
* 1/2 cup of Korean chili flakes (gochugaru)
* 2 tablespoons of rice vinegar
* 2 tablespoons of sesame oil
* 1 tablespoon of Gochuj",crosslingual,okapi,ko
177,meta-llama/Llama-3.2-3B-Instruct,"**한정식 3계절 메뉴 (Three-Course Vegan Meal)**

**일제 1: Appetizer ( starter)**

* **자두밥 (Edamame and Mushroom Soup)**

  - 200g 자두 (edamame)
  - 100g 무 (mushroom)
  - 2개 소금 (soy sauce)
  - 1개 간장 (soy sauce)
  - 1개",crosslingual,okapi,ko
178,meta-llama/Llama-3.2-3B-Instruct,"""밤하늘은 천장으로 가려진 별의 가위다"" (bam-hwal-eun cheonjang-euro gyeo-ryeot da) 

Here's a breakdown of the metaphor:

- 밤하늘 (bam-hwal-eun) - night sky
- 천장 (cheonjang) - ceiling
- 가위다 (gyeot da) - is covered with",crosslingual,okapi,ko
179,meta-llama/Llama-3.2-3B-Instruct,"Here's a metaphor in Korean: ""밤하늘은 가위의 가위다"" (bam-hwal-eun gawi-ui gawi-da).

Here's a breakdown of the translation:

- 밤하늘 (bam-hwal-eun) - night sky
- 가위 (gawi) - blanket
- 가위의 (gawi-ui) - of/with
- 가위다 (gawi-da) - blanket (again, to emphasize the comparison)

This",crosslingual,okapi,ko
180,meta-llama/Llama-3.2-3B-Instruct,"""밤하늘은 가위의 가위자루"" (bam-hwal-eun gwi-eui gwi-ja-ru)

Here's a breakdown of the metaphor:

- 밤하늘 (bam-hwal-eun) - night sky
- 가위 (gwi) - blanket
- 가위자루 (gwi-ja-ru) - a pair of scissors

The metaphor compares the night sky to a blanket of stars, suggesting that the stars are",crosslingual,okapi,ko
181,meta-llama/Llama-3.2-3B-Instruct,"**COVID-19의 세계 경제에 미치는 영향을 discussing**

COVID-19는 2020년 1월에 처음으로 발견되었으며, 2020년 3월에 세계적으로 확산되었습니다. 이病은 세계적으로 1,000만 명 이상의 사망을 일으켰으며, 세계 경제에 큰 영향을 미쳤습니다. 이 기사에서는 COVID-19의 세계 경제에 미치는 영향을 discussing 할 것입니다.

**COVID-19",crosslingual,okapi,ko
182,meta-llama/Llama-3.2-3B-Instruct,"**COVID-19의 세계 경제에 미치는 영향을 discussing**

**제1장: COVID-19의 세계 경제에 미치는 영향**

COVID-19는 2020년 1월에 처음으로 발견되었으며, 2020년 3월에 세계적으로 확산되었습니다. 이病은 세계 경제에 큰 영향을 미쳤으며, 세계 경제는 2020년 3월에 3.3%의 감소로 기록되었습니다",crosslingual,okapi,ko
183,meta-llama/Llama-3.2-3B-Instruct,"**COVID-19의 세계 경제에 미치는 영향을 discussing**

COVID-19는 2020년 1월에 처음으로 발견되었으며, 2020년 3월에 세계적으로 확산되었습니다. 이病은 세계 경제에 큰 영향을 미쳤으며, 세계 경제는 2020년 3월에 3.3%의 감소로 기록되었습니다. 이 기사에서는 COVID-19의 세계 경제에 미치는 영향을 discussing",crosslingual,okapi,ko
184,meta-llama/Llama-3.2-3B-Instruct,"**기계 학습의 미래: 인공지능의 발전**

인공지능(Artificial Intelligence, AI)은 현대의 기술 발전에 중요한 역할을 하고 있습니다. 인공지능은 인간의 지적 능력을 컴퓨터에 전달하는 기술로, 다양한 분야에서 사용되고 있습니다. 인공지능은 인간의 지적 능력을 컴퓨터에 전달하는 기술로, 다양한 분야에서 사용되고 있습니다. 인공지능은 인간의 지적 능력을",crosslingual,okapi,ko
185,meta-llama/Llama-3.2-3B-Instruct,"**Artificial Intelligence: A Double-Edged Sword**

**Introduction**

Artificial intelligence (AI) has become an integral part of our daily lives, transforming the way we live, work, and interact with each other. From virtual assistants like Siri and Alexa to self-driving cars and personalized product recommendations, AI has revolutionized the way we experience technology. However, as AI continues to advance, it also raises important questions about its impact on society, ethics, and humanity. In this essay, we",crosslingual,okapi,ko
186,meta-llama/Llama-3.2-3B-Instruct,"**기계 학습의 미래: 인공지능의 발전**

인공지능(Artificial Intelligence, AI)은 현대의 기술의 핵심이 된다. 인공지능은 인간의 지적 능력을 컴퓨터에 전달하는 기술로, 인간의 지적 능력을 컴퓨터에 전달하는 기술로, 인간의 지적 능력을 컴퓨터에 전달하는 기술로, 인간의 지적 능력을 컴퓨터에 전달하는 기술로,",crosslingual,okapi,ko
187,meta-llama/Llama-3.2-3B-Instruct,"제목: 투표의 중요성에 대한 설득

투표는 우리의 미래를 결정하는 가장 중요한 도구입니다. 투표는 우리의 의견을 표현하고, 우리의 의사 결정을 shape하는 데 중요한 역할을 합니다. 투표는 우리의 정치적, 경제적, 사회적 future를 shape하는 데 중요한 역할을 합니다.

투표는 우리의 의견을 표현하는 데 중요한 도구입니다. 투표는 우리의",crosslingual,okapi,ko
188,meta-llama/Llama-3.2-3B-Instruct,"**적극적 투표는 우리의 미래를 आक호하는 가장 강력한 도구입니다**

투표는 우리의 정치적, 사회적, 경제적อนาค상을 आक호하는 가장 강력한 도구 중 하나입니다. 투표는 우리의 의견을 표현하고, 우리의 의도와 가치관을 전달하는 데 중요한 역할을 합니다. 투표는 우리의 정치적, 사회적, 경제적อนาค상을 आक호",crosslingual,okapi,ko
189,meta-llama/Llama-3.2-3B-Instruct,"**적극적 표결의 중요성**

모든citizens는 자신의 의견과 의도를 표현하고, 국가의 미래를 आक을 수 있는 가장 기본적인 권리입니다. 표결은 국가의 지배자와 정치적 지위에 영향을 미치는 가장 중요한 방법입니다. 표결을 통해 citizens는 자신의 의견을 표현하고, 국가의 지배자와 정치적 지위에 영향을 미치는 가장 중요한 방법입니다.

표결은 국가의",crosslingual,okapi,ko
190,meta-llama/Llama-3.2-3B-Instruct,"**machine learning (ML)**

machine learning (ML) (machine learning, ML) is a subset of artificial intelligence (AI) that focuses on the development of algorithms and statistical models that enable computers to learn from data without being explicitly programmed. In other words, ML allows computers to improve their performance on a specific task by automatically learning from experience and adapting to new data.

**History of Machine Learning**

The concept of machine learning dates back to the 1950s, when computer scientists like Alan",crosslingual,okapi,ko
191,meta-llama/Llama-3.2-3B-Instruct,"**machine learning (machine learning)**

**machine learning (machine learning)**

**machine learning (machine learning)**

**machine learning (machine learning)**

**machine learning (machine learning)**

**machine learning (machine learning)**

**machine learning (machine learning)**

**machine learning (machine learning)**

**machine learning (machine learning)**

**machine learning (machine learning)**

**machine learning (machine learning)**

**machine learning (machine learning)**

**machine learning (",crosslingual,okapi,ko
192,meta-llama/Llama-3.2-3B-Instruct,"**machine learning (machine learning)**

machine learning은 인공지능 (artificial intelligence) 분야에서 가장 중요한 개념 중 하나입니다. machine learning은 컴퓨터가 데이터를 분석하고 patterns를 인식하는 능력을 가지는 것에 대한 기술입니다. 이 기술은 computer vision, natural language processing, recommender systems, autonomous vehicles, etc.에서 사용됩니다.

machine learning은 computer science의 한 부분으로, computer science의 다른 부분과 함께 사용됩니다. machine learning은",crosslingual,okapi,ko
193,meta-llama/Llama-3.2-3B-Instruct,"**AI 자율 무기: эти적 고려 사항**

AI 자율 무기는 인공지능 기술을 사용하여 자율적으로 작전하는 무기를 말합니다. 이러한 무기는 인공지능을 사용하여 목표를 xác định하고 목표를 공격하는 것을 목표로 합니다. 그러나 AI 자율 무기에는 다양한 эти적 고려 사항이 있습니다.

**1. 인권 보호**

AI 자율 무기는 인권을 위협할 수 있습니다. 예를 들어",crosslingual,okapi,ko
194,meta-llama/Llama-3.2-3B-Instruct,"**AI 자율 무기: эти적 고려 사항**

인공지능 (AI) 자율 무기는 인공지능 기술을 사용하여 자율적으로 목표를 xác định하고 공격을 수행할 수 있는 무기입니다. 이러한 무기는 인공지능 기술의 발전으로 인해 rapidly 발전하고 있습니다. 그러나 AI 자율 무기와 관련하여 중요한 эти적 고려 사항이 있습니다.

**1. 인권 침해**

AI 자율 무기는 인권 침",crosslingual,okapi,ko
195,meta-llama/Llama-3.2-3B-Instruct,"**AI 자율 무기: эти적 고려 사항**

인공지능(IA) 자율 무기는 인공지능 기술의 발전으로 인해 rapidly 성장하고 있습니다. 이러한 무기는 다양한 military 및 비군용 용도로 사용될 수 있으며, 인공지능 기술의 발전으로 인해 무기 개발 및 사용에 대한 эти적 고려 사항이 더욱 중요해졌습니다.

**1. 인권 침해**

인공지능 자율 무기는 인권 침",crosslingual,okapi,ko
196,meta-llama/Llama-3.2-3B-Instruct,"**제목: 아르ctic의-global warming의 영향을 분석하는 연구**

** abstract**

아르ctic은 지구의 극한 지역으로, 기후 변화에 가장敏感한 지역 중 하나입니다. 아르ctic의 기후 변화는 지구의 온도 상승, 해양 수면 상승, 기후 pattern의 변화, 생물계의 변화 등 다양한 영향을 미치고 있습니다. 이 연구는 아르ctic의 기후 변화의 영향을 분석하여",crosslingual,okapi,ko
197,meta-llama/Llama-3.2-3B-Instruct,"**Title:** (, 2023)

**Abstract:**

(, 2023)

This report examines the effects of global warming on the Arctic region, a critical component of the Earth's climate system. The Arctic is warming at a rate twice as fast as the global average, with far-reaching consequences for the environment, ecosystems, and human societies. This report reviews the current state of knowledge on the impacts of global warming on the Arctic, including sea ice decline, ocean acidification, permaf",crosslingual,okapi,ko
198,meta-llama/Llama-3.2-3B-Instruct,"**Title:** 아르ctic의-global warming의 영향을 분석하는 연구: 기후변화의 지구상에서 가장 큰 영향을 받는 지역

**Abstract:**

아르ctic은 기후변화의 가장 큰 영향을 받는 지역 중 하나입니다. 아르ctic의 기후변화는 지구상에서 가장 큰 영향을 받는 지역 중 하나이며, 이 연구는 아르ctic의 기후변화의 영향을 분석하고, 그 영향을 받는 지역의 생",crosslingual,okapi,ko
199,meta-llama/Llama-3.2-3B-Instruct,"**제목:** ""crocodile의 모험: 스위치와 친구""

**이 책은 어린이에게 적합한 내용입니다.**

**제 1 장: 스위치의 시작**

스위치는 강에 살고 있는 큰 크로코다리입니다. 스위치는 강을 주변으로 둘러싸고 있는 숲과 나무로 둘러싸여 있습니다. 스위치는 강을 주변으로 둘러싸고 있는",crosslingual,okapi,ko
200,meta-llama/Llama-3.2-3B-Instruct,"Cat purrs softly in the night
Mouse scurries out of sight
Dog wags its tail with delight
Cat watches with eyes so bright
Mouse hides in a hole so tight
Dog barks loud with joyful might
Cat curls up for a peaceful night
Mouse dreams of a sunny light
Dog wags its tail with happy sight
Cat purrs softly, a gentle delight
Mouse scurries out of the night",crosslingual,complex_prompts,ko
201,meta-llama/Llama-3.2-3B-Instruct,"고양이 (Cat)가 집에 들어가면
마우스 (Mouse)가 두려워한다
고양이 (Cat)가 마우스 (Mouse)를 잡아
고양이 (Cat)가 기뻐한다

개 (Dog)가 집에 들어가면
고양이 (Cat)가 두려워한다
개 (Dog)가 고양이 (Cat)와 싸우면
개 (Dog)가 승리한다",crosslingual,complex_prompts,ko
202,meta-llama/Llama-3.2-3B-Instruct,"고양이 (Cat)가 집에 들어가면
마우스 (Mouse)가 두려워한다
고양이 (Cat)가 마우스 (Mouse)를 잡아
고양이 (Cat)가 기뻐한다

개 (Dog)가 집에 들어가면
고양이 (Cat)가 두려워한다
개 (Dog)가 고양이 (Cat)와 싸우면
개 (Dog)가 승리한다",crosslingual,complex_prompts,ko
203,meta-llama/Llama-3.2-3B-Instruct,"Here are three potential behavioral interview questions related to your resume for an Azure Architect role:

1. **""I'm looking for an example of a time when you had to design and implement a cloud architecture solution using Azure. Can you walk me through your thought process and the steps you took to ensure the solution met the requirements of the project?""**

(This question is related to your education and work experience in Cloud Architecture, IT Infrastructure Design, and IT Project Management. It's an opportunity for you to showcase",crosslingual,complex_prompts,ko
204,meta-llama/Llama-3.2-3B-Instruct,"Here are three potential behavioral interview questions related to your resume for an Azure Architect role, along with some guidance on how to answer them:

1. **Question:** ""I'd like to know more about your experience with cloud architecture. Can you tell me about a specific project where you designed and implemented a cloud architecture solution?""

**How to answer:** Focus on your education and training program, which included cloud-related courses and certifications. You can mention that you gained a solid understanding of cloud architecture principles and concepts",crosslingual,complex_prompts,ko
205,meta-llama/Llama-3.2-3B-Instruct,"Here are three potential behavioral interview questions for an Azure Architect role based on your resume, along with suggested answers in Korean:

1. **Question:** (Azure Architect 역량에 대한 경험을 설명해 주세요.)

**Answer:** (Your experience in Azure Architect role)

* ""Azure Architect 역량을 발전시키기 위해, Microsoft Azure Suite와 다른 비즈니스 애플리케이션을 사용하는 프로그램을 6개월 동안 완료했습니다. 이 프로그램을 완료",crosslingual,complex_prompts,ko
206,meta-llama/Llama-3.2-3B-Instruct,"I'd be happy to help you learn about options trading. Here are 50 easy questions to get you started. I'll keep track of your score and provide feedback at the end.

**Options Trading 101**

**Question 1:** What is options trading?

A) A type of stock trading
B) A type of currency trading
C) A type of futures trading
D) A type of contract that gives the buyer the right to buy or sell an underlying asset at a specified price",crosslingual,complex_prompts,ko
207,meta-llama/Llama-3.2-3B-Instruct,"I'd be happy to help you learn about options trading in Korean. Here are 50 questions for you to answer. I'll keep track of your score and provide feedback at the end.

**Options Trading Basics**

1. (1) Options trading은 어떤 종목에 사용할 수 있는가?
A) 주식
B) ETF
C) bonds
D) Forex

2. (1) Options trading은 어떤 목적으로 사용할 수 있는가?
A) 수익을",crosslingual,complex_prompts,ko
208,meta-llama/Llama-3.2-3B-Instruct,"**Options Trading 101**

**Question 1:** Options trading은 어떤 것이지?

A) 주식의 보유를 위해 사용하는 방법
B) 주식의 가격을 예측하여 수익을 얻는 방법
C) 주식의 가격에 대한 예측을 위해 사용하는 도구
D) 주식의 가격에 대한 예측을 위해 사용하는 방법

**Please answer the question**

(I'll keep track of your score and provide feedback)

**Score",crosslingual,complex_prompts,ko
209,meta-llama/Llama-3.2-3B-Instruct,"```json
{
  ""local"": [
    ""Twenty-two per cent of construction cones in downtown Montreal are 'useless': report"",
    ""Three tents catch fire at Bellevue Square encampment in Kensington, no injuries reported"",
    ""Woman trapped under car after being struck near Yonge-Dundas Square"",
    ""Kids cared for in hallways as viral illness overflows ER at McMaster Children’s Hospital"",
    ""Man in his 30s seriously injured in North York stabbing""
",crosslingual,complex_prompts,ko
210,meta-llama/Llama-3.2-3B-Instruct,"```json
{
  ""local"": [
    ""Twenty-two per cent of construction cones in downtown Montreal are 'useless': report"",
    ""Three tents catch fire at Bellevue Square encampment in Kensington, no injuries reported"",
    ""Woman trapped under car after being struck near Yonge-Dundas Square"",
    ""Kids cared for in hallways as viral illness overflows ER at McMaster Children’s Hospital"",
    ""Man in his 30s seriously injured in North York stabbing""
",crosslingual,complex_prompts,ko
211,meta-llama/Llama-3.2-3B-Instruct,"```json
{
  ""local"": [
    ""Twenty-two per cent of construction cones in downtown Montreal are 'useless': report"",
    ""Three tents catch fire at Bellevue Square encampment in Kensington, no injuries reported"",
    ""Woman trapped under car after being struck near Yonge-Dundas Square"",
    ""Kids cared for in hallways as viral illness overflows ER at McMaster Children’s Hospital"",
    ""Man in his 30s seriously injured in North York stabbing""
",crosslingual,complex_prompts,ko
212,meta-llama/Llama-3.2-3B-Instruct,"Here is a 500-character summary of the article in Korean, answering the question ""How does e-commerce propel overconsumption?"" in a formal tone:

e-commerce is a double-edged sword in terms of environmental impact. While it reduces transportation emissions and paper waste, it also contributes to overconsumption through packaging waste, item returns, and increased demand for immediacy. To mitigate these negative effects, e-commerce companies should focus on sustainable packaging, shipping, supply chain integration, and energy efficiency.",crosslingual,complex_prompts,ko
213,meta-llama/Llama-3.2-3B-Instruct,"Here is a summary of the article in 500 characters, written in a formal tone and in Korean:

e-commerce can have both positive and negative impacts on the environment. On the one hand, e-commerce reduces transportation emissions, paper waste, and digital storage needs, which can lead to a smaller carbon footprint. However, the increased demand for fast shipping and packaging can lead to excessive packaging waste, item returns, and transportation emissions. To mitigate these negative impacts, e-commerce companies should focus on sustainable packaging",crosslingual,complex_prompts,ko
214,meta-llama/Llama-3.2-3B-Instruct,"e-commerce는 환경에 미치는 영향을 다루는 것은 복잡한 문제입니다. 이와 같은 article은 e-commerce의 양적 및 질적 환경영향에 대해 다룹니다. e-commerce는 환경영향에 대한 긍정적이고 부정적 impacts를 가지고 있습니다.

e-commerce는 전통적인 상점을 대신하여 소비자들이 온라인으로 쇼핑을 할 수 있는 환경을 제공합니다. 이로 인해 소비자들은 환경영",crosslingual,complex_prompts,ko
215,meta-llama/Llama-3.2-3B-Instruct,"* **AI**: AI (Artificial Intelligence) is being used in factories to increase efficiency, reduce waste, and get products onto shelves sooner. It can process and analyze huge volumes of data to predict and prepare for potential disruptions.

* **Sensors**: Sensors attached to equipment are listening out for indications of hardware faults, trained to recognize sounds of weary machines that risk bringing production lines to a grinding halt. These sensors are powered by AI and can detect faults such as wearing on conveyor belts and bearings.

",crosslingual,complex_prompts,ko
216,meta-llama/Llama-3.2-3B-Instruct,"* **AI**: AI (Artificial Intelligence) is being used in factories to increase efficiency, reduce waste, and get products onto shelves sooner. It can process and analyze huge volumes of data to predict and prepare for potential disruptions.
* **Sensors**: Sensors attached to equipment are listening out for indications of hardware faults, trained to recognize sounds of weary machines that risk bringing production lines to a grinding halt. These sensors are powered by AI and can detect faults such as wearing on conveyor belts and bearings.
",crosslingual,complex_prompts,ko
217,meta-llama/Llama-3.2-3B-Instruct,"Here is a summary of the article in six bullet points, each starting with a key word:

• **Artificial**: Artificial intelligence (AI) is being used in factories to increase efficiency, reduce waste, and get products onto shelves sooner. Companies like PepsiCo are deploying AI-powered sensors to detect machine faults and predict potential disruptions, which can cost thousands of pounds per minute of downtime.

• **Augury**: Augury, a tech firm, has created sensors that can be attached to equipment to listen",crosslingual,complex_prompts,ko
218,meta-llama/Llama-3.2-3B-Instruct,"**1. 통계적 기술과 기계 학습 알고리즘을 사용하여 데이터 내의 관계와 패턴을 발견하기 위한 통계적 기술과 기계 학습 알고리즘**

* 통계적 기술: 통계적 분석, 회귀 분석, 클러스터링, 결정 트리
* 기계 학습 알고리즘: 데이터 마이닝, 예측 모델-building

**2. fill-in-the-blanks**

1. _______________ (",crosslingual,complex_prompts,ko
219,meta-llama/Llama-3.2-3B-Instruct,"**1. Statistical techniques and machine learning algorithms:**

- Data mining
- Regression analysis
- Clustering
- Decision trees

**2. Fill-in-the-blanks style questions:**

1. Predictive analytics leverages sophisticated _______________________ techniques, machine learning algorithms, and modeling tools to analyze current and historical data.
2. The process of predictive analytics typically involves several key steps, including gathering and preparing relevant data from various sources, which may include structured data from databases or unstructured data from",crosslingual,complex_prompts,ko
220,meta-llama/Llama-3.2-3B-Instruct,"1. 통계적 기술과 기계 학습 알고리즘을 사용하여 데이터 내의 관계와 패턴을 발견하기 위해 분석가들이 사용하는 통계적 기술과 기계 학습 알고리즘은 다음과 같습니다.

- 통계적 기술: 데이터 마이닝, 회귀 분석, 클러스터링, 결정 트리
- 기계 학습 알고리즘: 예측 모델을 생성하고 데이터의 동적 시스템 또는 프로세스를 이해하기 위해",crosslingual,complex_prompts,ko
221,meta-llama/Llama-3.2-3B-Instruct,"2020년 12월 4일, 미국의 과학자들이 인도에서 발견한 새로운 noble gas를 발견했습니다. 이 새로운 noble gas는 118을 가리키는 '노블레스 가스 118'입니다. 이 가스는 2016년 12월에 발견되었지만 2020년 12월에 공식적으로 발표되었습니다. 노블레스 가스 118은 4개의 전자로 구성된 원자가로",crosslingual,complex_prompts,ko
222,meta-llama/Llama-3.2-3B-Instruct,"2022년 12월 4일, 미국의 과학자들이 뉴질랜드의 마우라토로마이티카 산에서 발견한 새로운 noble gas를 발견했습니다. 이 새로운 noble gas는 118을 이름지어 '마우라토로마이티카-118'이라고 명명했습니다. 마우라토로마이티카-118은 4개의 전자와 4개의 중성자로 구성된 원자가 있으며",crosslingual,complex_prompts,ko
223,meta-llama/Llama-3.2-3B-Instruct,"2020년 12월 30일, 미국의 과학자들이 뉴질랜드의 마우리카나이 (Maurikiana)에서 발견한 새로운 noble gas를 발견했습니다. 이 발견은 2021년 1월 20일 발표되었습니다. 마우리카나이는 118 번째 noble gas로, 6 번째로 발견된 noble gas입니다. 마우리카나이는 4개의 전자로 구성된 6자",crosslingual,complex_prompts,ko
224,meta-llama/Llama-3.2-3B-Instruct,"I can provide you with a list of traveling exhibitions from the Metropolitan Museum of Art between 1990-2000. However, please note that the Met's traveling exhibitions database is not readily available online, and the information may not be comprehensive. I'll provide you with a list based on available sources, including the Met's website and other online resources.

Here is the list of traveling exhibitions from the Met between 1990-2000:

```
subject matter,curator
American Art:",crosslingual,complex_prompts,ko
225,meta-llama/Llama-3.2-3B-Instruct,"I can provide you with a list of traveling exhibitions from the Metropolitan Museum of Art between 1990-2000. However, please note that the Met's traveling exhibitions database is not easily accessible, and the information may not be comprehensive. I'll provide you with a list of some notable exhibitions based on available sources.

Here's a TSV (Tab Separated Values) file with the information you requested:

```
""Exhibit Title"",""Subject Matter"",""Curator"",""Year"",""Location""
""",crosslingual,complex_prompts,ko
226,meta-llama/Llama-3.2-3B-Instruct,"I can provide you with a list of traveling exhibitions from the Metropolitan Museum of Art between 1990-2000. However, please note that the Met's traveling exhibitions database is not easily accessible, and the information may not be comprehensive. I'll provide you with a list of some notable exhibitions based on available sources.

Here's a TSV (Tab Separated Values) file with the information you requested:

```
""Exhibit Title"",""Subject Matter"",""Curator"",""Year"",""Location""
""",crosslingual,complex_prompts,ko
227,meta-llama/Llama-3.2-3B-Instruct,"```json
{
  ""advice"": [
    {
      ""age_group"": ""18-18"",
      ""advice"": ""일기 쓰기, 일정을 계획하기, 그리고 일과 공부를 분리하기로 시작하세요. 이들은 productivity를 향상시키는 데 도움이 됩니다.""
    },
    {
      ""age_group"": ""19-25"",
      ""advice"": ""일정과 목표를 설정하고, 일과 공부를 분리하여",crosslingual,complex_prompts,ko
228,meta-llama/Llama-3.2-3B-Instruct,"```json
{
  ""18-25"": [
    "" '일기 쓰기'를 통해 목표를 정하고, 일정을 계획하세요. 일정을 세부적으로 작성하고, 일정을 완료할 때까지 집중하세요."",
    ""일과 외출 시간을 분리하세요. 일과 외출 시간을 분리하여, 일과 외출 시간을 분리하여, 일과 외출 시간을 분리하여, 일과 외출 시간을 분",crosslingual,complex_prompts,ko
229,meta-llama/Llama-3.2-3B-Instruct,"```json
{
  ""adolescent"": [
    {
      ""title"": "" productivity"",
      ""text"": ""학습 시간을 효율적으로 사용하십시오. 일과, 운동, 친구와 시간을 잘 나눠서 일과에 집중하십시오.""
    }
  ],
  ""young_adult"": [
    {
      ""title"": ""productivity"",
      ""text"": ""일과, 일과 외우기, 일과에 집중하십시오",crosslingual,complex_prompts,ko
230,meta-llama/Llama-3.2-3B-Instruct,"이 게임의 이름은 ""Uno""입니다.

이 게임은 시계 방향으로 clockwise로 진행됩니다. 비어 있는 카드 위에 있는 카드를 색, 숫자, 또는 기호로 매치하는 것이 목표입니다. 만약 플레이어가 매치할 수 없는 카드를 가지고 있다면, 그 플레이어는 비어 있는 카드 위에 있는 카드를 뽑아야 합니다. 만약 그 카드는 매치할 수 있다면, 그",crosslingual,complex_prompts,ko
231,meta-llama/Llama-3.2-3B-Instruct,"이 게임의 이름은 ""Uno""입니다.

이 게임은 시계 방향으로 clockwise로 진행됩니다. 버림 pile의 상단 카드를 색, 숫자, 또는 상징에 맞게 매치하는 것이 목표입니다. 만약 플레이어가 매치할 카드를 찾지 못하면, 그 플레이어는 버림 pile에서 카드를 뽑아야 합니다. 만약 그 카드는 매치할 수 있다면, 즉시 매치할 수",crosslingual,complex_prompts,ko
232,meta-llama/Llama-3.2-3B-Instruct,"이 게임의 이름은 ""Uno""입니다.

이 게임은 시계 방향으로 clockwise로 진행됩니다. 비어 있는 카드 위에 있는 카드를 색, 숫자, 또는 상징에 맞게 매치하려고 시도합니다. 만약 플레이어가 매치할 수 없는 카드를 가지고 있다면, 그 플레이어는 비어 있는 카드 위에 있는 카드를 뽑아야 합니다. 만약 그 카드는 매치할 수 있다면",crosslingual,complex_prompts,ko
233,meta-llama/Llama-3.2-3B-Instruct,"안녕하세요! (Annyeonghaseyo!) Welcome to YoutubeTitleOptimizer!

First, I'd like to know about your channel. What genre or niche does your channel focus on? (e.g. gaming, beauty, cooking, travel, etc.)",crosslingual,complex_prompts,ko
234,meta-llama/Llama-3.2-3B-Instruct,"Let's play the game. 

First, I'd like to know about your channel. 

What genre or niche does your channel focus on (e.g. cooking, gaming, beauty, travel, etc.)?",crosslingual,complex_prompts,ko
235,meta-llama/Llama-3.2-3B-Instruct,"안녕하세요! 유튜브 타이틀 최적화 게임을 시작합니다.

처음에, 유튜브 타이틀 최적화 AI가 유튜브 알고리즘에 대한深한 지식을 가지고 있습니다. 유튜브 타이틀과 함께 유튜브 키워드에 대한 지식을 가지고 있습니다.

게임은 다음과 같이 작동합니다.

1. 첫 번째 질문: 채널의 장르(유튜브 장르가 있는지)가 있습니다.
2. 두",crosslingual,complex_prompts,ko
236,meta-llama/Llama-3.2-3B-Instruct,"[
  {
    ""speaker"": ""Client"",
    ""topic"": ""maximum coverage for homeowners insurance policy"",
    ""uncertain_score"": 0.5,
    ""need_assistance"": true,
    ""analysis"": ""The client is looking for specific information about their homeowners insurance policy, but the insurance inspector is unable to provide it. The client is frustrated and expresses their dissatisfaction with the lack of assistance.""
  },
  {
    ""speaker"": ""Insurance Inspector"",
    ""topic"": """,crosslingual,complex_prompts,ko
237,meta-llama/Llama-3.2-3B-Instruct,"```json
[
  {
    ""speaker"": ""Client"",
    ""topic"": ""Homeowners insurance policy maximum coverage"",
    ""uncertain_score"": 0.5,
    ""need_assistance"": true,
    ""analysis"": ""Client is clearly frustrated and confused about their insurance policy, but they are trying to get help. They are asking for specific information and are not satisfied with the responses they are getting.""
  },
  {
    ""speaker"": ""Insurance Inspector"",
    ""topic",crosslingual,complex_prompts,ko
238,meta-llama/Llama-3.2-3B-Instruct,"```json
[
  {
    ""speaker"": ""Client"",
    ""topic"": ""Homeowners insurance policy maximum coverage"",
    ""uncertain_score"": 0.5,
    ""need_assistance"": true,
    ""analysis"": ""Client seems to be looking for specific information about their homeowners insurance policy, but the insurance inspector is being unhelpful and evasive.""
  },
  {
    ""speaker"": ""Insurance Inspector"",
    ""topic"": ""Homeowners insurance policy maximum coverage"",
",crosslingual,complex_prompts,ko
239,meta-llama/Llama-3.2-3B-Instruct,"Fans|You can see the goat misses the old days of international football. Diogo Dalot and Otavio are probably the only two from this generation that Cristiano is close with. We need Pepe back too, he is a REAL one!|Man is lost listening. Bruno believes himself to be the captain.",crosslingual,complex_prompts,ko
240,meta-llama/Llama-3.2-3B-Instruct,"포르투갈의 크리스티아노 로날도 (Cristiano Ronaldo)가 포르투갈 대표팀에서 불안한 기색을 보인다는 fans는 다음과 같이 말했습니다.

* ""크리스티아노는 오래된 세대에 대한 감정을 보인다. Diogo Dalot과 Otavio만이 이 세대에서 그의 친구일 것 같다."" (You can see the goat misses the old generation.)
* ""크리스티",crosslingual,complex_prompts,ko
241,meta-llama/Llama-3.2-3B-Instruct,"포르투갈의 크리스티아노 로날도 (Cristiano Ronaldo)가 포르투갈 대표팀에서 불안한 기색을 보인다는 fans는 다음과 같이 말했습니다.

* ""크리스티아노는 오래된 세대에 대한 감정을 보인다. 디고 달로트와 오타비오만 이 세대에서 그의 친구인 것 같다.""
* ""크리스티아노는 포르투갈 대표팀에서",crosslingual,complex_prompts,ko
242,meta-llama/Llama-3.2-3B-Instruct,"하리포트 시리즈는 영국의 소설가 J.K. 롤링에 의해 창안된 시리즈입니다. 이 시리즈는 7권으로 구성되어 있으며, 어린 하리포트 학생인 하리포트 (Harry Potter)가 그들의 세계에 들어가며, 그들의 모험을 chronicling합니다. 하리포트는 부모가 사망한 후, 그의 할아버지의 집에서 살고 있습니다. 그는 하리포",crosslingual,complex_prompts,ko
243,meta-llama/Llama-3.2-3B-Instruct,"**한글 요약**

한글로우의 시리즈는 한 명의 소년 인 하리 포터 (Harry Potter)가 주인공이다. 하리 포터는 그의 부모가 사망한 후, 그의 할아버지의 집에서 살고 있다. 하리 포터는 11세에 그의 할아버지의 죽음과 함께, 한글로우 학교에 입학한다. 한글로우 학교는 마그리드 (Magrid",crosslingual,complex_prompts,ko
244,meta-llama/Llama-3.2-3B-Instruct,"하리포트 시리즈는 영국의 소설가 J.K. 롤링에 의해 작곡된 일련의 소설입니다. 이 시리즈는 7권으로 구성되어 있으며, 어린 하리포트의 일생과 성장, 그리고 그의 친구들과의 관계를 다루고 있습니다.

하리포트는 영국의 유명한 마을, 하트포드 시티에서 태어난 어린 소년입니다. 그의 부모는",crosslingual,complex_prompts,ko
245,meta-llama/Llama-3.2-3B-Instruct,"**knife making process**

1. **Material selection**: Choose high-carbon steel (e.g., 1095, 15N20) for the blade, and handle materials like wood, bone, or synthetic materials.
2. **Forging**: Heat the steel to 2000°F (1093°C) and shape it into a rough blade form using a hammer and anvil.
3. **Heat treatment**: Quench the blade in oil or water to harden the steel, then",crosslingual,complex_prompts,ko
246,meta-llama/Llama-3.2-3B-Instruct,"**가위 making (Knife making) - Korean Style**

**Step 1: Steel Selection (, )**

* Choose high-carbon steel (e.g., 1095, 15N20) for durability and sharpness.
* Consider factors like hardness, toughness, and corrosion resistance.

**Step 2: Forging (, )**

* Heat steel to 2000°F (1093°C) in a forge or heat treating oven.
* Hammer and shape steel into desired blade",crosslingual,complex_prompts,ko
247,meta-llama/Llama-3.2-3B-Instruct,"**칼의 제조 방법**

1. **칼의 설계 및 디자인 (Design and Design)**
   - 칼의 모양과 크기, 재질, 및 기능을 결정합니다.
   - 칼의 사용 목적과 사용자에게 적합한 설계를 결정합니다.

2. **재료 선택 (Material Selection)**
   - 칼의 재질을 선택합니다. (예: 스테인리스 steel, 알루미늄,",crosslingual,complex_prompts,ko
248,meta-llama/Llama-3.2-3B-Instruct,"```json
{
  ""article1Summary"": ""이 글은 브랜드 이름을 선택하는 과학에 대해 논의한다. 브랜드 이름이 적절한 이름이면 소비자들의 관심을 끌 수 있지만, 적절하지 않으면 소비자들은 alienate 될 수 있다. 연구에 따르면, 브랜드 이름의 spelling이 소비자들의 인식에 큰 영향을 미친다. 브랜드 이름이 ""unconventional""로",crosslingual,complex_prompts,ko
249,meta-llama/Llama-3.2-3B-Instruct,"Here are the summaries in Korean, formatted as JSON objects:

```json
{
  ""article1Summary"": ""이 글은 브랜드 이름을 선택하는 과학에 대해 논의한다. 브랜드 이름이 적절한 이름이면 소비자들의 관심을 끌 수 있지만, 적절하지 않으면 소비자들은 alienated 할 수 있다. 최근 연구에 따르면, 브랜드 이름의 spelling이 소비자들의 브랜드 이미지에 큰 영향을",crosslingual,complex_prompts,ko
250,meta-llama/Llama-3.2-3B-Instruct,"```json
{
  ""article1Summary"": ""Unconventional spelling in brand names can be effective if it refers to a unique aspect of the brand. However, if the motive behind the unconventional spelling seems insincere, consumers are unlikely to engage with the brand. Research suggests that consumers prefer brands with a valid reason for unconventional spelling, such as crowdsourcing or a trademark dispute. Unconventional spelling can also be used by performers to create a persona or image, but it should be meaningful",crosslingual,complex_prompts,ko
251,meta-llama/Llama-3.2-3B-Instruct,"마크 Zuckerberg CEO는 Connect 2021에서 Meta라는 새로운 회사 이름을 발표했습니다. Meta는 앱과 기술을 하나의 새로운 회사 브랜드로รวม하고, 사람들을 연결하고 커뮤니티를 찾고 사업을 성장시키는 것을 목표로 합니다. 마크 Zuckerberg은 CEO의 편지에서 더 많은 정보를 공유했습니다. 

Meta는 현재의 온라인 사회 경험을 확장한 3차원으로 또는 물리 세계로-projected",crosslingual,complex_prompts,ko
252,meta-llama/Llama-3.2-3B-Instruct,"""마크 자크버스커크 (Mark Zuckerberg) CEO는 2021년 Connect 2021 회의에서 메타 (Meta)라는 새로운 회사 이름을 발표했습니다. 메타는 앱과 기술을 하나의 새로운 회사 브랜드로รวม하고, 사람들을 연결하고 커뮤니티를 찾고 사업을 성장시키는 것을 목표로 합니다. 메타는 현실과 3차원으로 확장된 온라인 사회 경험을 결합",crosslingual,complex_prompts,ko
253,meta-llama/Llama-3.2-3B-Instruct,"마크 Zuckerberg CEO는 2021년 Connect 2021 회의에서 Meta라는 새로운 회사 이름을 발표했습니다. 이 회사는 온라인 xã hội 경험을 확장하여 3차원으로 확장하거나 물리 세계로-projected하는 metaverse를 도입할 것입니다. 이 metaverse는 온라인 xã hội 경험과 함께 사용할 수 있는 새로운 경험을 제공하며, 다른 사람들과 함께 공유할 수 있는-immersive 경험을 제공할 것입니다. 이 회사는",crosslingual,complex_prompts,ko
254,meta-llama/Llama-3.2-3B-Instruct,"# H1: How spatial cognition style and crisis navigation intersect: Leveraging color-coded wayfinding and VR technology

## H2: The challenges of wayfinding in crisis situations

In emergency situations, such as hospital evacuations, wayfinding can be a matter of life and death. However, research has shown that people's spatial cognition styles can greatly impact their ability to navigate complex environments. According to scientists, there are three primary spatial cognition styles: landmark, route, and survey. While survey-style",crosslingual,complex_prompts,ko
255,meta-llama/Llama-3.2-3B-Instruct,"H1: How spatial cognition style and color-coded wayfinding systems can help reduce spatial anxiety in hospitals

H2.1: How people get lost in hospitals and the importance of spatial cognition style

Hospitals are complex environments that can be overwhelming for patients, visitors, and healthcare professionals alike. The complexity of these buildings can lead to difficulties in indoor wayfinding, resulting in problems such as overcrowding, long patient waiting times, and long patient/nurse traveling distances. 

People's wayfinding",crosslingual,complex_prompts,ko
256,meta-llama/Llama-3.2-3B-Instruct,"# H1: How spatial cognition style affects wayfinding in a crisis: Insights from VR studies

## H2: The Challenges of Wayfinding in a Crisis

In emergency situations, such as hospital evacuations, wayfinding can be a significant challenge. People's spatial cognition styles play a crucial role in determining how they navigate complex environments. According to scientists, there are three primary spatial cognition styles: landmark, route, and survey. However, not everyone has a survey-style of navigation, which is",crosslingual,complex_prompts,ko
257,meta-llama/Llama-3.2-3B-Instruct,"이 문장의 요약은 다음과 같습니다.

교사로서, tôi의 목표는 학생의 전반적인 성장을 도와주기로, 학생의 경험, 역사, 학습 스타일이 모두 학생의 특성에 영향을 미치기 때문입니다. 교사는 학생의 지식과 기술을 배울 수 있도록 유도하는 역할을 맡고 있습니다. 교실은 inquiry, 위험성, 발견, 탐구, 협력, 협",crosslingual,complex_prompts,ko
258,meta-llama/Llama-3.2-3B-Instruct,"저의 교육 철학은 모든 학생이 유ника尔한 경험, 역사, 학습 스타일로 구성되어 있는 것으로 간주한다. 교사들은 therefore, 학생의 전반적인 자아를 발전시키는責任이 있다. 교사들은 therefore, 학생들의 학습을 지원하기 위해 적극적으로 참여한다. 교사들은 학생들의 강점, 약점, 필요성, 능력, 관심사, 문화적, 성적,",crosslingual,complex_prompts,ko
259,meta-llama/Llama-3.2-3B-Instruct,"이 문장을 두 개의 60 शब로의 요약으로 나누어 보겠습니다.

교사로서, tôi의 목표는 학생의 전반적인 성장을 도와주기다. 학생은 각자 경험, 역사, 학습 스타일로 구성되어 있기 때문에, 교사는 학생의 전반적인 성장을 도와주기 위해 책임이 있다. 교사는 학생의 성장과 학습을 장려하고 지원하기 위해 적",crosslingual,complex_prompts,ko
260,meta-llama/Llama-3.2-3B-Instruct,"Here are the key takeaways from the article, formatted as a JSON object in a numbered list:

```
[
  {
    ""id"": 1,
    ""text"": ""Young investors are facing a challenging investment landscape due to the reversal of global trends that contributed to the golden age of investment returns for their parents.""
  },
  {
    ""id"": 2,
    ""text"": ""The average annualized real return for global shares and bonds over the past four decades (1981",crosslingual,complex_prompts,ko
261,meta-llama/Llama-3.2-3B-Instruct,"Here are the key takeaways from the article, rephrased in Korean, formatted as a JSON object in a numbered list:

```
[
  1. ""아래의 5-10 가지 중요한 지식은 young investors에게 essential하다. 
    - 초기에 투자하기 시작하면 시간의 마법이 작용할 수 있다.
    - 비용을 절약하여 시간의 마법이 무너질 수 있다.
    - diversification을 통해 투자 위",crosslingual,complex_prompts,ko
262,meta-llama/Llama-3.2-3B-Instruct,"Here are the key takeaways from the article, formatted as a JSON object in a numbered list:

```
[
  {
    ""id"": 1,
    ""text"": ""Young investors are facing a challenging investment landscape due to the reversal of global trends that contributed to the golden age of investment returns in the past.""
  },
  {
    ""id"": 2,
    ""text"": ""The average annualized real return on global shares and bonds over the past four decades (1981",crosslingual,complex_prompts,ko
263,meta-llama/Llama-3.2-3B-Instruct,"**Title:** The Effects of Rain on the Impact of Dropping a Watermelon from a Building: A Review of the Literature

**Introduction**

As a graduate student in the field of psychics, I have been tasked with investigating the effects of rain on the impact of dropping a watermelon from a building. This seemingly trivial topic may seem unrelated to traditional areas of study in psychics, but it has sparked my curiosity and led me to explore the intersection of physics, psychology, and environmental factors.",crosslingual,complex_prompts,ko
264,meta-llama/Llama-3.2-3B-Instruct,"**Title:** The Effects of Rain on the Impact of Dropping a Watermelon from a Building: A Review of the Literature

**Introduction**

The study of the effects of rain on the impact of dropping a watermelon from a building is a unique and intriguing topic that has garnered little attention in the field of psychics. As a graduate student in the field of psychics, I have conducted a comprehensive literature review to explore the existing research on this topic and identify gaps in current knowledge. This review",crosslingual,complex_prompts,ko
265,meta-llama/Llama-3.2-3B-Instruct,"**Title:** (, ) - (, )

**Abstract:**

(, )는 (, )에 대한 연구를 수행하기 위해 (, )를 수행했습니다. 이 연구는 (, )에 대한 연구를 정리하고 (, )에 대한 연구의 한계를 고찰합니다. (, )에 대한 연구는 (, )에 대한 연구를 수행한 (, )에 의해 (, )에 대한 연구가 필요하다는 점을 강조합니다. 이",crosslingual,complex_prompts,ko
266,meta-llama/Llama-3.2-3B-Instruct,"Here's the TSV file with the given weather data:

**weather_data.tsv**

```
Date,Weather,Temperature (in degrees Celcius)
2023-12-08,Overcast,-15
2023-12-09,Snowing,-10
2023-12-10,Sunny,-6
2023-12-11,Foggy,5
2023-12-12,Snowing,-5
```

This TSV file can be easily imported",crosslingual,complex_prompts,ko
267,meta-llama/Llama-3.2-3B-Instruct,"Here's the TSV file with the given weather data:

**weather_data.tsv**

```
**Date**, **Weather**, **Temperature (°C)**
2023-12-08, Overcast, -15
2023-12-09, Snowing, -10
2023-12-10, Sunny, -6
2023-12-11, Foggy, 5
2023-12-12, Snowing, -5
```

If you",crosslingual,complex_prompts,ko
268,meta-llama/Llama-3.2-3B-Instruct,"**weather_data.tsv**

Date, **Date**, **Weather**, **Temperature (°C)**

2023-12-08, 2023-12-08, Overcast, -15
2023-12-09, 2023-12-09, Snowing, -10
2023-12-10, 2023-12-10, Sunny, -6
2023-12-11, 2023-12-11, Foggy,",crosslingual,complex_prompts,ko
269,meta-llama/Llama-3.2-3B-Instruct,"""Hockey, obviously.""",crosslingual,complex_prompts,ko
270,meta-llama/Llama-3.2-3B-Instruct,"""Hockey is my favorite sport.""",crosslingual,complex_prompts,ko
271,meta-llama/Llama-3.2-3B-Instruct,"""Hockey""",crosslingual,complex_prompts,ko
272,meta-llama/Llama-3.2-3B-Instruct,"안녕하세요, 어린 친구들! (Hello, young friends!)

이 영화 '타ंगल' (Tangled)에는 한 여인, 랍라 (Rapunzel)가 있습니다. 그녀는 한 명의 여인으로, 그녀의 hair가 매우 길고 아름답습니다. 그녀는 한 명의 왕의 딸입니다. 그녀는 왕의 아들, 피터 (Flynn Rider)와 만난 후, 그는 그녀의 hair를 자르고, 그녀를 왕국으로 데",crosslingual,complex_prompts,ko
273,meta-llama/Llama-3.2-3B-Instruct,"Annyeonghaseyo, kids! (Hello!) Today, I want to tell you about a fun movie called Tangled.

The movie is about a princess named Rapunzel. She's a very special princess who has long, beautiful hair that's as long as her whole body! But she's not allowed to go outside the castle because her mom says it's not safe.

One day, a thief named Flynn Rider comes to the castle and meets Rapunzel. He's a",crosslingual,complex_prompts,ko
274,meta-llama/Llama-3.2-3B-Instruct,"안녕하세요, 어린 친구들! (Hello, young friends!)

이 영화 '타ंगल' (Tangled)은 한 여름에 시작됩니다. (It starts in the summer.) 한 여름에, 한 여인 named 라라 (Rapunzel)가 살고 있습니다. 라라는 매우 아름답고, 그녀의 hair가 매우 길고 아름답습니다. (Rapunzel is very beautiful, and her hair is very long and beautiful.)

라",crosslingual,complex_prompts,ko
275,meta-llama/Llama-3.2-3B-Instruct,"**Summary (100 words)**

Ferrari의 가장 좋은 모델은 개인의 취향에 따라 달라진다. raw 성능을 원한다면 Enzo, LaFerrari, LaFerrari Aperta가 natural choice다. Rarity를 원한다면 288 GTO, Monza SP1, Monza SP2도 고려해야 한다. 인식하기 쉬운 pop culture icon이 되고 싶다면 Testarossa가 natural choice다. Ferrari는 모든",crosslingual,complex_prompts,ko
276,meta-llama/Llama-3.2-3B-Instruct,"Here is a summary of the text in 100 words in Korean:

피아타는 다양한 모델의 우수성을 강조하며, 각 모델은 다른 우수성을 가지고 있습니다. 피아타의 우수성은 성능, rarity, 및 인식성에 따라 결정됩니다. 피아타의 우수한 성능은 Enzo, LaFerrari, LaFerrari Aperta와 같은 모델에서 볼 수 있습니다. 피아타의 rarity는 288",crosslingual,complex_prompts,ko
277,meta-llama/Llama-3.2-3B-Instruct,"**Summary (100 words)**

Ferrari의 가장 좋은 모델은 개인의 취향에 따라 달라진다. 성능, rarity, 및 인식성에 따라 선택할 수 있는 모델이 있다. Enzo, LaFerrari, LaFerrari Aperta, 288 GTO, Monza SP1, Monza SP2가 성능과 rarity에 적합한 모델로, Testarossa가 인식성에 적합한 모델로 간",crosslingual,complex_prompts,ko
278,meta-llama/Llama-3.2-3B-Instruct,"FADE IN:

INT. COFFEE SHOP - DAY

Ray Liotta, dressed in casual attire, sits across from a fawning film journalist, JENNY. She's clutching a recorder and notebook, her eyes wide with excitement.

JENNY
Mr. Liotta, it's an absolute honor to be speaking with you today. Your performance in Goodfellas is widely regarded as one of the greatest in cinema history. I'm still trying to wrap my head around it.

",crosslingual,complex_prompts,ko
279,meta-llama/Llama-3.2-3B-Instruct,"**Interviewer:** (nervously) Mr. Liotta, thank you so much for taking the time to speak with me today. I'm a huge fan of your work, and I'm thrilled to be sitting down with the one and only Henry Hill.

**Ray Liotta:** (in a thick, blue-collar Italian-American accent) Ah, fuhgeddaboutit, it's my pleasure, kid. Fire away with the questions.

**Interviewer:** Let's start with your",crosslingual,complex_prompts,ko
280,meta-llama/Llama-3.2-3B-Instruct,"FADE IN:

INT. RESTAURANT - DAY

Ray Liotta, dressed in casual attire, sits across from a fawning film journalist, JENNY. She's holding a recorder and notebook, her eyes wide with excitement.

JENNY
Mr. Liotta, it's an absolute honor to be speaking with you today. Your performance in Goodfellas is widely regarded as one of the greatest in cinema history. I'm still trying to wrap my head around it.

RAY",crosslingual,complex_prompts,ko
281,meta-llama/Llama-3.2-3B-Instruct,"### Patient Nursing Care Plan

#### Assessment

* The patient is a 56-year-old male presenting with severe lower right quadrant abdominal pain, diaphoretic, and pallor.
* Vital signs: T: 36.6, P: 103, RR: 16, BP: 80/50, SpO2: 87%
* Physical examination: Poor skin turgor, dry mucous membranes
* Laboratory results: WBC count 15 K/uL,",crosslingual,complex_prompts,ko
282,meta-llama/Llama-3.2-3B-Instruct,"**Assessment**

* The patient is a 56-year-old male presenting with severe lower right quadrant abdominal pain, nausea, vomiting, diaphoretic, and pallor.
* Vital signs: T: 36.6, P: 103, RR: 16, BP: 80/50, SpO2: 87%
* Physical examination reveals poor skin turgor and dry mucous membranes.
* Blood work: WBC count of 15 K/uL,",crosslingual,complex_prompts,ko
283,meta-llama/Llama-3.2-3B-Instruct,"### Patient Nursing Care Plan

#### Assessment

* **Physical Assessment:**
	+ Patient presents with severe lower right quadrant abdominal pain, diaphoretic, and pallor
	+ Vital signs: T: 36.6, P: 103, RR: 16, BP: 80/50
	+ Poor skin turgor and dry mucous membranes
* **Laboratory Results:**
	+ WBC count: 15 K/uL
	+ CT",crosslingual,complex_prompts,ko
284,meta-llama/Llama-3.2-3B-Instruct,"openness | front | mid | back 
|-|-|-|-|
|close|i|ɨ|ɯ|
|close-mid|e|ɘ|ɤ|
|open-mid|ɛ|ɜ|ʌ|
|open|a|ɔ|",crosslingual,complex_prompts,ko
285,meta-llama/Llama-3.2-3B-Instruct,"openness | front | mid | back 
|-|-|-|-|
|close|i|ɨ|ɯ|
|close-mid|e|ɘ|ɤ|
|open-mid|ɛ|ɜ|ʌ|
|open|a|ɔ|",crosslingual,complex_prompts,ko
286,meta-llama/Llama-3.2-3B-Instruct,"openness | front | mid | back 
|-|-|-|-|
|close|i |ɨ ʉ|ɯ | 
|close-mid| |ɘ ɵ| 
|open-mid|ɛ œ|ɜ ɞ|ʌ ɔ|
|open|a |||ɑ ɒ|",crosslingual,complex_prompts,ko
287,meta-llama/Llama-3.2-3B-Instruct,"Here are the questions asked in the article in point form:

* So what does it mean when we say that we're building machines that are smarter than we are?
* What does it mean for a machine to be smarter than a human being?
* If it turns out that the standard test that we give to lawyers is something that a chatbot can answer, maybe we're not assessing our lawyers very well.
* What is the subtext of what AI boosters are saying when they talk about AI",crosslingual,complex_prompts,ko
288,meta-llama/Llama-3.2-3B-Instruct,"Here are the questions asked in the article in point form:

* So what does it mean when we say that we're building machines that are smarter than we are?
* What does it mean for a machine to be smarter than a human being?
* If it turns out that the standard test that we give to lawyers is something that a chatbot can answer, maybe we're not assessing our lawyers very well.
* What is the subtext of what AI boosters are saying when they talk about AI",crosslingual,complex_prompts,ko
289,meta-llama/Llama-3.2-3B-Instruct,"Here are the questions asked in the article in point form:

* Cory Doctorow: 
  - What does it mean when we say that we're building machines that are smarter than we are?
  - How can we define what ""smart"" means in the context of AI?
  - Can a machine be considered ""smarter"" than a human being?
  - How do we know that a machine is truly ""smart"" if we don't have a clear definition of what that means?
 ",crosslingual,complex_prompts,ko
290,meta-llama/Llama-3.2-3B-Instruct,"```json
{
  ""title"": ""3 Ways to Brew Coffee"",
  ""methods"": [
    {
      ""method"": ""Drip Brewing"",
      ""description"": ""Drip brewing는 coffee beans을 물에 담은 컵에 물을 뿌려 coffee를 뽑는 방법입니다. coffee beans이 물에 immersioned되어 coffee의 향과 맛이 발휘됩니다. coffee beans이 물에 immersioned되어 coffee의 향과 맛이 발",crosslingual,complex_prompts,ko
291,meta-llama/Llama-3.2-3B-Instruct,"```json
{
  ""title"": ""3 Ways to Brew Coffee"",
  ""description"": ""coffee brewing methods"",
  ""methods"": [
    {
      ""method"": ""\u8d77\u4e00\u4e2a \u8d77\u4e00\u4e2a \u8d77\u4e00\u4e2a"",
      ""description"": ""\u8d77\u4e00\u4e2a \u8d",crosslingual,complex_prompts,ko
292,meta-llama/Llama-3.2-3B-Instruct,"```json
{
  ""title"": ""3 Ways to Brew Coffee"",
  ""description"": ""Coffee brewing methods"",
  ""methods"": [
    {
      ""method"": ""Drip Brewing"",
      ""description"": ""Drip brewing는 coffee grounds가 물에 직접 뿌려져서 coffee가 물에 흡수되는 방법입니다. coffee maker에 물과 coffee grounds를 넣고, coffee maker가 coffee grounds를 물에 뿌려주고 coffee를",crosslingual,complex_prompts,ko
293,meta-llama/Llama-3.2-3B-Instruct,"어른들아, 나의 TV 시청과 게임 플레이를 제한하지 마세요. 나의 친구들과 나의 동료들은 모두 나와 마찬가지로 TV 시청과 게임 플레이를 좋아합니다. 나의 친구들은 나와 마찬가지로 TV 시청과 게임 플레이가 나의 학업에 도움이 되지 않는다는 것을 알지만, 나의 친구들은 나와 마찬가지로 TV 시청과 게임 플레이가 나의 스트레스",crosslingual,complex_prompts,ko
294,meta-llama/Llama-3.2-3B-Instruct,"어른들, 나의 친구들과 나와 함께 TV를 보는 것은 나의 재미를 자극하고 나의 친구들과 나의 friendship을 강화하는 데 도움이 됩니다. TV는 나의 지식을 넓히는 데 도움이 되고, 나의 कल라게리와 인지력을 향상시키는 데 도움이 됩니다. 또한, TV는 나의 스트레스를 줄이는데 도움이 되고, 나의 일과",crosslingual,complex_prompts,ko
295,meta-llama/Llama-3.2-3B-Instruct,"어른들, 나의 친구들과 나와 함께 TV를 보는 것은 나의 재미를 자극하고 나의 친구들과 나의 친구들과 함께 즐길 수 있는 시간을 가질 수 있는 기회를 제공합니다. TV를 보는 것은 나의 지적 능력을 발전시키고, 나의 친구들과 나의 친구들과 함께 즐길 수 있는 시간을 가질 수 있는 기회를 제공합니다. 또한, TV는 나의 친구들과 나의",crosslingual,complex_prompts,ko
296,meta-llama/Llama-3.2-3B-Instruct,"스피크 노우 (Speak Now) (Taylor Swift)의 이전 작품과 마찬가지로, 스위프트는 원래의 구성과 lyrics를 그대로 유지하고 있습니다. 그러나 20세의 스위프트와는 다르게, 최근의 작품에서, 그녀는 어두운 유대감과 경계를 표현하는 경향이 있습니다. 그녀는 ""로버의 '데스 바이 1000 컷'와 '리피션의 '드레스'에서",crosslingual,complex_prompts,ko
297,meta-llama/Llama-3.2-3B-Instruct,"타일러 스위프트의 앨범은 이전의 초기 작품의 재녹음과 비슷하게, 그대로 유지되었습니다. 그러나 20세의 타일러 스위프트는 현재는 다른 가수와 다릅니다. 최근의 재녹음된 앨범에서, 그녀의 하늘을 비추는 유대감은 대화로 대체로 경계와 비판으로 대체되었습니다. 그녀는 ""로버스",crosslingual,complex_prompts,ko
298,meta-llama/Llama-3.2-3B-Instruct,"타일러 스위프트의 앨범은 이전의 초기 작품의 재녹음과 같은 방식으로 주로 신뢰를 유지하고 있습니다. 그러나 20세의 타일러 스위프트와는 다르게, 최근의 재녹음된 작품은 어두운 유대감과 경계를 표현하는 경향이 있습니다. 그녀는 '데스 바이 1000 컷'와 '드레스'와 같은 노래에서 성적 상상력을",crosslingual,complex_prompts,ko
299,meta-llama/Llama-3.2-3B-Instruct,"Salesforce는 소프트웨어 회사 인 Salesforce.com이 개발한 클라우드 기반 CRM (Customer Relationship Management) 플랫폼입니다. Salesforce는 고객 관계 관리, 마케팅, 판매, 서비스, 및 기타 비즈니스 프로세스를 관리하는 데 사용됩니다.

Salesforce의 디지털 경험은 사용자에게 개인화된 경험을 제공하는 것을 목표로 합니다. 사용자들은 다양한 디지털 채널을 통해 Salesforce와 상호 작용할",crosslingual,sharegpt,ko
300,meta-llama/Llama-3.2-3B-Instruct,"Salesforce 디지털 경험(Salesforce Digital Experience)とは、 Salesforce 플랫폼을 통해 고객을 위한 개인화된 경험을 제공하는 것을 목표로 하는 전략입니다. 

Salesforce 디지털 경험은 고객이 제품이나 서비스를 사용할 때, 그들이 사용하는 모든 장치와 플랫폼에서 개인화된 경험을 제공하는 것을 목표로 합니다. 이는 고객이 제품이나 서비스를 사용할 때, 그들이 사용하는 모든",crosslingual,sharegpt,ko
301,meta-llama/Llama-3.2-3B-Instruct,"전통적 인 연구와 개발을 통해 기술을 발전시키는 과정을 기술 도로맵과 구현에 대한 배경으로 사용하는 기술 발전의 과정입니다.

1. **기대치 설정**: 기술 개발을 위한 목표를 설정하고, 기술의 발전을 위한 목표를 설정합니다. 이때, 기술의 기대치, 기술의 경쟁력, 기술의 비용, 기술의 시간을 고려합니다.
2. **요",crosslingual,sharegpt,ko
302,meta-llama/Llama-3.2-3B-Instruct,"전기 기술 발전의 과정은 기술 도로맵과 구현에 대한 맥락에서 기술 발전의 과정입니다.

1. **기대치 설정**: 기술 발전의 목표를 설정하고, 기대치를 정의합니다. 이때, 기술 발전의 목표는 기술의 성능, 비용, 시간, 및 기타 요인에 따라 정의됩니다.
2. **요소 identification**: 기술 발전의 요소들을 식별합니다",crosslingual,sharegpt,ko
303,meta-llama/Llama-3.2-3B-Instruct,"**세계 지식형 정부 (Global Knowledge Government)**

**개요**

세계 지식형 정부는 지식과 정보를 기반으로 세계를 지배하는 정부입니다. 이 정부는 지식과 정보를 공유하고 사용하는 것을 장려하며, 세계의 모든 국가가 지식과 정보를 공유하고 사용할 수 있는 환경을 제공합니다.

**구조**

세계 지식형 정부는 다음과 같은 구조를 가지고 있습니다.

* **세",crosslingual,sharegpt,ko
304,meta-llama/Llama-3.2-3B-Instruct,"**세계 디지털 정부의 설계**

세계 디지털 정부는 디지털 기술을 통해 정부의 운영을 개선하고, 공공 서비스를 개선하고, 시민의 참여를 증진시키는全球적인 정부 시스템입니다. 이 시스템은 디지털 플랫폼을 통해 정부의 모든 활동을 관리하고, 공공 서비스를 제공하고, 시민의 참여를 유도하는 것을 목표로 합니다.

**구조**

",crosslingual,sharegpt,ko
305,meta-llama/Llama-3.2-3B-Instruct,"현재의 청정 에너지 giải pháp과 새로운 청정 에너지 대안을 제안해 보겠습니다.

1. **수력 에너지**: 수력 에너지는 수력 발전기와 수력 전기차를 통해 수력 에너지를 사용할 수 있습니다. 수력 발전기는 수력 에너지를 전기로 전환하여 전력망에 공급할 수 있습니다. 수력 전기차는 전기차의 전",crosslingual,sharegpt,ko
306,meta-llama/Llama-3.2-3B-Instruct,한국에서 지구를 지속적으로 지속적으로 지속적으로 지속적으로 지속적으로 지속적으로 지속적으로 지속적으로 지속적으로 지속적으로 지속적으로 지속적으로 지속적으로 지속적으로 지속적으로 지속적으로 지속적으로 지속적으로 지속적으로 지속적으로 지속적으로 지속적으로 지속적으로 지속적으로 지속적으로 지속적으로 지속적으로 지속적으로 지속적으로 지속적으로 지속적으로 지속,crosslingual,sharegpt,ko
307,meta-llama/Llama-3.2-3B-Instruct,"**제목:** 환경 오염에 대한 다종肥料의 영향을 연구하기 위한 연구 đề안

** abstract:**

이 연구는 다종肥料의 환경 오염에 미치는 영향을 investigate하기 위해 수행되었습니다. 다종肥料은 다양한 성분을 함유한肥料로, 환경 오염을 줄이기 위해 사용되었습니다. 그러나 다종肥料의 환경 오염에 미치는 미상이 chưa 명확하여 이 연구는",crosslingual,sharegpt,ko
308,meta-llama/Llama-3.2-3B-Instruct,"**Title:** (, ) (, )

**Abstract:**

(, ) (, ) (, ) (, ) (, ) (, ) (, ) (, ) (, ) (, ) (, ) (, ) (, ) (, ) (, ) (, ) (, ) (, ) (, ) (, ) (, ) (, ) (, ) (, ) (, ) (, ) (, ) (, ) (, )",crosslingual,sharegpt,ko
309,meta-llama/Llama-3.2-3B-Instruct,"**제목:** 다양한 유기질의 영향을 미치는 환경 오염에 대한 연구

**초록:**

유기질은 농업의 성장에 중요한 역할을 하고 있지만, 환경 오염의 원인이기도 합니다. 다양한 유기질의 영향을 미치는 환경 오염에 대한 연구는 환경 오염의 원인과 방지 방법에 대한 지식에 기여할 수 있습니다. 본 연구는 다양한 유기질의 영향을 미치는 환경 오",crosslingual,sharegpt,ko
310,meta-llama/Llama-3.2-3B-Instruct,"전기차가 전통 자동차 산업에 미치는 영향을 살펴보겠습니다.

전기차는 전통 자동차 산업에 많은 영향을 미칠 것으로 예상됩니다. 전기차는 전기전지의 발전에 의존하기 때문에 전기차의 생산 및 배치에 대한 전기소모전지 공급체가 필요합니다. 이로 인해 전기차의 생산 비용이 증가할 수 있습니다.

또한 전기차는 전기",crosslingual,sharegpt,ko
311,meta-llama/Llama-3.2-3B-Instruct,"전기차가 전통적인 자동차 산업에 미치는 영향을 살펴보겠습니다.

전기차는 전통적인 자동차 산업에 많은 영향을 미칠 것으로 예상됩니다. 다음과 같은 몇 가지 이유가 있습니다.

1. **차량 판매의 전환**: 전기차는 전통적인 gasoline-powered 차량에 비해 더 많은 판매를 하기 때문에 전통적인 자동차 산업은 전기차의 판매를 인도해야 합니다. 이로 인해 전통",crosslingual,sharegpt,ko
312,meta-llama/Llama-3.2-3B-Instruct,"Medium의 추천 시스템은 사용자에 따라 다르지만, 일반적으로 다음과 같은 방법으로 작동합니다.

1. **사용자 행동**: Medium에서 사용자들은 글을 읽고, 공유하고, 좋아요를 주는 등 다양한 행동을 합니다. 이 행동은 사용자에 따라 추천 시스템에 의해 감지됩니다.
2. **사용자 프로필**: 사용자 프로필은 사용자에 따라 다르지만, 일반적으로 사용자에 대한 정보",crosslingual,sharegpt,ko
313,meta-llama/Llama-3.2-3B-Instruct,"Medium의 추천 시스템은 사용자에 따라 다르지만, 일반적으로 다음의 방법으로 작동합니다.

1. **사용자 행동**: Medium에서 사용자들은 다양한 활동을 통해 추천 시스템에 정보를 제공합니다. 예를 들어, 사용자가 기사에 댓글을 남기거나 기사에 좋아요를 주면 추천 시스템은 사용자의 관심사에 대한 정보를 수집할 수 있습니다.
2. **기사 특성**: Medium은 기사에",crosslingual,sharegpt,ko
314,meta-llama/Llama-3.2-3B-Instruct,"**Title:** ""Language and Social Norms: Unpacking Gender Stereotypes""

**Objective:**

* Analyze how language use reinforces or challenges social norms and stereotypes related to gender.
* Develop critical thinking skills to identify and evaluate the impact of language on social norms.
* Encourage students to think critically about the role of language in shaping societal attitudes towards gender.

**Activity:**

**Part 1: Group Discussion (20 minutes)**

1. Divide the class into small groups of ",crosslingual,sharegpt,ko
315,meta-llama/Llama-3.2-3B-Instruct,"**Activity Title:** ""Breaking Stereotypes through Language""

**Objective:** To analyze how language use reinforces or challenges social norms and stereotypes related to gender, and to develop critical thinking skills in identifying and challenging these stereotypes.

**Materials:**

* Handouts with examples of texts or advertisements that contain gender-related stereotypes (e.g. commercials, news articles, social media posts)
* Whiteboard and markers
* Blank paper and pencils

**Procedure:**

1. Introduction (10 minutes):
	*",crosslingual,sharegpt,ko
316,meta-llama/Llama-3.2-3B-Instruct,"**Activity Title:** ""Language and Social Norms: Unpacking Gender Stereotypes in Korean Language Use""

**Objective:**

* Analyze how language use reinforces or challenges social norms and stereotypes related to gender in Korean culture.
* Develop critical thinking skills to identify and evaluate the impact of language on social norms.
* Cultivate effective communication skills to express nuanced perspectives on gender issues.

**Materials:**

* Handouts with examples of Korean language use (e.g., advertisements, news articles, social",crosslingual,sharegpt,ko
317,meta-llama/Llama-3.2-3B-Instruct,"안녕하세요. 의학 커뮤니케이션스 전문가입니다. 

전 세계적으로, 의약품 회사들은 다양성 및 포함성에 대한 접근 방식을 다각화하고 있습니다. 이 접근 방식은 의약품 개발,clinical trial, 및 마케팅 및 판매에까지 확장됩니다.

1. ** 다양성 및 포함성 전략**: 의약품 회사들은 다양성 및 포함성 전략을 구체화하여 의약품 개발",crosslingual,sharegpt,ko
318,meta-llama/Llama-3.2-3B-Instruct,"**Title:** Pharma Companies' Approach to Diversity and Inclusion and Addressing Health Inequalities Globally

**Introduction**

Pharmaceutical companies are increasingly recognizing the importance of diversity and inclusion in their operations, research, and clinical trials. The lack of diversity in clinical trials has been identified as a significant barrier to addressing health inequalities, as it can lead to biased results and limited applicability of treatments to diverse populations. In recent years, pharma companies have been taking steps to address these issues and",crosslingual,sharegpt,ko
319,meta-llama/Llama-3.2-3B-Instruct,"**전 세계적으로 의약품 회사들이 다iversity와 포함성에 대한 접근 방식**

전 세계적으로 의약품 회사들은 다iversity와 포함성에 대한 접근 방식을 다각적으로 다루고 있습니다. 다iversity는 다양한 인종, 세대, 성, 지위, 능력, 지위, 종교, 지위, 지위, 지위, 지위, 지위, 지위, 지위, 지위, 지위, 지",crosslingual,sharegpt,ko
320,meta-llama/Llama-3.2-3B-Instruct,"안녕하세요! (Annyeonghaseyo!) I'm excited to explore potential collaboration opportunities with Solugen. Solugen is a cutting-edge biotech company that's pushing the boundaries of sustainable materials production. As a potential collaborator, here are some ways we could work together:

1. **Research and Development**: We could collaborate on developing new biobased materials and technologies that address specific industry challenges. Our expertise in biotechnology and your knowledge of materials science could lead to innovative solutions that",crosslingual,sharegpt,ko
321,meta-llama/Llama-3.2-3B-Instruct,"안녕하세요. Solugen은 인공생물 기술을 사용하여 플라스틱을 재생산하는 미국의 기술 회사입니다. Solugen과 협력하는 다양한 방법이 있습니다.

1. **생물성 재료 개발**: Solugen은 인공생물 기술을 사용하여 다양한 생물성 재료를 개발하고 있습니다. Solugen과 함께, 생물성 재료를 개발하고 사용하는 방법에 대해 연구하고 개발할 수 있습니다.
2. **",crosslingual,sharegpt,ko
322,meta-llama/Llama-3.2-3B-Instruct,"연례 보고서는 회사의 연간 활동을 정리하고, 회사의 성과를 평가하는 데 사용되는 공식적인 보고서입니다. 일반적으로 연례 보고서는 다음과 같은 내용을 포함합니다.

1. 회사의 연간 활동과 성과: 이 부분에서는 회사의 연간 활동, 수익, 지출, 자산, 부채, 자본, 이익, 이자, 수익, 및 기타 중요한 요소를 정리합니다.
2. 경",crosslingual,sharegpt,ko
323,meta-llama/Llama-3.2-3B-Instruct,"연례 보고서 (Annual Report)에는 다음과 같은 내용이 포함될 수 있습니다.

1. 회사의 연간 성과 (Annual Performance)
 * 재무 báo cáo (Financial Statements)
 * 영업 성과 (Operating Results)
 * 영업 이익 (Operating Income)
 * 영업 이자 (Operating Cash Flow)
2. 회사의 경영 전략 (Corporate Strategy)
 * 경영 목표 (Business Objectives)
 * 경영 전략 (Business Strategy)
 * 경",crosslingual,sharegpt,ko
324,meta-llama/Llama-3.2-3B-Instruct,"Employee service management 소프트웨어는 직원 서비스, 예약 서비스를 관리하는 데 사용되는 소프트웨어입니다. 직원들이 식사, 의료 예약, 자전거 보관소 예약 등 다양한 서비스를 관리할 수 있는 소프트웨어입니다.

다양한 소프트웨어가 있습니다. 다음은 일부 예를 들어:

1. **Workday**: Workday는 HR, 자원 관리, 예약 서비스를 포함한 다양한 서비스를 관리하는 소",crosslingual,sharegpt,ko
325,meta-llama/Llama-3.2-3B-Instruct,"There are several software options for managing employee services and booking services. Here are a few popular ones:

1. **Workday**: Workday는 HR, payroll, and financial management을 포함하는 전통적인 HR 소프트웨어입니다. 또한, employee services 및 booking services를 관리할 수 있습니다.
2. **ServiceNow**: ServiceNow는 IT Service Management, Customer Service Management, 및 Employee Experience를 포함하는 전통적인 IT 소프트웨어입니다. 또한, employee services 및 booking services",crosslingual,sharegpt,ko
326,meta-llama/Llama-3.2-3B-Instruct,"타임스 앤 모션 스튜디오(Times and Motion Study)는 일과 노동의 효율성을 향상시키기 위해 사용되는 연구 방법입니다. 이 연구 방법은 일과 노동의 시간과 운동을 관찰하고 분석하여 노동의 효율성을 향상시키기 위해 개선策을 제안하는 것을 목표로 합니다.

타임스 앤 모션 스튜디오는 일과 노동의 시간과 운동을 관찰하여",crosslingual,sharegpt,ko
327,meta-llama/Llama-3.2-3B-Instruct,"타임스 앤 모션 스튜디오(Times and Motion Study)는 일과 노동 시간을 최적화하기 위해 사용되는 연구 방법입니다. 이 연구 방법은 일과 노동 시간을 최적화하기 위해 일과 노동 시간을 관찰하고 분석하는 것을 목표로 합니다.

타임스 앤 모션 스튜디오는 일과 노동 시간을 최적화하기 위해 사용되는 다양한 방법으로, 다음과 같은 방법이 있습니다.

1",crosslingual,sharegpt,ko
328,meta-llama/Llama-3.2-3B-Instruct,"네, 저는 몇 가지 예를 들어 보겠습니다.

1. **주식회사 인사부의 연례 보고서**: 주식회사 인사부의 연례 보고서는 thường xuyên 반복되는 내용을 포함합니다. 예를 들어, 연례 보고서에는 주식회사의 연례 보고서의 내용, 인사부의 활동 결과, 미래의 목표 및 계획 등이 포함됩니다. 이러한 보고서는 주로 인사부의 활동을 보도",crosslingual,sharegpt,ko
329,meta-llama/Llama-3.2-3B-Instruct,"네, 저는 몇 가지 예를 들어 보겠습니다.

1. **주식회사 인사부의 일기**: 주식회사 인사부의 일기에는 주식회사 내의 일기, 회의록, 이사장의 일기, 직원들의 성적, 직원들의 연봉, 직원들의 연봉 상승, 직원들의 이사장과 직원들의 상호작용 등이 포함됩니다. 이 일기는 주식회사 내",crosslingual,sharegpt,ko
330,meta-llama/Llama-3.2-3B-Instruct,"**emarket**

**Product Name:** 마켓 (Market)

**Product Description:**

emarket은 소상공인 및 startups가 목표를 설정하고 목표를 달성하기 위한 목표를 설정하고 달성하기 위한 도구입니다. 마켓은 소상공인 및 startups가 목표를 설정하고 목표를 달성하기 위한 목표를 설정하고 달성하기 위한 도구입니다.

**Product Requirements Document**

**Overview**

emarket은 소",crosslingual,sharegpt,ko
331,meta-llama/Llama-3.2-3B-Instruct,"**Product Name:** 마케팅 플랫폼 (Marketing Platform)

**Product Description:**

마케팅 플랫폼은 소상공인들이 목표를 설정하고 목표를 달성하기 위한 마케팅 전략을 개발하고 구체화하는 데 도움을 주는 플랫폼입니다. 플랫폼은 사용자들이 자신의 목표를 설정하고 목표를 달성하기 위한 마케팅 전략을 개발하고 구체",crosslingual,sharegpt,ko
332,meta-llama/Llama-3.2-3B-Instruct,"**emarketTarget**

**제품명:** 마케팅 목표를 설정하고 비즈니스를 시작하는 데 도움을 주는 소프트웨어

**목적:** 마케팅 목표를 설정하고 비즈니스를 시작하는 데 도움을 주는 소프트웨어를 개발하기 위한 제품 requirements document

**요구 사항**

1. **마케팅 목표 설정**

* 사용자들이 자신의 비즈니스 목표를 설정할 수 있는 기능",crosslingual,sharegpt,ko
333,meta-llama/Llama-3.2-3B-Instruct,"""인터랙티브 엔지니어링 모델""은 학습을 위한 자율적 인 학습을 지원하는 엔지니어링 모델입니다. 이 모델은 사용자와 상호작용하여 학습을 지원하는 모델로, 사용자와의 상호작용을 통해 학습을 지원하는 엔지니어링 모델입니다.

인터랙티브 엔지니어링 모델은 다음의 특징을 가지고 있습니다.

1. **",crosslingual,sharegpt,ko
334,meta-llama/Llama-3.2-3B-Instruct,"""인터랙티브 엔지니어링 모델""은 자율학습을 위한 ""인터랙티브 모델""입니다. 

인터랙티브 엔지니어링 모델은 사용자와 상호작용할 수 있는 가상 환경을 제공하여 사용자들이 자율학습을 할 수 있도록 도와주는 기술입니다. 이 모델은 사용자들이 다양한 문제를 해결하고, 경험을 공유하고, 다른 사람들과 상호작",crosslingual,sharegpt,ko
335,meta-llama/Llama-3.2-3B-Instruct,"고온의 상황에서 도시의 결과를 시뮬레이션하기 위해 디스्क리트 이벤트 시뮬레이션을 사용하는 방법은 다음과 같습니다.

1. **시뮬레이션의 목적**: 고온의 상황에서 도시의 결과를 시뮬레이션하는 목적은 도시의 인구, 교통, 경제, 건강 등 다양한 요소를 고려하여 도시의 대응을 시뮬레이션하는 것입니다",crosslingual,sharegpt,ko
336,meta-llama/Llama-3.2-3B-Instruct,"고온의 상황에서 도시의 결과를 시뮬레이션하는 방법은 다음과 같습니다.

1. **시뮬레이션 목표**: 고온의 상황에서 도시의 교통, 공공 서비스, 경제, 건강 등 다양한 요소에 대한 결과를 시뮬레이션하는 것이 목표입니다.
2. **시뮬레이션 방법**:
 * ** Monte Carlo 시뮬레이션**: 고온의 상황에서 도시의",crosslingual,sharegpt,ko
337,meta-llama/Llama-3.2-3B-Instruct,"Cisco의 네트워크 에지 장치의 보안 정책을 implementing 하기 위해 필요한 것에 대해 설명해 드리겠습니다.

네트워크 에지 장치의 보안 정책은 organization의 데이터와 리소스를 보호하기 위해 essential한 것입니다. Cisco의 네트워크 에지 장치의 보안 정책을 implementing 하기 위해 다음을 implementation해야 합니다.

1. **Authentication, Authorization, and Accounting (AAA)**: AAA는 사용자, 장치 및",crosslingual,sharegpt,ko
338,meta-llama/Llama-3.2-3B-Instruct,"Cisco의 네트워크 에지 장치의 보안 정책을 implementing 하기 위해 필요한 것에 대해 설명해 드리겠습니다.

네트워크 에지 장치의 보안 정책은 organization의 데이터 및 자산을 보호하기 위해 essential한 것입니다. Cisco의 네트워크 에지 장치의 보안 정책을 implementing 하기 위해 다음을 implementation해야 합니다.

1. **Authentication, Authorization, and Accounting (AAA)**: AAA는 사용자, 장치 및",crosslingual,sharegpt,ko
339,meta-llama/Llama-3.2-3B-Instruct,"세계화의 경제적 차원에 대한 주요 개념을 설명해 드리겠습니다.

1. **세계화의 정의**: 세계화는 국제적 경제적 상호작용을 통해 세계의 경제적 활동이 지역적 또는 국가적 제한을 벗어난, 세계적 경제적 활동을 의미합니다. 세계화는 국제 무역, 투자, 자본의 유동, 기술의 공유, 경제적 협력 등 다양한 형태",crosslingual,sharegpt,ko
340,meta-llama/Llama-3.2-3B-Instruct,"세계화의 경제적 차원에 대한 주요 개념을 설명해 드리겠습니다.

**1. 세계화의 경제적 차원**

세계화는 경제적, 사회적, 문화적, 정치적 차원에서 다양한 국가와 지역 간의 상호작용을 의미합니다. 경제적 차원에서는 세계화가 경제 성장, 경쟁, 투자, 상인 및 수출/수입을 증가시키는 데 도움이 됩니다.

**",crosslingual,sharegpt,ko
341,meta-llama/Llama-3.2-3B-Instruct,"한국어로, deep learning, machine learning, 및 artificial intelligence는 모두 인공지능과 관련된 용어입니다. 그러나 그들은 서로 다른 개념입니다.

** deep learning (Deep Learning)**

*   인공지능의 한 부분으로, 기계 학습을 사용하여 복잡한 데이터를 처리하는 기술입니다.
*   기계 학습을 사용하여 데이터를 학습하고, 데이터에 대한 patterns를 인식하는 데 사용됩니다.
*   deep learning",crosslingual,sharegpt,ko
342,meta-llama/Llama-3.2-3B-Instruct,"** deep learning, machine learning, 및 artificial intelligence의 차이**

 deep learning, machine learning, 및 artificial intelligence는 모두 컴퓨터가 인간의 지적 능력을模사하여 정보를 처리하는 기술입니다. 그러나 그들은 서로 다른 목적과 방법으로 구분할 수 있습니다.

**Artificial Intelligence (AI)**

*   AI는 컴퓨터가 인간의 지적 능력을 모방하여 정보를 처리하는 기술입니다. AI는 인간의 지적 능력을 모",crosslingual,sharegpt,ko
343,meta-llama/Llama-3.2-3B-Instruct,"클러스터링 기술은 전사체 및 단백질omics 데이터에서 질병 관련 생물학적 마커를 식별하는 데 사용됩니다. 이 기술은 다음과 같은 단계를 통해 사용됩니다.

1. **데이터 준비**: 질병 관련 데이터를 수집하고 전사체 및 단백질omics 데이터를 준비합니다. 이 데이터는 RNA-seq, microarray, 또는 proteomics 데이터를 포함할 수 있습니다.
2. **데이터 전처",crosslingual,sharegpt,ko
344,meta-llama/Llama-3.2-3B-Instruct,"Here's an explanation of how clustering techniques can identify disease-relevant biomarkers from transcriptomic and proteomic data in simple Korean:

**전문적 데이터에서 질병 관련 biomarker를 식별하기 위한 클러스터링 기술**

**전문적 데이터란?**

*   transcriptomic 데이터: 세포의 RNA의 발현 정보를 포함하는 데이터
*   proteomic 데이터: 세포의 단백질의 발현 정보를 포함하는 데이터

**클러스터",crosslingual,sharegpt,ko
345,meta-llama/Llama-3.2-3B-Instruct,"클러스터링 기술은 전사적 및 단백질적 데이터에서 질병에 관련된 신호를 식별하는 데 사용됩니다. 이 기술은 다음과 같은 단계를 통해 사용됩니다.

1. **데이터 준비**: 질병에 관련된 전사적 및 단백질적 데이터를 수집하고 준비합니다. 이 데이터는 RNA-seq, microarray, 또는 proteomics와 같은 다양한 기술을 사용하여 얻을 수 있습니다.
2. **",crosslingual,sharegpt,ko
346,meta-llama/Llama-3.2-3B-Instruct,"**과학적 장비 판매 회사 CRM 시스템 요구 사항**

**제목:** 과학적 장비 판매 회사 CRM 시스템 요구 사항

**개요**

이 문서는 과학적 장비 판매 회사에 대한 CRM 시스템 요구 사항을 정의하는 데 사용됩니다. CRM 시스템은 고객 relationships를 관리하고 판매를 효율적으로 관리하는 데 도움이 될 수 있습니다.

**요구 사항**

1. **고객 정보 관리**
 * 고객 정보를 저장하고 관리",crosslingual,sharegpt,ko
347,meta-llama/Llama-3.2-3B-Instruct,"**과학 장비 판매 회사 CRM 시스템 요구 사항**

**제목:** 과학 장비 판매 회사 CRM 시스템 요구 사항

**개요**

과학 장비 판매 회사 CRM 시스템은 고객 relationships management을 위한 소프트웨어 시스템입니다. 이 시스템은 고객의 정보를 관리하고, 판매를 관리하고, 고객 relationships를 유지하기 위한 다양한 기능을 제공합니다. 이 요구 사항은 과학 장비 판매 회사 CRM 시스템의 요구 사항을 정의합니다.

**요",crosslingual,sharegpt,ko
348,meta-llama/Llama-3.2-3B-Instruct,"미래에 대한 식사习惯은 다양한 요인에 의해 영향을 받을 것입니다. 식사习惯은 기술의 발전, 환경의 변화, 사회적 변화를 통해 크게 바뀔 것입니다.

1. **식품의 발전**: 미래의 식품은 기술의 발전으로 인해 더 건강하고 효율적인 식품이 개발될 것입니다. 예를 들어, 식품의 재료가 더 건강하고 재생산성이",crosslingual,sharegpt,ko
349,meta-llama/Llama-3.2-3B-Instruct,"* 2030년대에는 식사习惯이 크게 바뀌어질 것으로 예상됩니다.

1.  **식사 시간과 장소**: 인공지능 기술의 발전으로 인해 식사 시간과 장소가 바뀌어질 것으로 예상됩니다. 예를 들어, 식사 시간이 더 flexible해질 수 있을 것으로 예상됩니다. 또한, 식사 장소도 더 다양한 곳에서 식사할 수 있을",crosslingual,sharegpt,ko
350,meta-llama/Llama-3.2-3B-Instruct,"법정학 (Forensic Science) 또는 법정학 (Forensic Science)とは, 법정에서 사용되는 과학적 방법을 포함한 법정에서 사용되는 과학적 방법을 말한다. 법정학은 법정에서 사용되는 과학적 방법을 포함한 법정에서 사용되는 과학적 방법을 말한다. 법정학은 법정에서 사용되는 과학적 방법을 포함한 법정에서 사용되는 과학적 방법을 말",crosslingual,sharegpt,ko
351,meta-llama/Llama-3.2-3B-Instruct,"법정학 (Forensic Science)とは、犯罪의 증거를 수집, 분석, 증명, 및 법적 증거로 사용하는 과학적 방법을 포함하는 과학 분야입니다. 법정학은 법정에서 사용되는 증거를 수집하고, 증명하는 과학적 방법을 포함하는 분야로, 범죄의 수사, 법적 증거, 및 법적 절차에 사용됩니다.

법정학은 다양한 분야에서 사용",crosslingual,sharegpt,ko
352,meta-llama/Llama-3.2-3B-Instruct,"AI는 환경 문제를 해결하는 데 도움이 될 수 있습니다. 다음은 몇 가지 방법입니다.

1. **오염 제거**: AI는 오염 물질을 제거하는 데 도움이 될 수 있습니다. 예를 들어, AI가 사용되는 정수장치와 같은 오염 제거 기술을 개발하고, 오염 물질의 감지 및 추적을 도와주는 것이 가능합니다.
2. **에너지 효율 개선**:",crosslingual,sharegpt,ko
353,meta-llama/Llama-3.2-3B-Instruct,"AI는 환경 문제를 해결하는 데 도움이 될 수 있는 몇 가지 방법이 있습니다.

1. **수산물의 오염 감지**: AI는 수산물의 오염 수준을 감지하고 예측할 수 있습니다. 예를 들어, AI가 수산물의 pH 수준, 미생물 수준, 유기물 수준 등 다양한 요소를 감지할 수 있습니다. 이 정보를 사용하여, 환경 보호 기관은 오염",crosslingual,sharegpt,ko
354,meta-llama/Llama-3.2-3B-Instruct,"quantum computing은 전통적인 컴퓨터와는 달리, bits를 사용하지 않고, 0과 1을 사용하지 않는다. 

전통적인 컴퓨터는 0과 1을 사용하여 정보를 처리한다. 이 0과 1은 2진수 시스템으로, 0은 0% 또는 0을 의미하고 1은 100% 또는 1을 의미한다. 

quantum computing은 0과 1",crosslingual,sharegpt,ko
355,meta-llama/Llama-3.2-3B-Instruct,"**quantum computing**

**quantum computing**은 전통적인 컴퓨터와는 다르게 작동하는 컴퓨터 기술입니다. 전통적인 컴퓨터는 0과 1로만 작동합니다. 0은 absence(무 presence) 또는 absence of energy를 의미합니다. 1은 presence 또는 presence of energy를 의미합니다. 

quantum computing은 0과 1을 대신 0과 1과 2를 사용합니다. 0",crosslingual,sharegpt,ko
356,meta-llama/Llama-3.2-3B-Instruct,"공산주의를 경제 발전의 방식으로 채택한 최초의 국가는 소련이었다. 1917년 10월 25일(그해 11월 7일), 러시아의 볼셰비치 혁명으로 소련이 설립되었으며, 이로써 공산주의가 러시아의 경제 발전 방식을 결정적으로 개입하게 되었다.",crosslingual,sharegpt,ko
357,meta-llama/Llama-3.2-3B-Instruct,"공산주의를 통해 경제를 발전시키는 첫 번째 국가는 러시아였다. 러시아는 1917년 10월 25일 (그해 7일) bolshevik당이 권력을 잡고, 1918년 1월 1일 공산주의가 공식적으로 도입되었다.",crosslingual,sharegpt,ko
358,meta-llama/Llama-3.2-3B-Instruct,"""What types of use cases or new plugins do you want to see built?""는 다음과 같은 질문을 answering할 때 사용할 수 있는 몇 가지 방법이 있습니다.

1. **사용자에 대한 이해**: 사용자에 대한 이해를 demonstrate 하세요. 사용자에 대한 이해를 demonstrate 하기 위해, 사용자에 대한 사용자 experience를 describe 하세요. 예를 들어, ""I'd like to see a plugin that allows users to easily import and export data from popular",crosslingual,sharegpt,ko
359,meta-llama/Llama-3.2-3B-Instruct,"""What types of use cases or new plugins do you want to see built?""는 다음과 같은 질문에 대한 답변을 하기 위해 다음과 같은 방법을 사용할 수 있습니다.

1. **사용자需求에 대한 이해**: 사용자에 대한 surveys나 피드백을 수집하여 사용자들의需求을 이해할 수 있습니다. 사용자들이 어떤 기능이나 플러그인들이 필요하거나 도움이 필요하다고 생각하는지 파악할 수 있습니다.
2",crosslingual,sharegpt,ko
360,meta-llama/Llama-3.2-3B-Instruct,"CRM (Customer Relationship Management) агें시는 고객 관계 관리를 위한 소프트웨어 및 서비스를 제공하는 회사입니다. CRM агें시는 고객 관계 관리를 위한 전략 개발, consulting, 구축, 유지 관리, 및 optimization을 제공합니다.

CRM агें시는 다음과 같은 서비스를 제공할 수 있습니다.

1. **전략 개발**: 고객 관계 관리 전략을 개발하고 구축하는 서비스를 제공합니다. 이 서비스는 고객 관계 관리의 목표, 목",crosslingual,sharegpt,ko
361,meta-llama/Llama-3.2-3B-Instruct,"CRM(Customer Relationship Management) агें시에서 제공하는 조언 및 전략 개발 서비스는 다음과 같습니다.

1. **고객 Relationship Management(CRM) 전략 개발**: CRM 시스템을 구축하고 사용하는 전략을 개발하여 고객 relationship을 강화하고 비즈니스 성과를 향상시키는 데 도움을 주는 서비스입니다.
2. **고객 분석 및洞察**: 고객 데이터를 분석하여 고객의 nhu cầu, 행동, 경향을",crosslingual,sharegpt,ko
362,meta-llama/Llama-3.2-3B-Instruct,"**Spring State Machine and Workflow Integration**

Spring State Machine (SSM)와 Spring Workflow (SWF)은 Spring Framework의 두 가지 다른 도구입니다. SSM은 상태 máchine의 구현을 제공하며, SWF는 비즈니스 프로세스를 관리하는 데 사용됩니다.

SSM과 SWF를 함께 사용하는 것은 가능합니다. 그러나, 두 도구의 목적과 사용 방법이 다르기 때문에, 적절한 사용 방법을 파악하는",crosslingual,sharegpt,ko
363,meta-llama/Llama-3.2-3B-Instruct,"**Spring State Machine과 Spring Workflow의 사용 가능성**

Spring State Machine과 Spring Workflow은 두 가지独立한 Spring Framework의 구성 요소입니다. Spring State Machine은 상태 máchine의 구현을 제공하며, Spring Workflow은 비즈니스 프로세스를 관리하는 데 사용됩니다.

**Spring State Machine**

Spring State Machine은 상태 máchine의 구현을 제공합니다. 상태 máchine은 상태의 상태를 관리하고, 상태의 전환을 제어하는 데 사용",crosslingual,sharegpt,ko
364,meta-llama/Llama-3.2-3B-Instruct,"Europe offers a wide range of online interior design courses with certification options that can be completed within 1 year or less. Here are some popular options:

1. **London College of Fashion (UK)**: Offers a 6-month online Interior Design course with a certification in Interior Design.
2. **Central Saint Martins (UK)**: Provides a 6-month online Interior Design course with a certification in Interior Design.
3. **The London School of Interior Design (UK)**: Offers a 6",crosslingual,sharegpt,ko
365,meta-llama/Llama-3.2-3B-Instruct,"Europe offers a wide range of online interior design courses with certification options that can be completed in 1 year or less. Here are some options for you to consider:

1. **London College of Fashion (UK)**: Offers a 6-month online Interior Design course with a certification in Interior Design.
2. **Central Saint Martins (UK)**: Offers a 6-month online Interior Design course with a certification in Interior Design.
3. **University of the Arts London (UK)**: Offers a",crosslingual,sharegpt,ko
366,meta-llama/Llama-3.2-3B-Instruct,"**Notion Data Visualization Feature Development Plan**

**Project Overview**

Our goal is to develop a native data visualization feature within Notion, allowing users to create interactive and customizable visualizations directly within the platform. This feature will enhance the user experience, increase productivity, and provide a competitive advantage for our enterprise customers.

**Requirements Gathering**

To ensure we build a feature that meets the needs of our users, we'll conduct the following research and gathering activities:

1. **User Interviews**: Schedule meetings with enterprise",crosslingual,sharegpt,ko
367,meta-llama/Llama-3.2-3B-Instruct,"Notion의 enterprise 고객들이 데이터를 시각화할 수 있는 기능을 제공하기 위해, 3rd-party 도구들에 비해 내부적으로 개발할 수 있는 기능을 개발할 수 있습니다. 이 기능을 개발하는 방법은 다음과 같습니다.

1. **데이터 소스**: Notion의 데이터 소스를 파악하고, 데이터를 수집하는 방법을 결정합니다. Notion은 JSON, CSV, Excel, Google Sheets, Airtable 등 다양한 데이터 소",crosslingual,sharegpt,ko
368,meta-llama/Llama-3.2-3B-Instruct,"한국어로, 사람들은 미덕에 대해 분쟁을 하는 이유를 연구하는 연구 논문을 작성하고 싶으신가요. 미덕에 대한 분쟁은 다양한 학문과 분야에서 연구가 진행되고 있습니다. 다음은 관련된 학문과 분야를 소개합니다.

1. **정치학 (Political Science)**: 정치학은 미덕에 대한 분쟁을 연구하는 데 중요한 역할을 합니다. 정치학자들은 정치적 시스템, 정치적",crosslingual,sharegpt,ko
369,meta-llama/Llama-3.2-3B-Instruct,"There are several disciplines and fields that produce research relevant to the question of why people disagree about morality. Here are some of the key areas of study:

1. **Philosophy**: Philosophy of ethics, particularly moral philosophy, is a primary field that explores the nature of morality, moral values, and moral principles. Philosophers like Immanuel Kant, John Rawls, and Martha Nussbaum have contributed significantly to the discussion of moral disagreement.
2. **Psychology**: Social psychology, cognitive psychology",crosslingual,sharegpt,ko
370,meta-llama/Llama-3.2-3B-Instruct,"OCAM (Occam's Razor)는 가장 간단한 설명이 가장 가능성이 있는 것을 말하는 개념입니다. 이 개념은 과학적 설명을 단순화하는 데 도움이 될 수 있습니다.

Quantum 물리학의 경우, 현재의 이론은 매우 복잡하고 모호합니다. 예를 들어, 양자역학의 양자역학적 상호작용과 양자역학적 상호작용의 상호작",crosslingual,sharegpt,ko
371,meta-llama/Llama-3.2-3B-Instruct,"OCAM (Occam's Razor)는 가장 đơn순한 설명이 가장 가능성이 있는 것을 말하는 개념입니다. 이 개념은 과학적 설명을 단순화하는 데 도움이 될 수 있습니다.

Quantum 물리학은 현재 가장 복잡한 이론 중 하나입니다. 그러나, 이 이론은 단순화가 가능할 수 있습니다. 예를 들어, Quantum Field Theory (QFT)와 String Theory는 현재 가장 복잡한 이",crosslingual,sharegpt,ko
372,meta-llama/Llama-3.2-3B-Instruct,"저는 미래의 학술 도서관에 대한 생각을 다음과 같이 하겠습니다.

학술 도서관은 지속 가능한 미래를 위해 몇 가지 전략을 수립해야 합니다.

1.  **인터넷 및 디지털 도서관의 발전**: 학술 도서관은 디지털 도서관의 발전을 지속적으로 추진해야 합니다. 디지털 도서관은 학습자들이 쉽게 접근할 수 있는 다양한 자원과",crosslingual,sharegpt,ko
373,meta-llama/Llama-3.2-3B-Instruct,"저는 10년 내에 학술 도서관의 미래에 대해 다음과 같은 생각을 합니다.

1. **인터넷과 AI의 발전**: 10년 내에 인터넷과 AI가 더욱 발전할 것으로 예상됩니다. 이로 인해 학술 도서관은 온라인 리소스를 제공하는 데 더욱 강점을 가지게 될 것입니다. 도서관은 AI를 활용하여 사용자들의 정보를 personalize화하고, 도서관의 리소스를 효",crosslingual,sharegpt,ko
374,meta-llama/Llama-3.2-3B-Instruct,"인피노恩 (Infineon)은 Sensortech의 자회사로, 다양한 센서를 개발하고 판매하는 회사입니다. 인피노恩의 센서 포트폴리오에는 다음과 같은 제품이 포함됩니다.

1. **temperature sensor**: 인피노恩은 다양한 온도 센서를 개발하고 판매합니다. 이들 센서는 온도, 온도 변동, 온도 제어 및 온도 감지에 사용됩니다.
2. **",crosslingual,sharegpt,ko
375,meta-llama/Llama-3.2-3B-Instruct,"인피노恩 (Infineon)은 다양한 센서를 제공하는 독일의 전자제품 제조사입니다. 인피노恩의 센서 포트폴리오는 다음과 같습니다.

1. **전력 센서**: 전력 센서는 전력의 크기, 방향, 시간을 측정하는 데 사용됩니다. 인피노恩의 전력 센서에는 전력의 크기, 방향, 시간, 전압, 전류",crosslingual,sharegpt,ko
376,meta-llama/Llama-3.2-3B-Instruct,"안녕하세요. 안정적 분산 Diffusion(Stable Diffusion)은 Deep Learning-based Image Synthesis 기술 중 하나입니다. 안정적 분산 Diffusion는 Deep Unsupervised Learning(Deep Unsupervised Learning) 기법을 사용하여 분산 Diffusion Process를 사용하여 이미지를 생성합니다.

안정적 분산 Diffusion의 working principle은 다음과 같습니다.

1. **Noise Schedule**: 안정적 분산 Diffusion는 noise schedule을 사용하여 noise",crosslingual,sharegpt,ko
377,meta-llama/Llama-3.2-3B-Instruct,"I'll try to explain the working principle of Stable Diffusion in Korean.

**Stable Diffusion**

Stable Diffusion은 Deep Learning-based Diffusion Model을 사용하여 High-quality Image Synthesis을 위한 새로운 방법입니다. Stable Diffusion은 Diffusion-based Image Synthesis을 위한 Stable Diffusion Model을 사용하여 High-quality Image Synthesis을 제공합니다.

**Diffusion-based Image Synthesis**

Diffusion-based Image Synthesis은 Diffusion Process를 사용하여 Image를 생성합니다.",crosslingual,sharegpt,ko
378,meta-llama/Llama-3.2-3B-Instruct,"스태블 디퓨션(Stable Diffusion)의 작동 원리는 다음과 같습니다.

1. **데이터 세트**: Stable Diffusion은 데이터 세트를 사용하여 모델을 훈련합니다. 데이터 세트에는 이미지를 포함하는 데이터가 포함됩니다. 이 데이터 세트는 모델이 이미지를 생성하는 데 사용할 수 있는 지식과 지침을 제공합니다.
2. **Diffusion-based 모델**: Stable Diffusion은 Diffusion-based 모델을 사용",crosslingual,sharegpt,ko
379,meta-llama/Llama-3.2-3B-Instruct,"Enterprise software companies를 평가하는 Due Diligence에 대한 가장 좋은 분석 방법은 다음과 같습니다.

1. **시장 분석** (Market Analysis) : 
   - 시장 size와 성장 가능성
   - 경쟁자 분석
   - 고객 분석
   - 시장 동향 분석

2. **운영 및 기술 분석** (Operational and Technical Analysis) :
   - 제품 및 서비스의 기능 및 성능
   - 기술 아키텍처와 인",crosslingual,sharegpt,ko
380,meta-llama/Llama-3.2-3B-Instruct,"Enterprise software companies의 Due Diligence 분석을 수행하는 방법에 대해 알려드리겠습니다.

1. **시장 분석** (Market Analysis)
 * 시장 size와 성장률
 * 경쟁자 분석 (Competitor Analysis)
 * 고객 분석 (Customer Analysis)
 * 시장 동향 (Market Trend)
2. **운영 분석** (Operational Analysis)
 * 제품 및 서비스의 기능 및 기능
 * 고객 지원 및 서비스
 * 제품 개발 및 업그레이드의 lịch",crosslingual,sharegpt,ko
381,meta-llama/Llama-3.2-3B-Instruct,"소시ولوج리 오트로미크 아트의 통치의 사회학은 소시ولوج리 오트로미크 아트를 통치의 일종으로 간주하는 사회학적 연구를 다룬다. 이 연구는 소시ولوج리 오트로미크 아트가 통치의 개념과 방법에 미치는 영향을 untersлед으며, 통치의 개념과 방법에 대한 새로운 관점을 제공한다.

소시ولوج리 오",crosslingual,sharegpt,ko
382,meta-llama/Llama-3.2-3B-Instruct,"알고리즘적 인 통치의 사회학은 다음과 같은 방향을 가질 수 있습니다.

1. **알고리즘의 사회적 구성**: 사회학적 관점에서 알고리즘의 사회적 구성에 초점을 맞추어 연구할 수 있습니다. 이는 알고리즘의 사회적 impact를 이해하기 위해 알고리즘의 사회적 구성 요소를 분석하는 것입니다. 예를 들어, 알고리즘의 개발자, 사용자, 사용자",crosslingual,sharegpt,ko
383,meta-llama/Llama-3.2-3B-Instruct,"생명 보험의 저자들은 다음과 같은 주제를 조사합니다.

1. **생명력**: 저자들은 insured의 생명력과 사망의 가능성을 평가합니다. 이에 대한 정보는 생명력 테스트, 건강 상태, 가족 역사, 및 다른 건강 문제에 대한 정보를 포함합니다.
2. **건강 상태**: 저자들은 insured의 건강 상태를 평가합니다. 이에 대한 정보는 의사와 의사와의 의사 consultations",crosslingual,sharegpt,ko
384,meta-llama/Llama-3.2-3B-Instruct,"생명보험의 저자들은 다음과 같은 주제를 조사합니다.

1. **생명보험의 목적**: 저자들은 생명보험의 목적을 조사하여 보험 coverage가 필요하거나 보험 coverage가 필요하지 않는지 결정합니다.
2. **생명보험의 종류**: 저자들은 다양한 생명보험 종류(예: 생명보험, 보험가, 보험가 보험)과 그 특징을 조사하여 적합",crosslingual,sharegpt,ko
385,meta-llama/Llama-3.2-3B-Instruct,"온타리오 주에서 주거, 상업, 교육 기관 건축 회사에 대한 건강 및 안전 요구 사항은 다음과 같습니다.

**주거 건축 회사 (Residential Construction Company)**

1. **건축가 및 건축사 자격**: 건축가 또는 건축사가 자격이 있는 사람으로서 only를 사용할 수 있습니다.
2. **건축물 관리 계획 (Building Plan)**: 건축물의 설계 및 건축물 관리",crosslingual,sharegpt,ko
386,meta-llama/Llama-3.2-3B-Instruct,"Ontario의 주거, 상업, 교육 기관 건설 회사에 대한 보건 및 안전 요구 사항은 다음과 같습니다.

**주거 건설 회사 (Residential Construction Company)**

1. **보건 및 안전 규정**: Ontario Building Code (OBC)과 Ontario Electrical Code (OEC)을 준수해야 합니다.
2. **건설 및 보수 공사**: 건설 및 보수 공사에서 보건 및 안전을 보장하기 위해 다음",crosslingual,sharegpt,ko
387,meta-llama/Llama-3.2-3B-Instruct,"제목: 지구 개발 목표의 도시 계획에 대한 평가: 도전과 기회

개요:

지구 개발 목표 (SDGs)는 2030년까지 세계의 지구 개발을 위한 목표를 정립한 국제 기구의 일환으로, 도시 계획에 대한 평가를 위한 기회를 제공합니다. 이 프로젝트는 도시 계획의 지구 개발 목표에 대한 평가를 위한 연구를 수행하여, 도시 계획의 지구 개발",crosslingual,sharegpt,ko
388,meta-llama/Llama-3.2-3B-Instruct,"**제목:** 지구정책의 도시 planning에 대한 지속 가능한 개발 목표의 구현에 대한 평가: 도전과 기회

**개요:**

지속 가능한 개발 목표 (SDGs)은 2030년까지 세계의 지속 가능한 개발을 달성하기 위한 17개의 목표를 정의한 국제기구의 일환으로, 도시 planning 분야에서 지속 가능한 개발 목표의 구현에 대한 평가를 수행하기",crosslingual,sharegpt,ko
389,meta-llama/Llama-3.2-3B-Instruct,"제목: 지구촌 개발 목표의 implementation에 대한 도시 계획에 대한 평가: 도전과 기회

개요:

지구촌 개발 목표 (SDGs)는 2030년까지 세계의 지구촌 개발을 위한 목표를 정립한 국제기구의 일환으로, 도시 계획에 대한 평가를 위한 기회를 제공합니다. 이 프로젝트는 도시 계획의 지구촌 개발 목표에 대한 평가를 위한 연구를 수행하여",crosslingual,sharegpt,ko
390,meta-llama/Llama-3.2-3B-Instruct,"**데이터베이스 쪼개기 (Database Sharding)**

데이터베이스 쪼개기는 데이터를 여러 개의 작은 데이터베이스로 분할하여 관리하는 기술입니다. 이 기술은 데이터가 lớn할 때 데이터베이스의 크기가 커지지 않도록 도와줍니다.

**데이터베이스 쪼개기 방법**

데이터베이스 쪼개기는 여러 가지 방법으로 수행할 수 있습니다. 다음은",crosslingual,sharegpt,ko
391,meta-llama/Llama-3.2-3B-Instruct,"**데이터베이스 쪼개기(Sharding)**

데이터베이스 쪼개기는 데이터를 여러 개의 작은 데이터베이스로 분할하여 분산된 데이터베이스를 만드는 기술입니다. 이 기술은 데이터베이스의 크기와 사용자 수에 따라 데이터를 분할하여 효율적으로 관리할 수 있습니다.

**데이터베이스 쪼개기 방법**

데이터베이스 쪼개기는 여러 가지",crosslingual,sharegpt,ko
392,meta-llama/Llama-3.2-3B-Instruct,"""Deep-Aligned Convolutional Neural Network for Skeleton-Based Action Recognition and Segmentation""은骨骼 기반 동작 인식 및 분할을 위한 Deep Learning 기반 CNN을 제안한다. 이 논문은骨骼 데이터를 사용하여 동작을 인식하고 분할하는 CNN을 설계한다.

**Architecture**

1. **Input**:骨骼 데이터는 3D 모양으로 3D 모양의 데이터를 2D로 변환",crosslingual,sharegpt,ko
393,meta-llama/Llama-3.2-3B-Instruct,"I'll try to summarize the architecture design of ""Deep-Aligned Convolutional Neural Network for Skeleton-Based Action Recognition and Segmentation"" in Korean.

** paper title: **

* ""Deep-Aligned Convolutional Neural Network for Skeleton-Based Action Recognition and Segmentation""

** abstract: **

* ""This paper proposes a novel deep learning-based approach for skeleton-based action recognition and segmentation using a deep-aligned convolutional neural network. The proposed network consists of a 3D convolutional neural network",crosslingual,sharegpt,ko
394,meta-llama/Llama-3.2-3B-Instruct,"""Deep-Aligned Convolutional Neural Network for Skeleton-Based Action Recognition and Segmentation""은骨骼 기반 행동 인식 및 분리에 대한 Deep Convolutional Neural Network (CNN) 아키텍처를 제안한다. 이 아키텍처는骨骼 데이터를 처리하는 데 사용되는 전통적인 CNN 아키텍처와 다르게,骨骼 데이터를 3D 공간에서 2D 평면으로-aligned한 형태",crosslingual,sharegpt,ko
395,meta-llama/Llama-3.2-3B-Instruct,"한국어로, 대형 conglomerate가 बनन하는 방법은 다음과 같습니다.

1. **기초적 자본을 구축하기**: 대형 conglomerate가 बनन하기 위해서는 기초적 자본을 구축해야 합니다. 이는 자본을 모으는 것, 자금을 조달하는 것, 그리고 자본을 투자하는 것에 대한 경험과 지식을 필요로 합니다.
2. **전문적인 경영진을 고용하기**: 대형",crosslingual,sharegpt,ko
396,meta-llama/Llama-3.2-3B-Instruct,"한국어로, 대규모 conglomerate가 बनन하는 방법은 다음과 같습니다.

1. **기초적 자본을 구축하기**: 대규모 conglomerate가 बनन하기 위해서는 기초적 자본을 구축해야 합니다. 이는 자본을 모으는 것, 자금을 조달하는 것, 그리고 자본을 투자하는 것에 포함됩니다.
2. **다양한 산업에 진출하기**: 대규모 conglomerate가 बनन 위해서",crosslingual,sharegpt,ko
397,meta-llama/Llama-3.2-3B-Instruct,"meal replacement product의 예측을 위해, 다음과 같은 방법을 사용할 수 있습니다.

1. **시장 조사**: 시장 조사에 참여하는 방법으로는 surveys, focus group, market research report, industry reports, industry events, social media, online reviews, customer feedback, etc.를 사용할 수 있습니다.
2. **데이터 분석**: 판매 데이터, 고객 정보, 시장 데이터, 경쟁사 데이터, 경제적 데이터, etc.를 분석하여 판매 예측을 할",crosslingual,sharegpt,ko
398,meta-llama/Llama-3.2-3B-Instruct,"**meal replacement product sales forecast**

**1. Research and Analysis**

*   **Market research**: Conduct market research to understand the current market trends, consumer behavior, and competitor analysis.
*   **Industry reports**: Review industry reports and studies to gain insights into the growth prospects of the meal replacement market.
*   **Customer feedback**: Collect feedback from existing customers to understand their needs, preferences, and pain points.

**2. Historical Data Analysis**

*   **Sales data**: Analyze historical sales",crosslingual,sharegpt,ko
